
  .   ____          _            __ _ _
 /\\ / ___'_ __ _ _(_)_ __  __ _ \ \ \ \
( ( )\___ | '_ | '_| | '_ \/ _` | \ \ \ \
 \\/  ___)| |_)| | | | | || (_| |  ) ) ) )
  '  |____| .__|_| |_|_| |_\__, | / / / /
 =========|_|==============|___/=/_/_/_/

 :: Spring Boot ::                (v3.3.5)

2026-09-29T14:48:53.675+08:00  INFO 4276 --- [seckill-system] [           main] com.ddk.seckill.SeckillApplication       : Starting SeckillApplication v0.0.1-SNAPSHOT using Java 21.0.12.1 with PID 4276 (C:\seckill-system\target\seckill-system-stage5.jar started by Asus in C:\seckill-system)
2026-09-29T14:48:53.684+08:00  INFO 4276 --- [seckill-system] [           main] com.ddk.seckill.SeckillApplication       : The following 1 profile is active: "stage4"
2026-09-29T14:48:56.421+08:00  INFO 4276 --- [seckill-system] [           main] .s.d.r.c.RepositoryConfigurationDelegate : Multiple Spring Data modules found, entering strict repository configuration mode
2026-09-29T14:48:56.426+08:00  INFO 4276 --- [seckill-system] [           main] .s.d.r.c.RepositoryConfigurationDelegate : Bootstrapping Spring Data Redis repositories in DEFAULT mode.
2026-09-29T14:48:56.464+08:00  INFO 4276 --- [seckill-system] [           main] .s.d.r.c.RepositoryConfigurationDelegate : Finished Spring Data repository scanning in 17 ms. Found 0 Redis repository interfaces.
2026-09-29T14:48:58.118+08:00  INFO 4276 --- [seckill-system] [           main] o.s.b.w.embedded.tomcat.TomcatWebServer  : Tomcat initialized with port 18090 (http)
2026-09-29T14:48:58.151+08:00  INFO 4276 --- [seckill-system] [           main] o.apache.catalina.core.StandardService   : Starting service [Tomcat]
2026-09-29T14:48:58.152+08:00  INFO 4276 --- [seckill-system] [           main] o.apache.catalina.core.StandardEngine    : Starting Servlet engine: [Apache Tomcat/10.1.31]
2026-09-29T14:48:58.238+08:00  INFO 4276 --- [seckill-system] [           main] o.a.c.c.C.[Tomcat].[localhost].[/api]    : Initializing Spring embedded WebApplicationContext
2026-09-29T14:48:58.240+08:00  INFO 4276 --- [seckill-system] [           main] w.s.c.ServletWebServerApplicationContext : Root WebApplicationContext: initialization completed in 4409 ms
2026-09-29T14:49:04.396+08:00  INFO 4276 --- [seckill-system] [           main] o.s.b.a.e.web.EndpointLinksResolver      : Exposing 1 endpoint beneath base path '/actuator'
2026-09-29T14:49:04.671+08:00  INFO 4276 --- [seckill-system] [           main] o.s.b.w.embedded.tomcat.TomcatWebServer  : Tomcat started on port 18090 (http) with context path '/api'
2026-09-29T14:49:04.678+08:00  INFO 4276 --- [seckill-system] [           main] o.s.a.r.c.CachingConnectionFactory       : Attempting to connect to: [localhost:5672]
2026-09-29T14:49:04.777+08:00  INFO 4276 --- [seckill-system] [io-18090-exec-1] o.a.c.c.C.[Tomcat].[localhost].[/api]    : Initializing Spring DispatcherServlet 'dispatcherServlet'
2026-09-29T14:49:04.778+08:00  INFO 4276 --- [seckill-system] [io-18090-exec-1] o.s.web.servlet.DispatcherServlet        : Initializing Servlet 'dispatcherServlet'
2026-09-29T14:49:04.780+08:00  INFO 4276 --- [seckill-system] [io-18090-exec-1] o.s.web.servlet.DispatcherServlet        : Completed initialization in 2 ms
2026-09-29T14:49:04.933+08:00  INFO 4276 --- [seckill-system] [           main] o.s.a.r.c.CachingConnectionFactory       : Created new connection: rabbitConnectionFactory#2513155a:0/SimpleConnection@9499643 [delegate=amqp://seckill_app@127.0.0.1:5672/seckill, localPort=47777]
2026-09-29T14:49:05.179+08:00  INFO 4276 --- [seckill-system] [           main] com.ddk.seckill.SeckillApplication       : Started SeckillApplication in 12.391 seconds (process running for 13.539)
2026-09-29T14:49:25.905+08:00  INFO 4276 --- [seckill-system] [io-18090-exec-3] c.d.s.service.ProtectedSeckillService    : submission queued request=7b30b3ac-e97e-3d27-9f93-28a68080280c
2026-09-29T14:49:25.904+08:00  INFO 4276 --- [seckill-system] [io-18090-exec-6] c.d.s.service.ProtectedSeckillService    : submission queued request=e8de806e-cc47-373b-992b-f4fa14510b75
2026-09-29T14:49:25.904+08:00  INFO 4276 --- [seckill-system] [o-18090-exec-10] c.d.s.service.ProtectedSeckillService    : submission queued request=841329bb-62b8-3cfa-8874-5f600ed71f7d
2026-09-29T14:49:25.905+08:00  INFO 4276 --- [seckill-system] [io-18090-exec-2] c.d.s.service.ProtectedSeckillService    : submission queued request=44951dac-7fcf-3099-a76a-2358a0b866fa
2026-09-29T14:49:25.905+08:00  INFO 4276 --- [seckill-system] [io-18090-exec-4] c.d.s.service.ProtectedSeckillService    : submission queued request=b1831b25-7b33-3996-9677-453084342e76
2026-09-29T14:49:25.905+08:00  INFO 4276 --- [seckill-system] [io-18090-exec-8] c.d.s.service.ProtectedSeckillService    : submission queued request=c76eee76-a123-3f36-80c1-27e030d885e8
2026-09-29T14:49:25.899+08:00  INFO 4276 --- [seckill-system] [io-18090-exec-1] c.d.s.service.ProtectedSeckillService    : submission queued request=aceca3e0-d7b1-334e-a3a8-e668e9bed9f5
2026-09-29T14:49:25.904+08:00  INFO 4276 --- [seckill-system] [io-18090-exec-5] c.d.s.service.ProtectedSeckillService    : submission queued request=090c107b-8f30-332a-a1f9-846c177f7b83
2026-09-29T14:49:25.905+08:00  INFO 4276 --- [seckill-system] [io-18090-exec-9] c.d.s.service.ProtectedSeckillService    : submission queued request=4df2cf77-6482-3ac3-8b39-bab97039a2a6
2026-09-29T14:49:25.904+08:00  INFO 4276 --- [seckill-system] [io-18090-exec-7] c.d.s.service.ProtectedSeckillService    : submission queued request=3f717dbb-7bb5-36fe-a60e-24920d8d98f0
2026-09-29T14:49:26.008+08:00  INFO 4276 --- [seckill-system] [io-18090-exec-9] c.d.s.service.ProtectedSeckillService    : submission queued request=8c751762-942e-3222-abeb-0fc4b41a9d9a
2026-09-29T14:49:26.011+08:00  INFO 4276 --- [seckill-system] [o-18090-exec-10] c.d.s.service.ProtectedSeckillService    : submission queued request=39e73e04-094f-3e8e-88db-fc93cfc926c4
2026-09-29T14:49:26.012+08:00  INFO 4276 --- [seckill-system] [io-18090-exec-3] c.d.s.service.ProtectedSeckillService    : submission queued request=4358d3d3-5c12-3f4e-9e76-f5528f297fe4
2026-09-29T14:49:26.014+08:00  INFO 4276 --- [seckill-system] [io-18090-exec-7] c.d.s.service.ProtectedSeckillService    : submission queued request=68c41e0b-8a8e-3189-980a-482141011dc5
2026-09-29T14:49:26.016+08:00  INFO 4276 --- [seckill-system] [io-18090-exec-6] c.d.s.service.ProtectedSeckillService    : submission queued request=73de6617-e395-3b85-8b91-d8c53a05bbf1
2026-09-29T14:49:26.016+08:00  INFO 4276 --- [seckill-system] [io-18090-exec-2] c.d.s.service.ProtectedSeckillService    : submission queued request=ba31f106-5194-3593-889b-79a0f1bef1a6
2026-09-29T14:49:26.017+08:00  INFO 4276 --- [seckill-system] [io-18090-exec-4] c.d.s.service.ProtectedSeckillService    : submission queued request=8337579d-9455-3ebe-b0b1-af60a7eae9ec
2026-09-29T14:49:26.017+08:00  INFO 4276 --- [seckill-system] [io-18090-exec-1] c.d.s.service.ProtectedSeckillService    : submission queued request=a69b9d93-8fc9-3592-8ddf-8f82df5ca2fa
2026-09-29T14:49:26.018+08:00  INFO 4276 --- [seckill-system] [io-18090-exec-8] c.d.s.service.ProtectedSeckillService    : submission queued request=dfce6964-a14c-3a5b-a174-6973791d60ba
2026-09-29T14:49:26.018+08:00  INFO 4276 --- [seckill-system] [io-18090-exec-5] c.d.s.service.ProtectedSeckillService    : submission queued request=784f66ba-fcef-32d2-b7ee-037061e0dad2
2026-09-29T14:49:26.036+08:00  INFO 4276 --- [seckill-system] [io-18090-exec-9] c.d.s.service.ProtectedSeckillService    : submission queued request=e23a5b1f-f1ad-306a-a460-26c7c267ce10
2026-09-29T14:49:26.040+08:00  INFO 4276 --- [seckill-system] [io-18090-exec-3] c.d.s.service.ProtectedSeckillService    : submission queued request=8ce62bd1-dc20-32ae-802f-d93542161217
2026-09-29T14:49:26.042+08:00  INFO 4276 --- [seckill-system] [io-18090-exec-7] c.d.s.service.ProtectedSeckillService    : submission queued request=49145713-47c0-3c41-8724-3c392d0a26cc
2026-09-29T14:49:26.043+08:00  INFO 4276 --- [seckill-system] [o-18090-exec-10] c.d.s.service.ProtectedSeckillService    : submission queued request=543dcdce-bb67-3f0d-b2a0-be3b13de2c7d
2026-09-29T14:49:26.043+08:00  INFO 4276 --- [seckill-system] [io-18090-exec-2] c.d.s.service.ProtectedSeckillService    : submission queued request=d99efc6e-0c99-3448-822f-131176dcdb21
2026-09-29T14:49:26.043+08:00  INFO 4276 --- [seckill-system] [io-18090-exec-1] c.d.s.service.ProtectedSeckillService    : submission queued request=540cc29d-c9bb-3eb5-94ef-b3becf162168
2026-09-29T14:49:26.043+08:00  INFO 4276 --- [seckill-system] [io-18090-exec-5] c.d.s.service.ProtectedSeckillService    : submission queued request=5c22d59d-4526-34f3-9498-10452b2f5dae
2026-09-29T14:49:26.043+08:00  INFO 4276 --- [seckill-system] [io-18090-exec-6] c.d.s.service.ProtectedSeckillService    : submission queued request=749f30ac-cacf-30a2-9eb3-d4705b1f33f2
2026-09-29T14:49:26.043+08:00  INFO 4276 --- [seckill-system] [io-18090-exec-8] c.d.s.service.ProtectedSeckillService    : submission queued request=93137991-fa6d-39cb-bc48-f56988f69acf
2026-09-29T14:49:26.044+08:00  INFO 4276 --- [seckill-system] [io-18090-exec-4] c.d.s.service.ProtectedSeckillService    : submission queued request=60f347db-9483-35d4-a858-0952ea3dbd27
2026-09-29T14:49:26.060+08:00  INFO 4276 --- [seckill-system] [OrderListener-2] com.zaxxer.hikari.HikariDataSource       : HikariPool-1 - Starting...
2026-09-29T14:49:26.060+08:00  INFO 4276 --- [seckill-system] [io-18090-exec-9] c.d.s.service.ProtectedSeckillService    : submission queued request=fe5b3784-a07f-3a04-a9c5-9a4ff5061f3b
2026-09-29T14:49:26.065+08:00  INFO 4276 --- [seckill-system] [io-18090-exec-2] c.d.s.service.ProtectedSeckillService    : submission queued request=28256683-9438-306e-bbf2-baf67bd74daa
2026-09-29T14:49:26.067+08:00  INFO 4276 --- [seckill-system] [io-18090-exec-3] c.d.s.service.ProtectedSeckillService    : submission queued request=4a82e88f-99c1-313f-91bd-d18bb8e3246f
2026-09-29T14:49:26.067+08:00  INFO 4276 --- [seckill-system] [io-18090-exec-6] c.d.s.service.ProtectedSeckillService    : submission queued request=4b7775ee-d629-3995-9eed-af3980f14c95
2026-09-29T14:49:26.067+08:00  INFO 4276 --- [seckill-system] [io-18090-exec-1] c.d.s.service.ProtectedSeckillService    : submission queued request=da2dc851-88ad-342d-bccd-aa7b12ebd668
2026-09-29T14:49:26.069+08:00  INFO 4276 --- [seckill-system] [io-18090-exec-8] c.d.s.service.ProtectedSeckillService    : submission queued request=fa0efd71-bc4c-3323-972d-2e3edf70084e
2026-09-29T14:49:26.070+08:00  INFO 4276 --- [seckill-system] [io-18090-exec-5] c.d.s.service.ProtectedSeckillService    : submission queued request=52802faa-5bb4-3164-b07e-cbe8b70b2a20
2026-09-29T14:49:26.071+08:00  INFO 4276 --- [seckill-system] [o-18090-exec-10] c.d.s.service.ProtectedSeckillService    : submission queued request=c84a4a78-6aee-3161-8173-cb73e3c875e1
2026-09-29T14:49:26.072+08:00  INFO 4276 --- [seckill-system] [io-18090-exec-4] c.d.s.service.ProtectedSeckillService    : submission queued request=ea621352-c406-308d-9eae-f20e72388499
2026-09-29T14:49:26.072+08:00  INFO 4276 --- [seckill-system] [io-18090-exec-7] c.d.s.service.ProtectedSeckillService    : submission queued request=3273adaa-8adf-3872-97c0-35faead2080e
2026-09-29T14:49:26.086+08:00  INFO 4276 --- [seckill-system] [io-18090-exec-9] c.d.s.service.ProtectedSeckillService    : submission queued request=4cb7a33e-52ff-3679-aa68-cf81733382e6
2026-09-29T14:49:26.089+08:00  INFO 4276 --- [seckill-system] [io-18090-exec-2] c.d.s.service.ProtectedSeckillService    : submission queued request=76efb011-8ea5-3738-9f07-c7df1662d322
2026-09-29T14:49:26.091+08:00  INFO 4276 --- [seckill-system] [io-18090-exec-6] c.d.s.service.ProtectedSeckillService    : submission queued request=bb86b190-3380-3a12-a280-ab0206d6fe13
2026-09-29T14:49:26.092+08:00  INFO 4276 --- [seckill-system] [io-18090-exec-7] c.d.s.service.ProtectedSeckillService    : submission queued request=e0e07e11-c598-32f7-a26d-e22311ad414e
2026-09-29T14:49:26.092+08:00  INFO 4276 --- [seckill-system] [io-18090-exec-1] c.d.s.service.ProtectedSeckillService    : submission queued request=fe03d77d-6e13-3087-81cd-4455baa4fc04
2026-09-29T14:49:26.094+08:00  INFO 4276 --- [seckill-system] [io-18090-exec-8] c.d.s.service.ProtectedSeckillService    : submission queued request=1ed0c1e2-e159-38d7-98ed-baec6e9c419e
2026-09-29T14:49:26.094+08:00  INFO 4276 --- [seckill-system] [io-18090-exec-3] c.d.s.service.ProtectedSeckillService    : submission queued request=d1018bd2-7f21-3bb2-92b3-ff04994c6d23
2026-09-29T14:49:26.094+08:00  INFO 4276 --- [seckill-system] [io-18090-exec-5] c.d.s.service.ProtectedSeckillService    : submission queued request=0fbdad09-0cef-3632-8e04-f15254517e8e
2026-09-29T14:49:26.094+08:00  INFO 4276 --- [seckill-system] [io-18090-exec-4] c.d.s.service.ProtectedSeckillService    : submission queued request=266dee58-ae44-38a1-b49a-1619e0829d83
2026-09-29T14:49:26.096+08:00  INFO 4276 --- [seckill-system] [o-18090-exec-10] c.d.s.service.ProtectedSeckillService    : submission queued request=86289aed-8dc2-3bf3-bc42-4bd478ebfcb0
2026-09-29T14:49:26.111+08:00  INFO 4276 --- [seckill-system] [io-18090-exec-9] c.d.s.service.ProtectedSeckillService    : submission queued request=ba84fc6d-bde3-3098-930b-9139d0c74cdf
2026-09-29T14:49:26.114+08:00  INFO 4276 --- [seckill-system] [io-18090-exec-7] c.d.s.service.ProtectedSeckillService    : submission queued request=ef3a9542-18ad-3463-996a-88bdc64ff79d
2026-09-29T14:49:26.116+08:00  INFO 4276 --- [seckill-system] [io-18090-exec-6] c.d.s.service.ProtectedSeckillService    : submission queued request=1de709b2-cf2b-34fa-b082-d8fde354df02
2026-09-29T14:49:26.116+08:00  INFO 4276 --- [seckill-system] [io-18090-exec-2] c.d.s.service.ProtectedSeckillService    : submission queued request=442a4ff6-78c2-387b-a9ab-a7c5a73e5997
2026-09-29T14:49:26.116+08:00  INFO 4276 --- [seckill-system] [io-18090-exec-1] c.d.s.service.ProtectedSeckillService    : submission queued request=82ea1e23-e07e-3fbc-8349-8c5d9c199b5c
2026-09-29T14:49:26.118+08:00  INFO 4276 --- [seckill-system] [io-18090-exec-3] c.d.s.service.ProtectedSeckillService    : submission queued request=daa981b9-e4a7-3826-8109-7f0d3854b10e
2026-09-29T14:49:26.119+08:00  INFO 4276 --- [seckill-system] [io-18090-exec-8] c.d.s.service.ProtectedSeckillService    : submission queued request=4c85422e-7486-32f8-ac19-4339a88f4994
2026-09-29T14:49:26.119+08:00  INFO 4276 --- [seckill-system] [io-18090-exec-4] c.d.s.service.ProtectedSeckillService    : submission queued request=02ae4093-2655-3f0a-b49f-5208b082e0ac
2026-09-29T14:49:26.120+08:00  INFO 4276 --- [seckill-system] [io-18090-exec-5] c.d.s.service.ProtectedSeckillService    : submission queued request=a640dd28-7804-3294-8e86-fafdaf333900
2026-09-29T14:49:26.121+08:00  INFO 4276 --- [seckill-system] [o-18090-exec-10] c.d.s.service.ProtectedSeckillService    : submission queued request=19a1bd5a-4972-3d19-b54c-a78ebef545a2
2026-09-29T14:49:26.135+08:00  INFO 4276 --- [seckill-system] [io-18090-exec-9] c.d.s.service.ProtectedSeckillService    : submission queued request=460bdf8e-2ff5-3ac2-997f-6aef0c8ee7ea
2026-09-29T14:49:26.137+08:00  INFO 4276 --- [seckill-system] [io-18090-exec-1] c.d.s.service.ProtectedSeckillService    : submission queued request=09503bc4-da26-3e76-988f-6c24b96f69cb
2026-09-29T14:49:26.138+08:00  INFO 4276 --- [seckill-system] [io-18090-exec-6] c.d.s.service.ProtectedSeckillService    : submission queued request=84e8a5b1-f063-3c45-a92a-410798d04f6c
2026-09-29T14:49:26.140+08:00  INFO 4276 --- [seckill-system] [io-18090-exec-3] c.d.s.service.ProtectedSeckillService    : submission queued request=3da72c76-9f64-3edc-9b86-fa7288e92d2c
2026-09-29T14:49:26.142+08:00  INFO 4276 --- [seckill-system] [io-18090-exec-7] c.d.s.service.ProtectedSeckillService    : submission queued request=8afae16b-7900-3387-8d7a-06ca97b24d2b
2026-09-29T14:49:26.143+08:00  INFO 4276 --- [seckill-system] [io-18090-exec-8] c.d.s.service.ProtectedSeckillService    : submission queued request=95277027-b29b-34c3-941c-c34a918df346
2026-09-29T14:49:26.143+08:00  INFO 4276 --- [seckill-system] [io-18090-exec-2] c.d.s.service.ProtectedSeckillService    : submission queued request=b373ab6b-c56b-3009-a7dc-8abcb9f41061
2026-09-29T14:49:26.143+08:00  INFO 4276 --- [seckill-system] [io-18090-exec-4] c.d.s.service.ProtectedSeckillService    : submission queued request=57362cc2-6fa5-3e32-a596-9152d2f8c899
2026-09-29T14:49:26.150+08:00  INFO 4276 --- [seckill-system] [io-18090-exec-5] c.d.s.service.ProtectedSeckillService    : submission queued request=30ab8188-8d2d-3baf-8e28-286ad98299e5
2026-09-29T14:49:26.150+08:00  INFO 4276 --- [seckill-system] [o-18090-exec-10] c.d.s.service.ProtectedSeckillService    : submission queued request=8a46aff6-66fa-3e9f-a854-f8cc55a82bff
2026-09-29T14:49:26.152+08:00  INFO 4276 --- [seckill-system] [io-18090-exec-1] c.d.s.service.ProtectedSeckillService    : submission queued request=9dd9d667-b8d9-3dad-953e-5ffa5f037552
2026-09-29T14:49:26.156+08:00  INFO 4276 --- [seckill-system] [io-18090-exec-9] c.d.s.service.ProtectedSeckillService    : submission queued request=7dd6c4d8-5461-3ae8-ac00-7ee48fa90ffe
2026-09-29T14:49:26.158+08:00  INFO 4276 --- [seckill-system] [io-18090-exec-6] c.d.s.service.ProtectedSeckillService    : submission queued request=620576ba-211b-3909-b954-01fbd67aac94
2026-09-29T14:49:26.167+08:00  INFO 4276 --- [seckill-system] [io-18090-exec-3] c.d.s.service.ProtectedSeckillService    : submission queued request=6a2d7270-7a6f-3d41-aedb-65eea57ec425
2026-09-29T14:49:26.173+08:00  INFO 4276 --- [seckill-system] [io-18090-exec-8] c.d.s.service.ProtectedSeckillService    : submission queued request=e12a26bc-3a9b-3dc0-90f0-6712769a8193
2026-09-29T14:49:26.175+08:00  INFO 4276 --- [seckill-system] [io-18090-exec-7] c.d.s.service.ProtectedSeckillService    : submission queued request=95f0cdc9-c871-3b30-b52e-b3cfb214db4c
2026-09-29T14:49:26.175+08:00  INFO 4276 --- [seckill-system] [io-18090-exec-4] c.d.s.service.ProtectedSeckillService    : submission queued request=8c392311-b75d-3e55-9564-baffd48911f5
2026-09-29T14:49:26.177+08:00  INFO 4276 --- [seckill-system] [io-18090-exec-2] c.d.s.service.ProtectedSeckillService    : submission queued request=db3b883e-d775-3e7a-8790-11506b63c54d
2026-09-29T14:49:26.177+08:00  INFO 4276 --- [seckill-system] [io-18090-exec-5] c.d.s.service.ProtectedSeckillService    : submission queued request=b28a3307-214d-3f82-951e-b6366a40fe17
2026-09-29T14:49:26.178+08:00  INFO 4276 --- [seckill-system] [o-18090-exec-10] c.d.s.service.ProtectedSeckillService    : submission queued request=3d9f97f9-f612-3210-8f42-f0037c9631d7
2026-09-29T14:49:26.178+08:00  INFO 4276 --- [seckill-system] [io-18090-exec-1] c.d.s.service.ProtectedSeckillService    : submission queued request=54a07a16-7fcf-36d3-98d3-4aff3393ce56
2026-09-29T14:49:26.179+08:00  INFO 4276 --- [seckill-system] [io-18090-exec-9] c.d.s.service.ProtectedSeckillService    : submission queued request=015dee1b-751d-38d5-ae63-444db38f7606
2026-09-29T14:49:26.179+08:00  INFO 4276 --- [seckill-system] [io-18090-exec-6] c.d.s.service.ProtectedSeckillService    : submission queued request=17563f00-033c-3d11-972a-fe8357fe908b
2026-09-29T14:49:26.193+08:00  INFO 4276 --- [seckill-system] [io-18090-exec-3] c.d.s.service.ProtectedSeckillService    : submission queued request=98e4d46b-1e35-302c-a990-f1cb03205e45
2026-09-29T14:49:26.196+08:00  INFO 4276 --- [seckill-system] [io-18090-exec-8] c.d.s.service.ProtectedSeckillService    : submission queued request=9ba2e13b-fa7b-34fa-938b-1fe7cd7d645f
2026-09-29T14:49:26.197+08:00  INFO 4276 --- [seckill-system] [io-18090-exec-4] c.d.s.service.ProtectedSeckillService    : submission queued request=f43cb9b4-6097-3af8-99ff-b283a2d1f3c3
2026-09-29T14:49:26.197+08:00  INFO 4276 --- [seckill-system] [io-18090-exec-5] c.d.s.service.ProtectedSeckillService    : submission queued request=20b6f480-e49c-319a-9a67-f77e78125cc4
2026-09-29T14:49:26.198+08:00  INFO 4276 --- [seckill-system] [io-18090-exec-1] c.d.s.service.ProtectedSeckillService    : submission queued request=b303c846-639f-349c-aeb0-a1fb3869a882
2026-09-29T14:49:26.198+08:00  INFO 4276 --- [seckill-system] [io-18090-exec-2] c.d.s.service.ProtectedSeckillService    : submission queued request=cf4a46ef-d705-3c7c-95e1-d457104b7c59
2026-09-29T14:49:26.198+08:00  INFO 4276 --- [seckill-system] [o-18090-exec-10] c.d.s.service.ProtectedSeckillService    : submission queued request=6472010d-1612-3015-a36d-af4cdd6b9a86
2026-09-29T14:49:26.199+08:00  INFO 4276 --- [seckill-system] [io-18090-exec-7] c.d.s.service.ProtectedSeckillService    : submission queued request=4d3f5621-1510-383d-a63c-a931a367bd2d
2026-09-29T14:49:26.200+08:00  INFO 4276 --- [seckill-system] [io-18090-exec-6] c.d.s.service.ProtectedSeckillService    : submission queued request=66dbd156-b484-36a1-8113-101d54b08dff
2026-09-29T14:49:26.200+08:00  INFO 4276 --- [seckill-system] [io-18090-exec-9] c.d.s.service.ProtectedSeckillService    : submission queued request=5f58f132-c2c0-36cc-9ccb-9bf30dec9d2b
2026-09-29T14:49:26.213+08:00  INFO 4276 --- [seckill-system] [io-18090-exec-3] c.d.s.service.ProtectedSeckillService    : submission queued request=a591c3dc-97b4-31f1-b84f-c8a59a34687b
2026-09-29T14:49:26.216+08:00  INFO 4276 --- [seckill-system] [io-18090-exec-8] c.d.s.service.ProtectedSeckillService    : submission queued request=04733a13-4be7-33e8-a678-ad2e2aa1ad92
2026-09-29T14:49:26.217+08:00  INFO 4276 --- [seckill-system] [io-18090-exec-4] c.d.s.service.ProtectedSeckillService    : submission queued request=b40aec69-f3e5-3eca-bf70-2ded748d5549
2026-09-29T14:49:26.226+08:00  INFO 4276 --- [seckill-system] [io-18090-exec-9] c.d.s.service.ProtectedSeckillService    : submission queued request=5b1cf32a-0433-3d01-bc51-56b136cd12be
2026-09-29T14:49:26.226+08:00  INFO 4276 --- [seckill-system] [io-18090-exec-2] c.d.s.service.ProtectedSeckillService    : submission queued request=621cbe4c-fa3c-370d-8b3d-8d2c448df2b7
2026-09-29T14:49:26.226+08:00  INFO 4276 --- [seckill-system] [io-18090-exec-6] c.d.s.service.ProtectedSeckillService    : submission queued request=a73d600c-c3e4-334a-94d4-956df9036aae
2026-09-29T14:49:26.226+08:00  INFO 4276 --- [seckill-system] [io-18090-exec-5] c.d.s.service.ProtectedSeckillService    : submission queued request=482a0fa5-5ed5-3c19-922b-59ba2eb6e95e
2026-09-29T14:49:26.226+08:00  INFO 4276 --- [seckill-system] [io-18090-exec-7] c.d.s.service.ProtectedSeckillService    : submission queued request=d9d2b6bb-4abc-3a50-8909-dad63a15b7b4
2026-09-29T14:49:26.226+08:00  INFO 4276 --- [seckill-system] [o-18090-exec-10] c.d.s.service.ProtectedSeckillService    : submission queued request=e4d28206-690b-3830-bc89-58e6bab02521
2026-09-29T14:49:26.226+08:00  INFO 4276 --- [seckill-system] [io-18090-exec-1] c.d.s.service.ProtectedSeckillService    : submission queued request=90d0b600-9208-3dd0-b85a-6abfbd192517
2026-09-29T14:49:26.229+08:00  INFO 4276 --- [seckill-system] [io-18090-exec-3] c.d.s.service.ProtectedSeckillService    : submission queued request=9b015275-b78c-3169-a478-59395e44f78a
2026-09-29T14:49:26.230+08:00  INFO 4276 --- [seckill-system] [io-18090-exec-8] c.d.s.service.ProtectedSeckillService    : submission queued request=e1cf8755-453b-3b8d-bd75-6cedfef9c6bc
2026-09-29T14:49:26.232+08:00  INFO 4276 --- [seckill-system] [io-18090-exec-4] c.d.s.service.ProtectedSeckillService    : submission queued request=615d7370-53bd-32fb-8d3f-191f165ea375
2026-09-29T14:49:26.247+08:00  INFO 4276 --- [seckill-system] [io-18090-exec-7] c.d.s.service.ProtectedSeckillService    : submission queued request=96d57b55-d24f-38be-9091-ee89da0ea4c7
2026-09-29T14:49:26.248+08:00  INFO 4276 --- [seckill-system] [io-18090-exec-3] c.d.s.service.ProtectedSeckillService    : submission queued request=afc275f6-632b-3590-b908-d64907149b44
2026-09-29T14:49:26.248+08:00  INFO 4276 --- [seckill-system] [io-18090-exec-6] c.d.s.service.ProtectedSeckillService    : submission queued request=dde98ff2-ca72-3778-9514-d19c1ca0f7c0
2026-09-29T14:49:26.248+08:00  INFO 4276 --- [seckill-system] [io-18090-exec-9] c.d.s.service.ProtectedSeckillService    : submission queued request=5d84611d-f246-3a22-a3a9-8729d6f0e77c
2026-09-29T14:49:26.248+08:00  INFO 4276 --- [seckill-system] [io-18090-exec-5] c.d.s.service.ProtectedSeckillService    : submission queued request=736e9829-beb2-30a2-8c17-8b9f72353129
2026-09-29T14:49:26.250+08:00  INFO 4276 --- [seckill-system] [io-18090-exec-2] c.d.s.service.ProtectedSeckillService    : submission queued request=65b939e6-f9fc-3bb6-9a04-c800f4039b32
2026-09-29T14:49:26.250+08:00  INFO 4276 --- [seckill-system] [io-18090-exec-1] c.d.s.service.ProtectedSeckillService    : submission queued request=0b0ccfc7-a5a2-35fa-ba2b-78e20efafae0
2026-09-29T14:49:26.250+08:00  INFO 4276 --- [seckill-system] [io-18090-exec-4] c.d.s.service.ProtectedSeckillService    : submission queued request=d2715a47-908c-3d51-9e28-60351e37344a
2026-09-29T14:49:26.250+08:00  INFO 4276 --- [seckill-system] [io-18090-exec-8] c.d.s.service.ProtectedSeckillService    : submission queued request=1784bcfb-280e-3c30-a815-5def6e369ad7
2026-09-29T14:49:26.250+08:00  INFO 4276 --- [seckill-system] [o-18090-exec-10] c.d.s.service.ProtectedSeckillService    : submission queued request=2a9b2a04-a8b5-3597-905a-918531a6f251
2026-09-29T14:49:26.268+08:00  INFO 4276 --- [seckill-system] [io-18090-exec-7] c.d.s.service.ProtectedSeckillService    : submission queued request=90f0214e-9aa0-3191-8ce9-4ecb92a7f164
2026-09-29T14:49:26.270+08:00  INFO 4276 --- [seckill-system] [o-18090-exec-10] c.d.s.service.ProtectedSeckillService    : submission queued request=a6a7ddc2-74c4-33ed-b870-5909b6ca34e6
2026-09-29T14:49:26.270+08:00  INFO 4276 --- [seckill-system] [io-18090-exec-5] c.d.s.service.ProtectedSeckillService    : submission queued request=5fa47dcb-6791-39ce-b5af-8514c22c6b3f
2026-09-29T14:49:26.270+08:00  INFO 4276 --- [seckill-system] [io-18090-exec-3] c.d.s.service.ProtectedSeckillService    : submission queued request=334a7c16-fc51-33ea-804b-7c2c6a144d9d
2026-09-29T14:49:26.270+08:00  INFO 4276 --- [seckill-system] [io-18090-exec-4] c.d.s.service.ProtectedSeckillService    : submission queued request=2efb7c97-eb49-37f5-a249-fdcdc3ba23ac
2026-09-29T14:49:26.270+08:00  INFO 4276 --- [seckill-system] [io-18090-exec-1] c.d.s.service.ProtectedSeckillService    : submission queued request=5a2c0052-6961-3bca-ad53-320254d04f8f
2026-09-29T14:49:26.271+08:00  INFO 4276 --- [seckill-system] [io-18090-exec-2] c.d.s.service.ProtectedSeckillService    : submission queued request=8dcac2ce-c700-3afe-959a-b40642d93101
2026-09-29T14:49:26.271+08:00  INFO 4276 --- [seckill-system] [io-18090-exec-9] c.d.s.service.ProtectedSeckillService    : submission queued request=00a8c7ae-e6fa-30df-813d-d7e3f1cce7b3
2026-09-29T14:49:26.279+08:00  INFO 4276 --- [seckill-system] [io-18090-exec-6] c.d.s.service.ProtectedSeckillService    : submission queued request=06c9dd6d-3d04-333f-a10e-c30490eb9a4c
2026-09-29T14:49:26.280+08:00  INFO 4276 --- [seckill-system] [io-18090-exec-8] c.d.s.service.ProtectedSeckillService    : submission queued request=e8f30218-6ef8-3723-a9d1-ceb31f7e203f
2026-09-29T14:49:26.290+08:00  INFO 4276 --- [seckill-system] [io-18090-exec-7] c.d.s.service.ProtectedSeckillService    : submission queued request=72110afe-9eec-37cc-9c4f-224942bc27ad
2026-09-29T14:49:26.292+08:00  INFO 4276 --- [seckill-system] [io-18090-exec-1] c.d.s.service.ProtectedSeckillService    : submission queued request=59f1b61b-db87-30ca-9eb9-ec55299fb594
2026-09-29T14:49:26.293+08:00  INFO 4276 --- [seckill-system] [io-18090-exec-2] c.d.s.service.ProtectedSeckillService    : submission queued request=a1616b31-33ed-3579-bbce-b71941121b8b
2026-09-29T14:49:26.293+08:00  INFO 4276 --- [seckill-system] [io-18090-exec-4] c.d.s.service.ProtectedSeckillService    : submission queued request=38880ebb-cdf1-3eea-b601-346198a5e6da
2026-09-29T14:49:26.294+08:00  INFO 4276 --- [seckill-system] [io-18090-exec-5] c.d.s.service.ProtectedSeckillService    : submission queued request=6e9c70a4-1b2a-3e52-a5bc-ecc0b2110e99
2026-09-29T14:49:26.294+08:00  INFO 4276 --- [seckill-system] [io-18090-exec-9] c.d.s.service.ProtectedSeckillService    : submission queued request=8bde7c3c-2087-3270-bb24-bd4fcf899817
2026-09-29T14:49:26.294+08:00  INFO 4276 --- [seckill-system] [o-18090-exec-10] c.d.s.service.ProtectedSeckillService    : submission queued request=ac08c9e8-45a9-30be-91b4-97a3d54dac15
2026-09-29T14:49:26.294+08:00  INFO 4276 --- [seckill-system] [io-18090-exec-3] c.d.s.service.ProtectedSeckillService    : submission queued request=5164e8c5-930e-344b-9f42-cb546787c49b
2026-09-29T14:49:26.296+08:00  INFO 4276 --- [seckill-system] [io-18090-exec-6] c.d.s.service.ProtectedSeckillService    : submission queued request=724f940d-6f4a-316a-8ffe-f53ebc4e8ae4
2026-09-29T14:49:26.297+08:00  INFO 4276 --- [seckill-system] [io-18090-exec-8] c.d.s.service.ProtectedSeckillService    : submission queued request=1163d0b3-c363-341a-825d-ac2c375bff58
2026-09-29T14:49:26.312+08:00  INFO 4276 --- [seckill-system] [io-18090-exec-4] c.d.s.service.ProtectedSeckillService    : submission queued request=eed48d6a-8f76-3dfa-b5cd-02cd96ad9f27
2026-09-29T14:49:26.313+08:00  INFO 4276 --- [seckill-system] [io-18090-exec-3] c.d.s.service.ProtectedSeckillService    : submission queued request=e7c340bd-8436-370f-a2ba-c4bb28b2fc3e
2026-09-29T14:49:26.321+08:00  INFO 4276 --- [seckill-system] [io-18090-exec-2] c.d.s.service.ProtectedSeckillService    : submission queued request=8957820b-7070-3647-8c92-b54a2c63f296
2026-09-29T14:49:26.321+08:00  INFO 4276 --- [seckill-system] [io-18090-exec-9] c.d.s.service.ProtectedSeckillService    : submission queued request=c95c3787-e2d9-3ff4-931e-fa72034f1845
2026-09-29T14:49:26.321+08:00  INFO 4276 --- [seckill-system] [io-18090-exec-8] c.d.s.service.ProtectedSeckillService    : submission queued request=104436a4-aa22-331e-9235-5fe9a4016f9c
2026-09-29T14:49:26.321+08:00  INFO 4276 --- [seckill-system] [io-18090-exec-1] c.d.s.service.ProtectedSeckillService    : submission queued request=17fa237d-9d5a-3b86-97c5-7b6c5426dc4c
2026-09-29T14:49:26.321+08:00  INFO 4276 --- [seckill-system] [io-18090-exec-7] c.d.s.service.ProtectedSeckillService    : submission queued request=4c3ba697-2bba-34da-b79b-591f88f9ba76
2026-09-29T14:49:26.321+08:00  INFO 4276 --- [seckill-system] [io-18090-exec-5] c.d.s.service.ProtectedSeckillService    : submission queued request=f741568d-324f-3807-85f7-0cc3559772b8
2026-09-29T14:49:26.321+08:00  INFO 4276 --- [seckill-system] [o-18090-exec-10] c.d.s.service.ProtectedSeckillService    : submission queued request=82170712-cc34-392e-a169-a2a5e3c9c0da
2026-09-29T14:49:26.325+08:00  INFO 4276 --- [seckill-system] [io-18090-exec-6] c.d.s.service.ProtectedSeckillService    : submission queued request=590e6bf4-63a5-39df-b1eb-5b3946a77e45
2026-09-29T14:49:26.328+08:00  INFO 4276 --- [seckill-system] [io-18090-exec-3] c.d.s.service.ProtectedSeckillService    : submission queued request=2fae35d0-50bd-3cf0-9714-66e36761a35a
2026-09-29T14:49:26.329+08:00  INFO 4276 --- [seckill-system] [io-18090-exec-4] c.d.s.service.ProtectedSeckillService    : submission queued request=e051dae7-227e-3219-abf2-f8a84a5ff626
2026-09-29T14:49:26.338+08:00  INFO 4276 --- [seckill-system] [io-18090-exec-5] c.d.s.service.ProtectedSeckillService    : submission queued request=2b670404-b589-3c17-94ba-90db938fa1f8
2026-09-29T14:49:26.339+08:00  INFO 4276 --- [seckill-system] [io-18090-exec-7] c.d.s.service.ProtectedSeckillService    : submission queued request=9b0d1d21-9684-3d34-89bb-08e0b99807e6
2026-09-29T14:49:26.342+08:00  INFO 4276 --- [seckill-system] [io-18090-exec-1] c.d.s.service.ProtectedSeckillService    : submission queued request=c7d66cab-5330-3d5a-a769-f68c5188ca52
2026-09-29T14:49:26.342+08:00  INFO 4276 --- [seckill-system] [io-18090-exec-6] c.d.s.service.ProtectedSeckillService    : submission queued request=95eaad19-79d1-3ba4-94d7-ddab8dfa43e7
2026-09-29T14:49:26.342+08:00  INFO 4276 --- [seckill-system] [io-18090-exec-8] c.d.s.service.ProtectedSeckillService    : submission queued request=407604a5-9159-3f1d-a84f-4ad66b8ca60a
2026-09-29T14:49:26.342+08:00  INFO 4276 --- [seckill-system] [io-18090-exec-2] c.d.s.service.ProtectedSeckillService    : submission queued request=a649e8ae-904f-35f4-ac74-0829686bfd8e
2026-09-29T14:49:26.343+08:00  INFO 4276 --- [seckill-system] [o-18090-exec-10] c.d.s.service.ProtectedSeckillService    : submission queued request=1c2d6aa9-ab57-32e1-9b8a-3a5f8d5d9a97
2026-09-29T14:49:26.343+08:00  INFO 4276 --- [seckill-system] [io-18090-exec-9] c.d.s.service.ProtectedSeckillService    : submission queued request=23eca033-80cb-3d60-b77a-d44e4cc54427
2026-09-29T14:49:26.345+08:00  INFO 4276 --- [seckill-system] [io-18090-exec-4] c.d.s.service.ProtectedSeckillService    : submission queued request=03dfb0b5-af48-3705-9b03-0d89c70a9ccb
2026-09-29T14:49:26.347+08:00  INFO 4276 --- [seckill-system] [io-18090-exec-3] c.d.s.service.ProtectedSeckillService    : submission queued request=cad66203-1a97-31a9-8f50-e7398c7640a4
2026-09-29T14:49:26.358+08:00  INFO 4276 --- [seckill-system] [io-18090-exec-5] c.d.s.service.ProtectedSeckillService    : submission queued request=bd35c340-4bd3-300c-8513-081b8dc2561e
2026-09-29T14:49:26.359+08:00  INFO 4276 --- [seckill-system] [io-18090-exec-7] c.d.s.service.ProtectedSeckillService    : submission queued request=f0811cdb-7ce2-3902-84d8-04f8bdb47f7d
2026-09-29T14:49:26.360+08:00  INFO 4276 --- [seckill-system] [io-18090-exec-2] c.d.s.service.ProtectedSeckillService    : submission queued request=a90c6dab-ac32-31ee-8f6d-a1d65f041833
2026-09-29T14:49:26.362+08:00  INFO 4276 --- [seckill-system] [io-18090-exec-1] c.d.s.service.ProtectedSeckillService    : submission queued request=a4c9d519-b5ae-3620-8004-4b7099d2c3f0
2026-09-29T14:49:26.362+08:00  INFO 4276 --- [seckill-system] [io-18090-exec-6] c.d.s.service.ProtectedSeckillService    : submission queued request=324e22df-bdd0-3b1d-96ed-6d66149de6eb
2026-09-29T14:49:26.362+08:00  INFO 4276 --- [seckill-system] [io-18090-exec-8] c.d.s.service.ProtectedSeckillService    : submission queued request=8d927bad-a336-3a5a-83e5-28b7dc373da5
2026-09-29T14:49:26.362+08:00  INFO 4276 --- [seckill-system] [o-18090-exec-10] c.d.s.service.ProtectedSeckillService    : submission queued request=371d06fa-3420-385b-b182-ec55d2b225d7
2026-09-29T14:49:26.362+08:00  INFO 4276 --- [seckill-system] [io-18090-exec-9] c.d.s.service.ProtectedSeckillService    : submission queued request=4cb78147-a05d-30fb-88c6-e66da1e62ab8
2026-09-29T14:49:26.362+08:00  INFO 4276 --- [seckill-system] [io-18090-exec-4] c.d.s.service.ProtectedSeckillService    : submission queued request=296f35a1-c9f9-315d-8b70-87714b35aafc
2026-09-29T14:49:26.363+08:00  INFO 4276 --- [seckill-system] [io-18090-exec-3] c.d.s.service.ProtectedSeckillService    : submission queued request=05decbeb-51e3-3f47-ae25-fef6808273b1
2026-09-29T14:49:26.376+08:00  INFO 4276 --- [seckill-system] [io-18090-exec-5] c.d.s.service.ProtectedSeckillService    : submission queued request=564f3c97-07b6-3bc1-979d-3d4049483b5b
2026-09-29T14:49:26.378+08:00  INFO 4276 --- [seckill-system] [io-18090-exec-2] c.d.s.service.ProtectedSeckillService    : submission queued request=31cffff6-9c93-3f7a-b3e3-d4f539dc9530
2026-09-29T14:49:26.379+08:00  INFO 4276 --- [seckill-system] [io-18090-exec-7] c.d.s.service.ProtectedSeckillService    : submission queued request=947449b4-7722-3aba-93b4-9b85063b471e
2026-09-29T14:49:26.380+08:00  INFO 4276 --- [seckill-system] [o-18090-exec-10] c.d.s.service.ProtectedSeckillService    : submission queued request=100fbbf7-4ee7-347b-ab59-bd43b2ac28f1
2026-09-29T14:49:26.380+08:00  INFO 4276 --- [seckill-system] [io-18090-exec-9] c.d.s.service.ProtectedSeckillService    : submission queued request=1ed4f329-8046-3f1e-8b49-9c1675c0b861
2026-09-29T14:49:26.381+08:00  INFO 4276 --- [seckill-system] [io-18090-exec-1] c.d.s.service.ProtectedSeckillService    : submission queued request=e229d0da-62ee-3ce5-aefe-013a7d78b5fc
2026-09-29T14:49:26.382+08:00  INFO 4276 --- [seckill-system] [io-18090-exec-8] c.d.s.service.ProtectedSeckillService    : submission queued request=ef28df64-ed14-39e3-8a2f-bf7db98d2e5c
2026-09-29T14:49:26.384+08:00  INFO 4276 --- [seckill-system] [io-18090-exec-4] c.d.s.service.ProtectedSeckillService    : submission queued request=12ab02e2-b36e-3e48-83db-2d64170a1ecd
2026-09-29T14:49:26.385+08:00  INFO 4276 --- [seckill-system] [io-18090-exec-3] c.d.s.service.ProtectedSeckillService    : submission queued request=5ce25fb3-deab-3282-812d-81ad55b1c3fa
2026-09-29T14:49:26.385+08:00  INFO 4276 --- [seckill-system] [io-18090-exec-6] c.d.s.service.ProtectedSeckillService    : submission queued request=d59b4f88-da4b-3248-84d1-98bd27363646
2026-09-29T14:49:26.392+08:00  INFO 4276 --- [seckill-system] [io-18090-exec-5] c.d.s.service.ProtectedSeckillService    : submission queued request=14ea2bd2-dfc2-3d96-8225-a9bc718fcaf3
2026-09-29T14:49:26.394+08:00  INFO 4276 --- [seckill-system] [io-18090-exec-7] c.d.s.service.ProtectedSeckillService    : submission queued request=b3bb7198-2bea-3eba-9fe8-1c622ff4bbb0
2026-09-29T14:49:26.396+08:00  INFO 4276 --- [seckill-system] [io-18090-exec-2] c.d.s.service.ProtectedSeckillService    : submission queued request=6411c92b-7956-3316-bd53-a134eac69169
2026-09-29T14:49:26.398+08:00  INFO 4276 --- [seckill-system] [io-18090-exec-8] c.d.s.service.ProtectedSeckillService    : submission queued request=b0076404-d70a-3a85-832c-6650398131e8
2026-09-29T14:49:26.398+08:00  INFO 4276 --- [seckill-system] [o-18090-exec-10] c.d.s.service.ProtectedSeckillService    : submission queued request=a10e8d85-7831-309b-bdd3-3a3607548fb7
2026-09-29T14:49:26.400+08:00  INFO 4276 --- [seckill-system] [io-18090-exec-1] c.d.s.service.ProtectedSeckillService    : submission queued request=24976f1b-11c6-3bf6-b65d-9fa7a26c01ca
2026-09-29T14:49:26.400+08:00  INFO 4276 --- [seckill-system] [io-18090-exec-9] c.d.s.service.ProtectedSeckillService    : submission queued request=0c702c27-b7d0-3034-957c-5efc4cf0ca4f
2026-09-29T14:49:26.400+08:00  INFO 4276 --- [seckill-system] [io-18090-exec-4] c.d.s.service.ProtectedSeckillService    : submission queued request=b78f7224-656b-3a07-8b60-f03d9aa291ba
2026-09-29T14:49:26.409+08:00  INFO 4276 --- [seckill-system] [io-18090-exec-6] c.d.s.service.ProtectedSeckillService    : submission queued request=369c356d-873a-347b-b35c-e88bb87d2786
2026-09-29T14:49:26.409+08:00  INFO 4276 --- [seckill-system] [io-18090-exec-3] c.d.s.service.ProtectedSeckillService    : submission queued request=16392642-4759-376c-9e75-f33368e1e424
2026-09-29T14:49:26.411+08:00  INFO 4276 --- [seckill-system] [io-18090-exec-5] c.d.s.service.ProtectedSeckillService    : submission queued request=724126e3-f242-3cab-bda4-9972a512707b
2026-09-29T14:49:26.413+08:00  INFO 4276 --- [seckill-system] [io-18090-exec-7] c.d.s.service.ProtectedSeckillService    : submission queued request=2f12aea2-0e43-3e96-8f2b-798494e2fc28
2026-09-29T14:49:26.414+08:00  INFO 4276 --- [seckill-system] [io-18090-exec-2] c.d.s.service.ProtectedSeckillService    : submission queued request=8f2143e1-bfcb-3076-ba23-d7d2ce339f16
2026-09-29T14:49:26.416+08:00  INFO 4276 --- [seckill-system] [o-18090-exec-10] c.d.s.service.ProtectedSeckillService    : submission queued request=a11d0a49-f39f-31dd-8168-1557da2daa96
2026-09-29T14:49:26.427+08:00  INFO 4276 --- [seckill-system] [io-18090-exec-3] c.d.s.service.ProtectedSeckillService    : submission queued request=3d6d9839-6615-380c-802c-68d1c0f776e4
2026-09-29T14:49:26.428+08:00  INFO 4276 --- [seckill-system] [io-18090-exec-6] c.d.s.service.ProtectedSeckillService    : submission queued request=40b3f6a4-a96f-38f6-83e3-d20acab2325d
2026-09-29T14:49:26.429+08:00  INFO 4276 --- [seckill-system] [io-18090-exec-5] c.d.s.service.ProtectedSeckillService    : submission queued request=225f3644-b82f-3403-ae97-490b7568d807
2026-09-29T14:49:26.445+08:00  INFO 4276 --- [seckill-system] [o-18090-exec-10] c.d.s.service.ProtectedSeckillService    : submission queued request=44102026-eb16-3fa7-b5cf-9b55b2e29e27
2026-09-29T14:49:26.573+08:00  INFO 4276 --- [seckill-system] [io-18090-exec-2] c.d.s.service.ProtectedSeckillService    : submission queued request=d6606130-0b36-3405-8ec1-23535bbd4b82
2026-09-29T14:49:27.132+08:00  INFO 4276 --- [seckill-system] [OrderListener-2] com.zaxxer.hikari.pool.HikariPool        : HikariPool-1 - Added connection com.mysql.cj.jdbc.ConnectionImpl@744a6d98
2026-09-29T14:49:27.139+08:00  INFO 4276 --- [seckill-system] [OrderListener-2] com.zaxxer.hikari.HikariDataSource       : HikariPool-1 - Start completed.
2026-09-29T14:49:27.536+08:00  INFO 4276 --- [seckill-system] [OrderListener-1] c.d.seckill.service.AsyncOrderConsumer   : order committed request=841329bb-62b8-3cfa-8874-5f600ed71f7d order=132852
2026-09-29T14:49:27.537+08:00  INFO 4276 --- [seckill-system] [OrderListener-2] c.d.seckill.service.AsyncOrderConsumer   : order committed request=aceca3e0-d7b1-334e-a3a8-e668e9bed9f5 order=132853
2026-09-29T14:49:27.562+08:00  INFO 4276 --- [seckill-system] [OrderListener-1] c.d.seckill.service.AsyncOrderConsumer   : order committed request=c76eee76-a123-3f36-80c1-27e030d885e8 order=132855
2026-09-29T14:49:27.562+08:00  INFO 4276 --- [seckill-system] [OrderListener-2] c.d.seckill.service.AsyncOrderConsumer   : order committed request=4df2cf77-6482-3ac3-8b39-bab97039a2a6 order=132854
2026-09-29T14:49:27.581+08:00  INFO 4276 --- [seckill-system] [OrderListener-1] c.d.seckill.service.AsyncOrderConsumer   : order committed request=3f717dbb-7bb5-36fe-a60e-24920d8d98f0 order=132856
2026-09-29T14:49:27.581+08:00  INFO 4276 --- [seckill-system] [OrderListener-2] c.d.seckill.service.AsyncOrderConsumer   : order committed request=44951dac-7fcf-3099-a76a-2358a0b866fa order=132857
2026-09-29T14:49:27.602+08:00  INFO 4276 --- [seckill-system] [OrderListener-1] c.d.seckill.service.AsyncOrderConsumer   : order committed request=e8de806e-cc47-373b-992b-f4fa14510b75 order=132858
2026-09-29T14:49:27.604+08:00  INFO 4276 --- [seckill-system] [OrderListener-2] c.d.seckill.service.AsyncOrderConsumer   : order committed request=b1831b25-7b33-3996-9677-453084342e76 order=132859
2026-09-29T14:49:27.621+08:00  INFO 4276 --- [seckill-system] [OrderListener-1] c.d.seckill.service.AsyncOrderConsumer   : order committed request=7b30b3ac-e97e-3d27-9f93-28a68080280c order=132860
2026-09-29T14:49:27.622+08:00  INFO 4276 --- [seckill-system] [OrderListener-2] c.d.seckill.service.AsyncOrderConsumer   : order committed request=090c107b-8f30-332a-a1f9-846c177f7b83 order=132861
2026-09-29T14:49:27.639+08:00  INFO 4276 --- [seckill-system] [OrderListener-1] c.d.seckill.service.AsyncOrderConsumer   : order committed request=39e73e04-094f-3e8e-88db-fc93cfc926c4 order=132862
2026-09-29T14:49:27.640+08:00  INFO 4276 --- [seckill-system] [OrderListener-2] c.d.seckill.service.AsyncOrderConsumer   : order committed request=8c751762-942e-3222-abeb-0fc4b41a9d9a order=132863
2026-09-29T14:49:27.658+08:00  INFO 4276 --- [seckill-system] [OrderListener-2] c.d.seckill.service.AsyncOrderConsumer   : order committed request=68c41e0b-8a8e-3189-980a-482141011dc5 order=132865
2026-09-29T14:49:27.659+08:00  INFO 4276 --- [seckill-system] [OrderListener-1] c.d.seckill.service.AsyncOrderConsumer   : order committed request=4358d3d3-5c12-3f4e-9e76-f5528f297fe4 order=132864
2026-09-29T14:49:27.678+08:00  INFO 4276 --- [seckill-system] [OrderListener-1] c.d.seckill.service.AsyncOrderConsumer   : order committed request=73de6617-e395-3b85-8b91-d8c53a05bbf1 order=132866
2026-09-29T14:49:27.699+08:00  INFO 4276 --- [seckill-system] [OrderListener-2] c.d.seckill.service.AsyncOrderConsumer   : order committed request=ba31f106-5194-3593-889b-79a0f1bef1a6 order=132867
2026-09-29T14:49:27.702+08:00  INFO 4276 --- [seckill-system] [OrderListener-1] c.d.seckill.service.AsyncOrderConsumer   : order committed request=784f66ba-fcef-32d2-b7ee-037061e0dad2 order=132868
2026-09-29T14:49:27.725+08:00  INFO 4276 --- [seckill-system] [OrderListener-2] c.d.seckill.service.AsyncOrderConsumer   : order committed request=8337579d-9455-3ebe-b0b1-af60a7eae9ec order=132869
2026-09-29T14:49:27.725+08:00  INFO 4276 --- [seckill-system] [OrderListener-1] c.d.seckill.service.AsyncOrderConsumer   : order committed request=dfce6964-a14c-3a5b-a174-6973791d60ba order=132870
2026-09-29T14:49:27.751+08:00  INFO 4276 --- [seckill-system] [OrderListener-1] c.d.seckill.service.AsyncOrderConsumer   : order committed request=8ce62bd1-dc20-32ae-802f-d93542161217 order=132871
2026-09-29T14:49:27.751+08:00  INFO 4276 --- [seckill-system] [OrderListener-2] c.d.seckill.service.AsyncOrderConsumer   : order committed request=a69b9d93-8fc9-3592-8ddf-8f82df5ca2fa order=132872
2026-09-29T14:49:27.770+08:00  INFO 4276 --- [seckill-system] [OrderListener-2] c.d.seckill.service.AsyncOrderConsumer   : order committed request=e23a5b1f-f1ad-306a-a460-26c7c267ce10 order=132874
2026-09-29T14:49:27.770+08:00  INFO 4276 --- [seckill-system] [OrderListener-1] c.d.seckill.service.AsyncOrderConsumer   : order committed request=49145713-47c0-3c41-8724-3c392d0a26cc order=132873
2026-09-29T14:49:27.787+08:00  INFO 4276 --- [seckill-system] [OrderListener-1] c.d.seckill.service.AsyncOrderConsumer   : order committed request=749f30ac-cacf-30a2-9eb3-d4705b1f33f2 order=132875
2026-09-29T14:49:27.787+08:00  INFO 4276 --- [seckill-system] [OrderListener-2] c.d.seckill.service.AsyncOrderConsumer   : order committed request=540cc29d-c9bb-3eb5-94ef-b3becf162168 order=132876
2026-09-29T14:49:27.806+08:00  INFO 4276 --- [seckill-system] [OrderListener-2] c.d.seckill.service.AsyncOrderConsumer   : order committed request=543dcdce-bb67-3f0d-b2a0-be3b13de2c7d order=132878
2026-09-29T14:49:27.823+08:00  INFO 4276 --- [seckill-system] [OrderListener-1] c.d.seckill.service.AsyncOrderConsumer   : order committed request=5c22d59d-4526-34f3-9498-10452b2f5dae order=132877
2026-09-29T14:49:27.827+08:00  INFO 4276 --- [seckill-system] [OrderListener-2] c.d.seckill.service.AsyncOrderConsumer   : order committed request=93137991-fa6d-39cb-bc48-f56988f69acf order=132879
2026-09-29T14:49:27.840+08:00  INFO 4276 --- [seckill-system] [OrderListener-1] c.d.seckill.service.AsyncOrderConsumer   : order committed request=d99efc6e-0c99-3448-822f-131176dcdb21 order=132880
2026-09-29T14:49:27.843+08:00  INFO 4276 --- [seckill-system] [OrderListener-2] c.d.seckill.service.AsyncOrderConsumer   : order committed request=60f347db-9483-35d4-a858-0952ea3dbd27 order=132881
2026-09-29T14:49:27.857+08:00  INFO 4276 --- [seckill-system] [OrderListener-1] c.d.seckill.service.AsyncOrderConsumer   : order committed request=fe5b3784-a07f-3a04-a9c5-9a4ff5061f3b order=132882
2026-09-29T14:49:27.859+08:00  INFO 4276 --- [seckill-system] [OrderListener-2] c.d.seckill.service.AsyncOrderConsumer   : order committed request=28256683-9438-306e-bbf2-baf67bd74daa order=132883
2026-09-29T14:49:27.874+08:00  INFO 4276 --- [seckill-system] [OrderListener-1] c.d.seckill.service.AsyncOrderConsumer   : order committed request=4b7775ee-d629-3995-9eed-af3980f14c95 order=132884
2026-09-29T14:49:27.874+08:00  INFO 4276 --- [seckill-system] [OrderListener-2] c.d.seckill.service.AsyncOrderConsumer   : order committed request=da2dc851-88ad-342d-bccd-aa7b12ebd668 order=132885
2026-09-29T14:49:27.892+08:00  INFO 4276 --- [seckill-system] [OrderListener-2] c.d.seckill.service.AsyncOrderConsumer   : order committed request=fa0efd71-bc4c-3323-972d-2e3edf70084e order=132886
2026-09-29T14:49:27.892+08:00  INFO 4276 --- [seckill-system] [OrderListener-1] c.d.seckill.service.AsyncOrderConsumer   : order committed request=4a82e88f-99c1-313f-91bd-d18bb8e3246f order=132887
2026-09-29T14:49:27.909+08:00  INFO 4276 --- [seckill-system] [OrderListener-2] c.d.seckill.service.AsyncOrderConsumer   : order committed request=c84a4a78-6aee-3161-8173-cb73e3c875e1 order=132889
2026-09-29T14:49:27.909+08:00  INFO 4276 --- [seckill-system] [OrderListener-1] c.d.seckill.service.AsyncOrderConsumer   : order committed request=52802faa-5bb4-3164-b07e-cbe8b70b2a20 order=132888
2026-09-29T14:49:27.925+08:00  INFO 4276 --- [seckill-system] [OrderListener-2] c.d.seckill.service.AsyncOrderConsumer   : order committed request=4cb7a33e-52ff-3679-aa68-cf81733382e6 order=132891
2026-09-29T14:49:27.925+08:00  INFO 4276 --- [seckill-system] [OrderListener-1] c.d.seckill.service.AsyncOrderConsumer   : order committed request=ea621352-c406-308d-9eae-f20e72388499 order=132890
2026-09-29T14:49:27.941+08:00  INFO 4276 --- [seckill-system] [OrderListener-2] c.d.seckill.service.AsyncOrderConsumer   : order committed request=76efb011-8ea5-3738-9f07-c7df1662d322 order=132892
2026-09-29T14:49:27.942+08:00  INFO 4276 --- [seckill-system] [OrderListener-1] c.d.seckill.service.AsyncOrderConsumer   : order committed request=3273adaa-8adf-3872-97c0-35faead2080e order=132893
2026-09-29T14:49:27.959+08:00  INFO 4276 --- [seckill-system] [OrderListener-2] c.d.seckill.service.AsyncOrderConsumer   : order committed request=e0e07e11-c598-32f7-a26d-e22311ad414e order=132894
2026-09-29T14:49:27.960+08:00  INFO 4276 --- [seckill-system] [OrderListener-1] c.d.seckill.service.AsyncOrderConsumer   : order committed request=fe03d77d-6e13-3087-81cd-4455baa4fc04 order=132895
2026-09-29T14:49:27.976+08:00  INFO 4276 --- [seckill-system] [OrderListener-2] c.d.seckill.service.AsyncOrderConsumer   : order committed request=266dee58-ae44-38a1-b49a-1619e0829d83 order=132897
2026-09-29T14:49:27.977+08:00  INFO 4276 --- [seckill-system] [OrderListener-1] c.d.seckill.service.AsyncOrderConsumer   : order committed request=bb86b190-3380-3a12-a280-ab0206d6fe13 order=132896
2026-09-29T14:49:28.006+08:00  INFO 4276 --- [seckill-system] [OrderListener-2] c.d.seckill.service.AsyncOrderConsumer   : order committed request=d1018bd2-7f21-3bb2-92b3-ff04994c6d23 order=132898
2026-09-29T14:49:28.006+08:00  INFO 4276 --- [seckill-system] [OrderListener-1] c.d.seckill.service.AsyncOrderConsumer   : order committed request=1ed0c1e2-e159-38d7-98ed-baec6e9c419e order=132899
2026-09-29T14:49:28.025+08:00  INFO 4276 --- [seckill-system] [OrderListener-1] c.d.seckill.service.AsyncOrderConsumer   : order committed request=0fbdad09-0cef-3632-8e04-f15254517e8e order=132901
2026-09-29T14:49:28.025+08:00  INFO 4276 --- [seckill-system] [OrderListener-2] c.d.seckill.service.AsyncOrderConsumer   : order committed request=86289aed-8dc2-3bf3-bc42-4bd478ebfcb0 order=132900
2026-09-29T14:49:28.043+08:00  INFO 4276 --- [seckill-system] [OrderListener-2] c.d.seckill.service.AsyncOrderConsumer   : order committed request=ef3a9542-18ad-3463-996a-88bdc64ff79d order=132903
2026-09-29T14:49:28.043+08:00  INFO 4276 --- [seckill-system] [OrderListener-1] c.d.seckill.service.AsyncOrderConsumer   : order committed request=ba84fc6d-bde3-3098-930b-9139d0c74cdf order=132902
2026-09-29T14:49:28.061+08:00  INFO 4276 --- [seckill-system] [OrderListener-1] c.d.seckill.service.AsyncOrderConsumer   : order committed request=1de709b2-cf2b-34fa-b082-d8fde354df02 order=132905
2026-09-29T14:49:28.062+08:00  INFO 4276 --- [seckill-system] [OrderListener-2] c.d.seckill.service.AsyncOrderConsumer   : order committed request=82ea1e23-e07e-3fbc-8349-8c5d9c199b5c order=132904
2026-09-29T14:49:28.080+08:00  INFO 4276 --- [seckill-system] [OrderListener-1] c.d.seckill.service.AsyncOrderConsumer   : order committed request=daa981b9-e4a7-3826-8109-7f0d3854b10e order=132907
2026-09-29T14:49:28.080+08:00  INFO 4276 --- [seckill-system] [OrderListener-2] c.d.seckill.service.AsyncOrderConsumer   : order committed request=442a4ff6-78c2-387b-a9ab-a7c5a73e5997 order=132906
2026-09-29T14:49:28.097+08:00  INFO 4276 --- [seckill-system] [OrderListener-1] c.d.seckill.service.AsyncOrderConsumer   : order committed request=02ae4093-2655-3f0a-b49f-5208b082e0ac order=132908
2026-09-29T14:49:28.097+08:00  INFO 4276 --- [seckill-system] [OrderListener-2] c.d.seckill.service.AsyncOrderConsumer   : order committed request=4c85422e-7486-32f8-ac19-4339a88f4994 order=132909
2026-09-29T14:49:28.115+08:00  INFO 4276 --- [seckill-system] [OrderListener-1] c.d.seckill.service.AsyncOrderConsumer   : order committed request=a640dd28-7804-3294-8e86-fafdaf333900 order=132911
2026-09-29T14:49:28.115+08:00  INFO 4276 --- [seckill-system] [OrderListener-2] c.d.seckill.service.AsyncOrderConsumer   : order committed request=19a1bd5a-4972-3d19-b54c-a78ebef545a2 order=132910
2026-09-29T14:49:28.135+08:00  INFO 4276 --- [seckill-system] [OrderListener-2] c.d.seckill.service.AsyncOrderConsumer   : order committed request=460bdf8e-2ff5-3ac2-997f-6aef0c8ee7ea order=132913
2026-09-29T14:49:28.135+08:00  INFO 4276 --- [seckill-system] [OrderListener-1] c.d.seckill.service.AsyncOrderConsumer   : order committed request=09503bc4-da26-3e76-988f-6c24b96f69cb order=132912
2026-09-29T14:49:28.152+08:00  INFO 4276 --- [seckill-system] [OrderListener-1] c.d.seckill.service.AsyncOrderConsumer   : order committed request=3da72c76-9f64-3edc-9b86-fa7288e92d2c order=132915
2026-09-29T14:49:28.152+08:00  INFO 4276 --- [seckill-system] [OrderListener-2] c.d.seckill.service.AsyncOrderConsumer   : order committed request=84e8a5b1-f063-3c45-a92a-410798d04f6c order=132914
2026-09-29T14:49:28.169+08:00  INFO 4276 --- [seckill-system] [OrderListener-1] c.d.seckill.service.AsyncOrderConsumer   : order committed request=95277027-b29b-34c3-941c-c34a918df346 order=132916
2026-09-29T14:49:28.171+08:00  INFO 4276 --- [seckill-system] [OrderListener-2] c.d.seckill.service.AsyncOrderConsumer   : order committed request=8afae16b-7900-3387-8d7a-06ca97b24d2b order=132917
2026-09-29T14:49:28.197+08:00  INFO 4276 --- [seckill-system] [OrderListener-2] c.d.seckill.service.AsyncOrderConsumer   : order committed request=b373ab6b-c56b-3009-a7dc-8abcb9f41061 order=132919
2026-09-29T14:49:28.198+08:00  INFO 4276 --- [seckill-system] [OrderListener-1] c.d.seckill.service.AsyncOrderConsumer   : order committed request=57362cc2-6fa5-3e32-a596-9152d2f8c899 order=132918
2026-09-29T14:49:28.213+08:00  INFO 4276 --- [seckill-system] [OrderListener-1] c.d.seckill.service.AsyncOrderConsumer   : order committed request=30ab8188-8d2d-3baf-8e28-286ad98299e5 order=132920
2026-09-29T14:49:28.213+08:00  INFO 4276 --- [seckill-system] [OrderListener-2] c.d.seckill.service.AsyncOrderConsumer   : order committed request=8a46aff6-66fa-3e9f-a854-f8cc55a82bff order=132921
2026-09-29T14:49:28.228+08:00  INFO 4276 --- [seckill-system] [OrderListener-2] c.d.seckill.service.AsyncOrderConsumer   : order committed request=9dd9d667-b8d9-3dad-953e-5ffa5f037552 order=132922
2026-09-29T14:49:28.229+08:00  INFO 4276 --- [seckill-system] [OrderListener-1] c.d.seckill.service.AsyncOrderConsumer   : order committed request=7dd6c4d8-5461-3ae8-ac00-7ee48fa90ffe order=132923
2026-09-29T14:49:28.244+08:00  INFO 4276 --- [seckill-system] [OrderListener-1] c.d.seckill.service.AsyncOrderConsumer   : order committed request=620576ba-211b-3909-b954-01fbd67aac94 order=132925
2026-09-29T14:49:28.245+08:00  INFO 4276 --- [seckill-system] [OrderListener-2] c.d.seckill.service.AsyncOrderConsumer   : order committed request=6a2d7270-7a6f-3d41-aedb-65eea57ec425 order=132924
2026-09-29T14:49:28.259+08:00  INFO 4276 --- [seckill-system] [OrderListener-1] c.d.seckill.service.AsyncOrderConsumer   : order committed request=e12a26bc-3a9b-3dc0-90f0-6712769a8193 order=132927
2026-09-29T14:49:28.259+08:00  INFO 4276 --- [seckill-system] [OrderListener-2] c.d.seckill.service.AsyncOrderConsumer   : order committed request=95f0cdc9-c871-3b30-b52e-b3cfb214db4c order=132926
2026-09-29T14:49:28.276+08:00  INFO 4276 --- [seckill-system] [OrderListener-2] c.d.seckill.service.AsyncOrderConsumer   : order committed request=db3b883e-d775-3e7a-8790-11506b63c54d order=132929
2026-09-29T14:49:28.283+08:00  INFO 4276 --- [seckill-system] [OrderListener-1] c.d.seckill.service.AsyncOrderConsumer   : order committed request=8c392311-b75d-3e55-9564-baffd48911f5 order=132928
2026-09-29T14:49:28.298+08:00  INFO 4276 --- [seckill-system] [OrderListener-2] c.d.seckill.service.AsyncOrderConsumer   : order committed request=3d9f97f9-f612-3210-8f42-f0037c9631d7 order=132930
2026-09-29T14:49:28.299+08:00  INFO 4276 --- [seckill-system] [OrderListener-1] c.d.seckill.service.AsyncOrderConsumer   : order committed request=b28a3307-214d-3f82-951e-b6366a40fe17 order=132931
2026-09-29T14:49:28.314+08:00  INFO 4276 --- [seckill-system] [OrderListener-1] c.d.seckill.service.AsyncOrderConsumer   : order committed request=015dee1b-751d-38d5-ae63-444db38f7606 order=132932
2026-09-29T14:49:28.314+08:00  INFO 4276 --- [seckill-system] [OrderListener-2] c.d.seckill.service.AsyncOrderConsumer   : order committed request=54a07a16-7fcf-36d3-98d3-4aff3393ce56 order=132933
2026-09-29T14:49:28.329+08:00  INFO 4276 --- [seckill-system] [OrderListener-2] c.d.seckill.service.AsyncOrderConsumer   : order committed request=98e4d46b-1e35-302c-a990-f1cb03205e45 order=132934
2026-09-29T14:49:28.329+08:00  INFO 4276 --- [seckill-system] [OrderListener-1] c.d.seckill.service.AsyncOrderConsumer   : order committed request=17563f00-033c-3d11-972a-fe8357fe908b order=132935
2026-09-29T14:49:28.348+08:00  INFO 4276 --- [seckill-system] [OrderListener-2] c.d.seckill.service.AsyncOrderConsumer   : order committed request=b303c846-639f-349c-aeb0-a1fb3869a882 order=132936
2026-09-29T14:49:28.367+08:00  INFO 4276 --- [seckill-system] [OrderListener-1] c.d.seckill.service.AsyncOrderConsumer   : order committed request=9ba2e13b-fa7b-34fa-938b-1fe7cd7d645f order=132937
2026-09-29T14:49:28.368+08:00  INFO 4276 --- [seckill-system] [OrderListener-2] c.d.seckill.service.AsyncOrderConsumer   : order committed request=cf4a46ef-d705-3c7c-95e1-d457104b7c59 order=132938
2026-09-29T14:49:28.383+08:00  INFO 4276 --- [seckill-system] [OrderListener-2] c.d.seckill.service.AsyncOrderConsumer   : order committed request=f43cb9b4-6097-3af8-99ff-b283a2d1f3c3 order=132939
2026-09-29T14:49:28.383+08:00  INFO 4276 --- [seckill-system] [OrderListener-1] c.d.seckill.service.AsyncOrderConsumer   : order committed request=6472010d-1612-3015-a36d-af4cdd6b9a86 order=132940
2026-09-29T14:49:28.397+08:00  INFO 4276 --- [seckill-system] [OrderListener-1] c.d.seckill.service.AsyncOrderConsumer   : order committed request=20b6f480-e49c-319a-9a67-f77e78125cc4 order=132942
2026-09-29T14:49:28.397+08:00  INFO 4276 --- [seckill-system] [OrderListener-2] c.d.seckill.service.AsyncOrderConsumer   : order committed request=4d3f5621-1510-383d-a63c-a931a367bd2d order=132941
2026-09-29T14:49:28.413+08:00  INFO 4276 --- [seckill-system] [OrderListener-2] c.d.seckill.service.AsyncOrderConsumer   : order committed request=a591c3dc-97b4-31f1-b84f-c8a59a34687b order=132944
2026-09-29T14:49:28.413+08:00  INFO 4276 --- [seckill-system] [OrderListener-1] c.d.seckill.service.AsyncOrderConsumer   : order committed request=66dbd156-b484-36a1-8113-101d54b08dff order=132943
2026-09-29T14:49:28.427+08:00  INFO 4276 --- [seckill-system] [OrderListener-2] c.d.seckill.service.AsyncOrderConsumer   : order committed request=5b1cf32a-0433-3d01-bc51-56b136cd12be order=132945
2026-09-29T14:49:28.427+08:00  INFO 4276 --- [seckill-system] [OrderListener-1] c.d.seckill.service.AsyncOrderConsumer   : order committed request=5f58f132-c2c0-36cc-9ccb-9bf30dec9d2b order=132946
2026-09-29T14:49:28.443+08:00  INFO 4276 --- [seckill-system] [OrderListener-1] c.d.seckill.service.AsyncOrderConsumer   : order committed request=04733a13-4be7-33e8-a678-ad2e2aa1ad92 order=132947
2026-09-29T14:49:28.444+08:00  INFO 4276 --- [seckill-system] [OrderListener-2] c.d.seckill.service.AsyncOrderConsumer   : order committed request=b40aec69-f3e5-3eca-bf70-2ded748d5549 order=132948
2026-09-29T14:49:28.459+08:00  INFO 4276 --- [seckill-system] [OrderListener-2] c.d.seckill.service.AsyncOrderConsumer   : order committed request=90d0b600-9208-3dd0-b85a-6abfbd192517 order=132949
2026-09-29T14:49:28.459+08:00  INFO 4276 --- [seckill-system] [OrderListener-1] c.d.seckill.service.AsyncOrderConsumer   : order committed request=482a0fa5-5ed5-3c19-922b-59ba2eb6e95e order=132950
2026-09-29T14:49:28.475+08:00  INFO 4276 --- [seckill-system] [OrderListener-1] c.d.seckill.service.AsyncOrderConsumer   : order committed request=d9d2b6bb-4abc-3a50-8909-dad63a15b7b4 order=132951
2026-09-29T14:49:28.475+08:00  INFO 4276 --- [seckill-system] [OrderListener-2] c.d.seckill.service.AsyncOrderConsumer   : order committed request=621cbe4c-fa3c-370d-8b3d-8d2c448df2b7 order=132952
2026-09-29T14:49:28.488+08:00  INFO 4276 --- [seckill-system] [OrderListener-1] c.d.seckill.service.AsyncOrderConsumer   : order committed request=e4d28206-690b-3830-bc89-58e6bab02521 order=132953
2026-09-29T14:49:28.489+08:00  INFO 4276 --- [seckill-system] [OrderListener-2] c.d.seckill.service.AsyncOrderConsumer   : order committed request=a73d600c-c3e4-334a-94d4-956df9036aae order=132954
2026-09-29T14:49:28.504+08:00  INFO 4276 --- [seckill-system] [OrderListener-2] c.d.seckill.service.AsyncOrderConsumer   : order committed request=e1cf8755-453b-3b8d-bd75-6cedfef9c6bc order=132955
2026-09-29T14:49:28.504+08:00  INFO 4276 --- [seckill-system] [OrderListener-1] c.d.seckill.service.AsyncOrderConsumer   : order committed request=9b015275-b78c-3169-a478-59395e44f78a order=132956
2026-09-29T14:49:28.518+08:00  INFO 4276 --- [seckill-system] [OrderListener-2] c.d.seckill.service.AsyncOrderConsumer   : order committed request=96d57b55-d24f-38be-9091-ee89da0ea4c7 order=132958
2026-09-29T14:49:28.519+08:00  INFO 4276 --- [seckill-system] [OrderListener-1] c.d.seckill.service.AsyncOrderConsumer   : order committed request=615d7370-53bd-32fb-8d3f-191f165ea375 order=132957
2026-09-29T14:49:28.532+08:00  INFO 4276 --- [seckill-system] [OrderListener-1] c.d.seckill.service.AsyncOrderConsumer   : order committed request=afc275f6-632b-3590-b908-d64907149b44 order=132960
2026-09-29T14:49:28.532+08:00  INFO 4276 --- [seckill-system] [OrderListener-2] c.d.seckill.service.AsyncOrderConsumer   : order committed request=736e9829-beb2-30a2-8c17-8b9f72353129 order=132959
2026-09-29T14:49:28.548+08:00  INFO 4276 --- [seckill-system] [OrderListener-2] c.d.seckill.service.AsyncOrderConsumer   : order committed request=dde98ff2-ca72-3778-9514-d19c1ca0f7c0 order=132962
2026-09-29T14:49:28.548+08:00  INFO 4276 --- [seckill-system] [OrderListener-1] c.d.seckill.service.AsyncOrderConsumer   : order committed request=5d84611d-f246-3a22-a3a9-8729d6f0e77c order=132961
2026-09-29T14:49:28.563+08:00  INFO 4276 --- [seckill-system] [OrderListener-1] c.d.seckill.service.AsyncOrderConsumer   : order committed request=d2715a47-908c-3d51-9e28-60351e37344a order=132963
2026-09-29T14:49:28.563+08:00  INFO 4276 --- [seckill-system] [OrderListener-2] c.d.seckill.service.AsyncOrderConsumer   : order committed request=0b0ccfc7-a5a2-35fa-ba2b-78e20efafae0 order=132964
2026-09-29T14:49:28.589+08:00  INFO 4276 --- [seckill-system] [OrderListener-2] c.d.seckill.service.AsyncOrderConsumer   : order committed request=2a9b2a04-a8b5-3597-905a-918531a6f251 order=132965
2026-09-29T14:49:28.589+08:00  INFO 4276 --- [seckill-system] [OrderListener-1] c.d.seckill.service.AsyncOrderConsumer   : order committed request=1784bcfb-280e-3c30-a815-5def6e369ad7 order=132966
2026-09-29T14:49:28.603+08:00  INFO 4276 --- [seckill-system] [OrderListener-1] c.d.seckill.service.AsyncOrderConsumer   : order committed request=65b939e6-f9fc-3bb6-9a04-c800f4039b32 order=132968
2026-09-29T14:49:28.604+08:00  INFO 4276 --- [seckill-system] [OrderListener-2] c.d.seckill.service.AsyncOrderConsumer   : order committed request=90f0214e-9aa0-3191-8ce9-4ecb92a7f164 order=132967
2026-09-29T14:49:28.618+08:00  INFO 4276 --- [seckill-system] [OrderListener-1] c.d.seckill.service.AsyncOrderConsumer   : order committed request=2efb7c97-eb49-37f5-a249-fdcdc3ba23ac order=132969
2026-09-29T14:49:28.618+08:00  INFO 4276 --- [seckill-system] [OrderListener-2] c.d.seckill.service.AsyncOrderConsumer   : order committed request=5a2c0052-6961-3bca-ad53-320254d04f8f order=132970
2026-09-29T14:49:28.632+08:00  INFO 4276 --- [seckill-system] [OrderListener-1] c.d.seckill.service.AsyncOrderConsumer   : order committed request=a6a7ddc2-74c4-33ed-b870-5909b6ca34e6 order=132971
2026-09-29T14:49:28.637+08:00  INFO 4276 --- [seckill-system] [OrderListener-2] c.d.seckill.service.AsyncOrderConsumer   : order committed request=00a8c7ae-e6fa-30df-813d-d7e3f1cce7b3 order=132972
2026-09-29T14:49:28.645+08:00  INFO 4276 --- [seckill-system] [OrderListener-1] c.d.seckill.service.AsyncOrderConsumer   : order committed request=5fa47dcb-6791-39ce-b5af-8514c22c6b3f order=132973
2026-09-29T14:49:28.651+08:00  INFO 4276 --- [seckill-system] [OrderListener-2] c.d.seckill.service.AsyncOrderConsumer   : order committed request=8dcac2ce-c700-3afe-959a-b40642d93101 order=132974
2026-09-29T14:49:28.659+08:00  INFO 4276 --- [seckill-system] [OrderListener-1] c.d.seckill.service.AsyncOrderConsumer   : order committed request=06c9dd6d-3d04-333f-a10e-c30490eb9a4c order=132975
2026-09-29T14:49:28.666+08:00  INFO 4276 --- [seckill-system] [OrderListener-2] c.d.seckill.service.AsyncOrderConsumer   : order committed request=334a7c16-fc51-33ea-804b-7c2c6a144d9d order=132976
2026-09-29T14:49:28.675+08:00  INFO 4276 --- [seckill-system] [OrderListener-1] c.d.seckill.service.AsyncOrderConsumer   : order committed request=72110afe-9eec-37cc-9c4f-224942bc27ad order=132977
2026-09-29T14:49:28.679+08:00  INFO 4276 --- [seckill-system] [OrderListener-2] c.d.seckill.service.AsyncOrderConsumer   : order committed request=e8f30218-6ef8-3723-a9d1-ceb31f7e203f order=132978
2026-09-29T14:49:28.694+08:00  INFO 4276 --- [seckill-system] [OrderListener-1] c.d.seckill.service.AsyncOrderConsumer   : order committed request=59f1b61b-db87-30ca-9eb9-ec55299fb594 order=132979
2026-09-29T14:49:28.694+08:00  INFO 4276 --- [seckill-system] [OrderListener-2] c.d.seckill.service.AsyncOrderConsumer   : order committed request=38880ebb-cdf1-3eea-b601-346198a5e6da order=132980
2026-09-29T14:49:28.712+08:00  INFO 4276 --- [seckill-system] [OrderListener-2] c.d.seckill.service.AsyncOrderConsumer   : order committed request=6e9c70a4-1b2a-3e52-a5bc-ecc0b2110e99 order=132981
2026-09-29T14:49:28.713+08:00  INFO 4276 --- [seckill-system] [OrderListener-1] c.d.seckill.service.AsyncOrderConsumer   : order committed request=8bde7c3c-2087-3270-bb24-bd4fcf899817 order=132982
2026-09-29T14:49:28.751+08:00  INFO 4276 --- [seckill-system] [OrderListener-2] c.d.seckill.service.AsyncOrderConsumer   : order committed request=5164e8c5-930e-344b-9f42-cb546787c49b order=132984
2026-09-29T14:49:28.751+08:00  INFO 4276 --- [seckill-system] [OrderListener-1] c.d.seckill.service.AsyncOrderConsumer   : order committed request=ac08c9e8-45a9-30be-91b4-97a3d54dac15 order=132983
2026-09-29T14:49:28.766+08:00  INFO 4276 --- [seckill-system] [OrderListener-1] c.d.seckill.service.AsyncOrderConsumer   : order committed request=724f940d-6f4a-316a-8ffe-f53ebc4e8ae4 order=132986
2026-09-29T14:49:28.766+08:00  INFO 4276 --- [seckill-system] [OrderListener-2] c.d.seckill.service.AsyncOrderConsumer   : order committed request=a1616b31-33ed-3579-bbce-b71941121b8b order=132985
2026-09-29T14:49:28.780+08:00  INFO 4276 --- [seckill-system] [OrderListener-1] c.d.seckill.service.AsyncOrderConsumer   : order committed request=1163d0b3-c363-341a-825d-ac2c375bff58 order=132987
2026-09-29T14:49:28.781+08:00  INFO 4276 --- [seckill-system] [OrderListener-2] c.d.seckill.service.AsyncOrderConsumer   : order committed request=eed48d6a-8f76-3dfa-b5cd-02cd96ad9f27 order=132988
2026-09-29T14:49:28.793+08:00  INFO 4276 --- [seckill-system] [OrderListener-1] c.d.seckill.service.AsyncOrderConsumer   : order committed request=e7c340bd-8436-370f-a2ba-c4bb28b2fc3e order=132989
2026-09-29T14:49:28.794+08:00  INFO 4276 --- [seckill-system] [OrderListener-2] c.d.seckill.service.AsyncOrderConsumer   : order committed request=c95c3787-e2d9-3ff4-931e-fa72034f1845 order=132990
2026-09-29T14:49:28.807+08:00  INFO 4276 --- [seckill-system] [OrderListener-2] c.d.seckill.service.AsyncOrderConsumer   : order committed request=17fa237d-9d5a-3b86-97c5-7b6c5426dc4c order=132992
2026-09-29T14:49:28.807+08:00  INFO 4276 --- [seckill-system] [OrderListener-1] c.d.seckill.service.AsyncOrderConsumer   : order committed request=8957820b-7070-3647-8c92-b54a2c63f296 order=132991
2026-09-29T14:49:28.820+08:00  INFO 4276 --- [seckill-system] [OrderListener-2] c.d.seckill.service.AsyncOrderConsumer   : order committed request=4c3ba697-2bba-34da-b79b-591f88f9ba76 order=132994
2026-09-29T14:49:28.820+08:00  INFO 4276 --- [seckill-system] [OrderListener-1] c.d.seckill.service.AsyncOrderConsumer   : order committed request=f741568d-324f-3807-85f7-0cc3559772b8 order=132993
2026-09-29T14:49:28.833+08:00  INFO 4276 --- [seckill-system] [OrderListener-1] c.d.seckill.service.AsyncOrderConsumer   : order committed request=82170712-cc34-392e-a169-a2a5e3c9c0da order=132995
2026-09-29T14:49:28.833+08:00  INFO 4276 --- [seckill-system] [OrderListener-2] c.d.seckill.service.AsyncOrderConsumer   : order committed request=104436a4-aa22-331e-9235-5fe9a4016f9c order=132996
2026-09-29T14:49:28.846+08:00  INFO 4276 --- [seckill-system] [OrderListener-2] c.d.seckill.service.AsyncOrderConsumer   : order committed request=2fae35d0-50bd-3cf0-9714-66e36761a35a order=132997
2026-09-29T14:49:28.846+08:00  INFO 4276 --- [seckill-system] [OrderListener-1] c.d.seckill.service.AsyncOrderConsumer   : order committed request=590e6bf4-63a5-39df-b1eb-5b3946a77e45 order=132998
2026-09-29T14:49:28.860+08:00  INFO 4276 --- [seckill-system] [OrderListener-1] c.d.seckill.service.AsyncOrderConsumer   : order committed request=2b670404-b589-3c17-94ba-90db938fa1f8 order=132999
2026-09-29T14:49:28.860+08:00  INFO 4276 --- [seckill-system] [OrderListener-2] c.d.seckill.service.AsyncOrderConsumer   : order committed request=e051dae7-227e-3219-abf2-f8a84a5ff626 order=133000
2026-09-29T14:49:28.874+08:00  INFO 4276 --- [seckill-system] [OrderListener-2] c.d.seckill.service.AsyncOrderConsumer   : order committed request=9b0d1d21-9684-3d34-89bb-08e0b99807e6 order=133001
2026-09-29T14:49:28.874+08:00  INFO 4276 --- [seckill-system] [OrderListener-1] c.d.seckill.service.AsyncOrderConsumer   : order committed request=407604a5-9159-3f1d-a84f-4ad66b8ca60a order=133002
2026-09-29T14:49:28.886+08:00  INFO 4276 --- [seckill-system] [OrderListener-2] c.d.seckill.service.AsyncOrderConsumer   : order committed request=95eaad19-79d1-3ba4-94d7-ddab8dfa43e7 order=133004
2026-09-29T14:49:28.886+08:00  INFO 4276 --- [seckill-system] [OrderListener-1] c.d.seckill.service.AsyncOrderConsumer   : order committed request=c7d66cab-5330-3d5a-a769-f68c5188ca52 order=133003
2026-09-29T14:49:28.899+08:00  INFO 4276 --- [seckill-system] [OrderListener-1] c.d.seckill.service.AsyncOrderConsumer   : order committed request=1c2d6aa9-ab57-32e1-9b8a-3a5f8d5d9a97 order=133005
2026-09-29T14:49:28.899+08:00  INFO 4276 --- [seckill-system] [OrderListener-2] c.d.seckill.service.AsyncOrderConsumer   : order committed request=a649e8ae-904f-35f4-ac74-0829686bfd8e order=133006
2026-09-29T14:49:28.912+08:00  INFO 4276 --- [seckill-system] [OrderListener-1] c.d.seckill.service.AsyncOrderConsumer   : order committed request=23eca033-80cb-3d60-b77a-d44e4cc54427 order=133008
2026-09-29T14:49:28.913+08:00  INFO 4276 --- [seckill-system] [OrderListener-2] c.d.seckill.service.AsyncOrderConsumer   : order committed request=03dfb0b5-af48-3705-9b03-0d89c70a9ccb order=133007
2026-09-29T14:49:28.925+08:00  INFO 4276 --- [seckill-system] [OrderListener-1] c.d.seckill.service.AsyncOrderConsumer   : order committed request=cad66203-1a97-31a9-8f50-e7398c7640a4 order=133009
2026-09-29T14:49:28.942+08:00  INFO 4276 --- [seckill-system] [OrderListener-2] c.d.seckill.service.AsyncOrderConsumer   : order committed request=bd35c340-4bd3-300c-8513-081b8dc2561e order=133010
2026-09-29T14:49:28.945+08:00  INFO 4276 --- [seckill-system] [OrderListener-1] c.d.seckill.service.AsyncOrderConsumer   : order committed request=a90c6dab-ac32-31ee-8f6d-a1d65f041833 order=133011
2026-09-29T14:49:28.955+08:00  INFO 4276 --- [seckill-system] [OrderListener-2] c.d.seckill.service.AsyncOrderConsumer   : order committed request=f0811cdb-7ce2-3902-84d8-04f8bdb47f7d order=133012
2026-09-29T14:49:28.959+08:00  INFO 4276 --- [seckill-system] [OrderListener-1] c.d.seckill.service.AsyncOrderConsumer   : order committed request=371d06fa-3420-385b-b182-ec55d2b225d7 order=133013
2026-09-29T14:49:28.968+08:00  INFO 4276 --- [seckill-system] [OrderListener-2] c.d.seckill.service.AsyncOrderConsumer   : order committed request=324e22df-bdd0-3b1d-96ed-6d66149de6eb order=133014
2026-09-29T14:49:28.971+08:00  INFO 4276 --- [seckill-system] [OrderListener-1] c.d.seckill.service.AsyncOrderConsumer   : order committed request=8d927bad-a336-3a5a-83e5-28b7dc373da5 order=133015
2026-09-29T14:49:28.981+08:00  INFO 4276 --- [seckill-system] [OrderListener-2] c.d.seckill.service.AsyncOrderConsumer   : order committed request=a4c9d519-b5ae-3620-8004-4b7099d2c3f0 order=133016
2026-09-29T14:49:28.983+08:00  INFO 4276 --- [seckill-system] [OrderListener-1] c.d.seckill.service.AsyncOrderConsumer   : order committed request=296f35a1-c9f9-315d-8b70-87714b35aafc order=133017
2026-09-29T14:49:28.994+08:00  INFO 4276 --- [seckill-system] [OrderListener-2] c.d.seckill.service.AsyncOrderConsumer   : order committed request=4cb78147-a05d-30fb-88c6-e66da1e62ab8 order=133018
2026-09-29T14:49:28.995+08:00  INFO 4276 --- [seckill-system] [OrderListener-1] c.d.seckill.service.AsyncOrderConsumer   : order committed request=05decbeb-51e3-3f47-ae25-fef6808273b1 order=133019
2026-09-29T14:49:29.007+08:00  INFO 4276 --- [seckill-system] [OrderListener-2] c.d.seckill.service.AsyncOrderConsumer   : order committed request=564f3c97-07b6-3bc1-979d-3d4049483b5b order=133020
2026-09-29T14:49:29.008+08:00  INFO 4276 --- [seckill-system] [OrderListener-1] c.d.seckill.service.AsyncOrderConsumer   : order committed request=947449b4-7722-3aba-93b4-9b85063b471e order=133021
2026-09-29T14:49:29.021+08:00  INFO 4276 --- [seckill-system] [OrderListener-2] c.d.seckill.service.AsyncOrderConsumer   : order committed request=31cffff6-9c93-3f7a-b3e3-d4f539dc9530 order=133022
2026-09-29T14:49:29.022+08:00  INFO 4276 --- [seckill-system] [OrderListener-1] c.d.seckill.service.AsyncOrderConsumer   : order committed request=1ed4f329-8046-3f1e-8b49-9c1675c0b861 order=133023
2026-09-29T14:49:29.035+08:00  INFO 4276 --- [seckill-system] [OrderListener-2] c.d.seckill.service.AsyncOrderConsumer   : order committed request=100fbbf7-4ee7-347b-ab59-bd43b2ac28f1 order=133024
2026-09-29T14:49:29.035+08:00  INFO 4276 --- [seckill-system] [OrderListener-1] c.d.seckill.service.AsyncOrderConsumer   : order committed request=e229d0da-62ee-3ce5-aefe-013a7d78b5fc order=133025
2026-09-29T14:49:29.048+08:00  INFO 4276 --- [seckill-system] [OrderListener-1] c.d.seckill.service.AsyncOrderConsumer   : order committed request=12ab02e2-b36e-3e48-83db-2d64170a1ecd order=133026
2026-09-29T14:49:29.049+08:00  INFO 4276 --- [seckill-system] [OrderListener-2] c.d.seckill.service.AsyncOrderConsumer   : order committed request=ef28df64-ed14-39e3-8a2f-bf7db98d2e5c order=133027
2026-09-29T14:49:29.061+08:00  INFO 4276 --- [seckill-system] [OrderListener-2] c.d.seckill.service.AsyncOrderConsumer   : order committed request=5ce25fb3-deab-3282-812d-81ad55b1c3fa order=133028
2026-09-29T14:49:29.061+08:00  INFO 4276 --- [seckill-system] [OrderListener-1] c.d.seckill.service.AsyncOrderConsumer   : order committed request=d59b4f88-da4b-3248-84d1-98bd27363646 order=133029
2026-09-29T14:49:29.074+08:00  INFO 4276 --- [seckill-system] [OrderListener-2] c.d.seckill.service.AsyncOrderConsumer   : order committed request=14ea2bd2-dfc2-3d96-8225-a9bc718fcaf3 order=133031
2026-09-29T14:49:29.075+08:00  INFO 4276 --- [seckill-system] [OrderListener-1] c.d.seckill.service.AsyncOrderConsumer   : order committed request=b3bb7198-2bea-3eba-9fe8-1c622ff4bbb0 order=133030
2026-09-29T14:49:29.087+08:00  INFO 4276 --- [seckill-system] [OrderListener-1] c.d.seckill.service.AsyncOrderConsumer   : order committed request=a10e8d85-7831-309b-bdd3-3a3607548fb7 order=133032
2026-09-29T14:49:29.087+08:00  INFO 4276 --- [seckill-system] [OrderListener-2] c.d.seckill.service.AsyncOrderConsumer   : order committed request=6411c92b-7956-3316-bd53-a134eac69169 order=133033
2026-09-29T14:49:29.100+08:00  INFO 4276 --- [seckill-system] [OrderListener-2] c.d.seckill.service.AsyncOrderConsumer   : order committed request=b0076404-d70a-3a85-832c-6650398131e8 order=133035
2026-09-29T14:49:29.100+08:00  INFO 4276 --- [seckill-system] [OrderListener-1] c.d.seckill.service.AsyncOrderConsumer   : order committed request=0c702c27-b7d0-3034-957c-5efc4cf0ca4f order=133034
2026-09-29T14:49:29.129+08:00  INFO 4276 --- [seckill-system] [OrderListener-2] c.d.seckill.service.AsyncOrderConsumer   : order committed request=24976f1b-11c6-3bf6-b65d-9fa7a26c01ca order=133036
2026-09-29T14:49:29.129+08:00  INFO 4276 --- [seckill-system] [OrderListener-1] c.d.seckill.service.AsyncOrderConsumer   : order committed request=b78f7224-656b-3a07-8b60-f03d9aa291ba order=133037
2026-09-29T14:49:29.143+08:00  INFO 4276 --- [seckill-system] [OrderListener-2] c.d.seckill.service.AsyncOrderConsumer   : order committed request=369c356d-873a-347b-b35c-e88bb87d2786 order=133039
2026-09-29T14:49:29.143+08:00  INFO 4276 --- [seckill-system] [OrderListener-1] c.d.seckill.service.AsyncOrderConsumer   : order committed request=16392642-4759-376c-9e75-f33368e1e424 order=133038
2026-09-29T14:49:29.156+08:00  INFO 4276 --- [seckill-system] [OrderListener-1] c.d.seckill.service.AsyncOrderConsumer   : order committed request=2f12aea2-0e43-3e96-8f2b-798494e2fc28 order=133040
2026-09-29T14:49:29.157+08:00  INFO 4276 --- [seckill-system] [OrderListener-2] c.d.seckill.service.AsyncOrderConsumer   : order committed request=724126e3-f242-3cab-bda4-9972a512707b order=133041
2026-09-29T14:49:29.170+08:00  INFO 4276 --- [seckill-system] [OrderListener-1] c.d.seckill.service.AsyncOrderConsumer   : order committed request=a11d0a49-f39f-31dd-8168-1557da2daa96 order=133042
2026-09-29T14:49:29.170+08:00  INFO 4276 --- [seckill-system] [OrderListener-2] c.d.seckill.service.AsyncOrderConsumer   : order committed request=8f2143e1-bfcb-3076-ba23-d7d2ce339f16 order=133043
2026-09-29T14:49:29.185+08:00  INFO 4276 --- [seckill-system] [OrderListener-1] c.d.seckill.service.AsyncOrderConsumer   : order committed request=40b3f6a4-a96f-38f6-83e3-d20acab2325d order=133044
2026-09-29T14:49:29.185+08:00  INFO 4276 --- [seckill-system] [OrderListener-2] c.d.seckill.service.AsyncOrderConsumer   : order committed request=3d6d9839-6615-380c-802c-68d1c0f776e4 order=133045
2026-09-29T14:49:29.203+08:00  INFO 4276 --- [seckill-system] [OrderListener-2] c.d.seckill.service.AsyncOrderConsumer   : order committed request=44102026-eb16-3fa7-b5cf-9b55b2e29e27 order=133047
2026-09-29T14:49:29.203+08:00  INFO 4276 --- [seckill-system] [OrderListener-1] c.d.seckill.service.AsyncOrderConsumer   : order committed request=225f3644-b82f-3403-ae97-490b7568d807 order=133046
2026-09-29T14:49:29.219+08:00  INFO 4276 --- [seckill-system] [OrderListener-2] c.d.seckill.service.AsyncOrderConsumer   : order committed request=d6606130-0b36-3405-8ec1-23535bbd4b82 order=133048
2026-09-29T14:49:48.363+08:00  INFO 4276 --- [seckill-system] [io-18090-exec-7] c.d.s.service.ProtectedSeckillService    : submission queued request=0f56fc8f-b762-32e0-9c66-52a6bd3c0dc4
2026-09-29T14:49:48.363+08:00  INFO 4276 --- [seckill-system] [o-18090-exec-10] c.d.s.service.ProtectedSeckillService    : submission queued request=af397c5f-138c-3c2b-908b-0421a0e8231a
2026-09-29T14:49:48.363+08:00  INFO 4276 --- [seckill-system] [io-18090-exec-4] c.d.s.service.ProtectedSeckillService    : submission queued request=10257719-6070-36ee-8c51-8778039bf2b6
2026-09-29T14:49:48.378+08:00  INFO 4276 --- [seckill-system] [OrderListener-2] c.d.seckill.service.AsyncOrderConsumer   : order committed request=10257719-6070-36ee-8c51-8778039bf2b6 order=133049
2026-09-29T14:49:48.378+08:00  INFO 4276 --- [seckill-system] [OrderListener-1] c.d.seckill.service.AsyncOrderConsumer   : order committed request=af397c5f-138c-3c2b-908b-0421a0e8231a order=133050
2026-09-29T14:49:48.390+08:00  INFO 4276 --- [seckill-system] [OrderListener-2] c.d.seckill.service.AsyncOrderConsumer   : order committed request=0f56fc8f-b762-32e0-9c66-52a6bd3c0dc4 order=133051
2026-09-29T14:49:48.445+08:00  INFO 4276 --- [seckill-system] [io-18090-exec-9] c.d.s.service.ProtectedSeckillService    : submission queued request=cd57cd73-1568-37f5-8def-4507d359d125
2026-09-29T14:49:48.457+08:00  INFO 4276 --- [seckill-system] [OrderListener-1] c.d.seckill.service.AsyncOrderConsumer   : order committed request=cd57cd73-1568-37f5-8def-4507d359d125 order=133052
2026-09-29T14:49:48.502+08:00  INFO 4276 --- [seckill-system] [io-18090-exec-8] c.d.s.service.ProtectedSeckillService    : submission queued request=03728e0b-84e7-34c7-84a4-bc27886f9af4
2026-09-29T14:49:48.502+08:00  INFO 4276 --- [seckill-system] [io-18090-exec-1] c.d.s.service.ProtectedSeckillService    : submission queued request=12a88e31-47c6-3768-88cf-f3819078fc70
2026-09-29T14:49:48.502+08:00  INFO 4276 --- [seckill-system] [io-18090-exec-3] c.d.s.service.ProtectedSeckillService    : submission queued request=90e3b9e9-6896-3aaf-9c06-0cfe76f09d30
2026-09-29T14:49:48.514+08:00  INFO 4276 --- [seckill-system] [OrderListener-2] c.d.seckill.service.AsyncOrderConsumer   : order committed request=90e3b9e9-6896-3aaf-9c06-0cfe76f09d30 order=133053
2026-09-29T14:49:48.514+08:00  INFO 4276 --- [seckill-system] [OrderListener-1] c.d.seckill.service.AsyncOrderConsumer   : order committed request=03728e0b-84e7-34c7-84a4-bc27886f9af4 order=133054
2026-09-29T14:49:48.526+08:00  INFO 4276 --- [seckill-system] [OrderListener-2] c.d.seckill.service.AsyncOrderConsumer   : order committed request=12a88e31-47c6-3768-88cf-f3819078fc70 order=133055
2026-09-29T14:49:48.558+08:00  INFO 4276 --- [seckill-system] [io-18090-exec-6] c.d.s.service.ProtectedSeckillService    : submission queued request=fc008898-c730-3479-ab58-f002a1655331
2026-09-29T14:49:48.560+08:00  INFO 4276 --- [seckill-system] [io-18090-exec-2] c.d.s.service.ProtectedSeckillService    : submission queued request=154b5452-15a6-3cab-90bd-95e4df2fe141
2026-09-29T14:49:48.571+08:00  INFO 4276 --- [seckill-system] [OrderListener-1] c.d.seckill.service.AsyncOrderConsumer   : order committed request=fc008898-c730-3479-ab58-f002a1655331 order=133056
2026-09-29T14:49:48.572+08:00  INFO 4276 --- [seckill-system] [OrderListener-2] c.d.seckill.service.AsyncOrderConsumer   : order committed request=154b5452-15a6-3cab-90bd-95e4df2fe141 order=133057
2026-09-29T14:49:48.618+08:00  INFO 4276 --- [seckill-system] [o-18090-exec-10] c.d.s.service.ProtectedSeckillService    : submission queued request=25fb1719-fdf5-35d6-8861-af4fa4842ac6
2026-09-29T14:49:48.618+08:00  INFO 4276 --- [seckill-system] [io-18090-exec-7] c.d.s.service.ProtectedSeckillService    : submission queued request=ab713bef-2e82-320e-93f8-13f48d7733c7
2026-09-29T14:49:48.619+08:00  INFO 4276 --- [seckill-system] [io-18090-exec-5] c.d.s.service.ProtectedSeckillService    : submission queued request=7e19065b-32ef-3297-8416-91cd61bdfaa7
2026-09-29T14:49:48.632+08:00  INFO 4276 --- [seckill-system] [OrderListener-1] c.d.seckill.service.AsyncOrderConsumer   : order committed request=ab713bef-2e82-320e-93f8-13f48d7733c7 order=133059
2026-09-29T14:49:48.632+08:00  INFO 4276 --- [seckill-system] [OrderListener-2] c.d.seckill.service.AsyncOrderConsumer   : order committed request=25fb1719-fdf5-35d6-8861-af4fa4842ac6 order=133058
2026-09-29T14:49:48.645+08:00  INFO 4276 --- [seckill-system] [OrderListener-1] c.d.seckill.service.AsyncOrderConsumer   : order committed request=7e19065b-32ef-3297-8416-91cd61bdfaa7 order=133060
2026-09-29T14:49:48.678+08:00  INFO 4276 --- [seckill-system] [io-18090-exec-9] c.d.s.service.ProtectedSeckillService    : submission queued request=dc4a979f-fef6-344e-9427-791460140b30
2026-09-29T14:49:48.678+08:00  INFO 4276 --- [seckill-system] [io-18090-exec-3] c.d.s.service.ProtectedSeckillService    : submission queued request=e4c37004-fc9f-3065-8862-a805c37d868a
2026-09-29T14:49:48.678+08:00  INFO 4276 --- [seckill-system] [io-18090-exec-4] c.d.s.service.ProtectedSeckillService    : submission queued request=8f3cc6d1-7cb9-3f7c-bc21-b1ce23dd72f5
2026-09-29T14:49:48.691+08:00  INFO 4276 --- [seckill-system] [OrderListener-2] c.d.seckill.service.AsyncOrderConsumer   : order committed request=e4c37004-fc9f-3065-8862-a805c37d868a order=133061
2026-09-29T14:49:48.691+08:00  INFO 4276 --- [seckill-system] [OrderListener-1] c.d.seckill.service.AsyncOrderConsumer   : order committed request=8f3cc6d1-7cb9-3f7c-bc21-b1ce23dd72f5 order=133062
2026-09-29T14:49:48.704+08:00  INFO 4276 --- [seckill-system] [OrderListener-2] c.d.seckill.service.AsyncOrderConsumer   : order committed request=dc4a979f-fef6-344e-9427-791460140b30 order=133063
2026-09-29T14:49:48.742+08:00  INFO 4276 --- [seckill-system] [io-18090-exec-8] c.d.s.service.ProtectedSeckillService    : submission queued request=0d8fa01f-714e-31f3-a73f-a3c318b0ac81
2026-09-29T14:49:48.742+08:00  INFO 4276 --- [seckill-system] [io-18090-exec-6] c.d.s.service.ProtectedSeckillService    : submission queued request=b31e9c60-3922-346d-a74f-31adfd003207
2026-09-29T14:49:48.742+08:00  INFO 4276 --- [seckill-system] [io-18090-exec-1] c.d.s.service.ProtectedSeckillService    : submission queued request=5f0b10e3-d868-3f9f-8fad-75b524d6d1a5
2026-09-29T14:49:48.746+08:00  INFO 4276 --- [seckill-system] [io-18090-exec-2] c.d.s.service.ProtectedSeckillService    : submission queued request=967456fb-145a-3dfa-af8e-ab7a5db49171
2026-09-29T14:49:48.756+08:00  INFO 4276 --- [seckill-system] [OrderListener-1] c.d.seckill.service.AsyncOrderConsumer   : order committed request=b31e9c60-3922-346d-a74f-31adfd003207 order=133064
2026-09-29T14:49:48.757+08:00  INFO 4276 --- [seckill-system] [OrderListener-2] c.d.seckill.service.AsyncOrderConsumer   : order committed request=0d8fa01f-714e-31f3-a73f-a3c318b0ac81 order=133065
2026-09-29T14:49:48.769+08:00  INFO 4276 --- [seckill-system] [OrderListener-1] c.d.seckill.service.AsyncOrderConsumer   : order committed request=5f0b10e3-d868-3f9f-8fad-75b524d6d1a5 order=133067
2026-09-29T14:49:48.769+08:00  INFO 4276 --- [seckill-system] [OrderListener-2] c.d.seckill.service.AsyncOrderConsumer   : order committed request=967456fb-145a-3dfa-af8e-ab7a5db49171 order=133066
2026-09-29T14:49:48.802+08:00  INFO 4276 --- [seckill-system] [o-18090-exec-10] c.d.s.service.ProtectedSeckillService    : submission queued request=35004bb5-7c48-3eba-8f5e-1d66e12523bd
2026-09-29T14:49:48.803+08:00  INFO 4276 --- [seckill-system] [io-18090-exec-5] c.d.s.service.ProtectedSeckillService    : submission queued request=308e1227-1ce7-3151-afbe-2255efb28d31
2026-09-29T14:49:48.803+08:00  INFO 4276 --- [seckill-system] [io-18090-exec-7] c.d.s.service.ProtectedSeckillService    : submission queued request=5bbaa451-57d2-3ddd-978c-a4d147652076
2026-09-29T14:49:48.816+08:00  INFO 4276 --- [seckill-system] [OrderListener-2] c.d.seckill.service.AsyncOrderConsumer   : order committed request=35004bb5-7c48-3eba-8f5e-1d66e12523bd order=133069
2026-09-29T14:49:48.817+08:00  INFO 4276 --- [seckill-system] [OrderListener-1] c.d.seckill.service.AsyncOrderConsumer   : order committed request=308e1227-1ce7-3151-afbe-2255efb28d31 order=133068
2026-09-29T14:49:48.832+08:00  INFO 4276 --- [seckill-system] [OrderListener-1] c.d.seckill.service.AsyncOrderConsumer   : order committed request=5bbaa451-57d2-3ddd-978c-a4d147652076 order=133070
2026-09-29T14:49:48.861+08:00  INFO 4276 --- [seckill-system] [io-18090-exec-8] c.d.s.service.ProtectedSeckillService    : submission queued request=ae33690e-9a3d-3264-9306-d6140de90ce2
2026-09-29T14:49:48.861+08:00  INFO 4276 --- [seckill-system] [io-18090-exec-9] c.d.s.service.ProtectedSeckillService    : submission queued request=d8185777-0c29-395a-8f96-f389e55b2fb9
2026-09-29T14:49:48.863+08:00  INFO 4276 --- [seckill-system] [io-18090-exec-6] c.d.s.service.ProtectedSeckillService    : submission queued request=86d10ee2-6504-327e-96f0-0ea417213c0e
2026-09-29T14:49:48.863+08:00  INFO 4276 --- [seckill-system] [io-18090-exec-4] c.d.s.service.ProtectedSeckillService    : submission queued request=08f0a581-1b3b-39b7-8888-cfc8b2742977
2026-09-29T14:49:48.863+08:00  INFO 4276 --- [seckill-system] [io-18090-exec-3] c.d.s.service.ProtectedSeckillService    : submission queued request=eb08992d-0c62-3b94-bcb1-1c21cbe2ccc9
2026-09-29T14:49:48.875+08:00  INFO 4276 --- [seckill-system] [OrderListener-2] c.d.seckill.service.AsyncOrderConsumer   : order committed request=ae33690e-9a3d-3264-9306-d6140de90ce2 order=133072
2026-09-29T14:49:48.876+08:00  INFO 4276 --- [seckill-system] [OrderListener-1] c.d.seckill.service.AsyncOrderConsumer   : order committed request=08f0a581-1b3b-39b7-8888-cfc8b2742977 order=133071
2026-09-29T14:49:48.890+08:00  INFO 4276 --- [seckill-system] [OrderListener-1] c.d.seckill.service.AsyncOrderConsumer   : order committed request=eb08992d-0c62-3b94-bcb1-1c21cbe2ccc9 order=133073
2026-09-29T14:49:48.890+08:00  INFO 4276 --- [seckill-system] [OrderListener-2] c.d.seckill.service.AsyncOrderConsumer   : order committed request=d8185777-0c29-395a-8f96-f389e55b2fb9 order=133074
2026-09-29T14:49:48.905+08:00  INFO 4276 --- [seckill-system] [OrderListener-2] c.d.seckill.service.AsyncOrderConsumer   : order committed request=86d10ee2-6504-327e-96f0-0ea417213c0e order=133075
2026-09-29T14:49:48.926+08:00  INFO 4276 --- [seckill-system] [io-18090-exec-1] c.d.s.service.ProtectedSeckillService    : submission queued request=954efbec-bbd9-3595-b263-ee079f5d8435
2026-09-29T14:49:48.926+08:00  INFO 4276 --- [seckill-system] [io-18090-exec-7] c.d.s.service.ProtectedSeckillService    : submission queued request=505a030b-7bb6-3e42-b1c3-f2f4a134ec2c
2026-09-29T14:49:48.926+08:00  INFO 4276 --- [seckill-system] [io-18090-exec-2] c.d.s.service.ProtectedSeckillService    : submission queued request=b81710d6-4cae-3e8d-9d59-7f1b8dd70bf7
2026-09-29T14:49:48.939+08:00  INFO 4276 --- [seckill-system] [OrderListener-2] c.d.seckill.service.AsyncOrderConsumer   : order committed request=b81710d6-4cae-3e8d-9d59-7f1b8dd70bf7 order=133077
2026-09-29T14:49:48.939+08:00  INFO 4276 --- [seckill-system] [OrderListener-1] c.d.seckill.service.AsyncOrderConsumer   : order committed request=954efbec-bbd9-3595-b263-ee079f5d8435 order=133076
2026-09-29T14:49:48.952+08:00  INFO 4276 --- [seckill-system] [OrderListener-1] c.d.seckill.service.AsyncOrderConsumer   : order committed request=505a030b-7bb6-3e42-b1c3-f2f4a134ec2c order=133078
2026-09-29T14:49:48.986+08:00  INFO 4276 --- [seckill-system] [o-18090-exec-10] c.d.s.service.ProtectedSeckillService    : submission queued request=c1eb2542-6779-3c7b-a27e-a6a55b9bdc64
2026-09-29T14:49:48.987+08:00  INFO 4276 --- [seckill-system] [io-18090-exec-6] c.d.s.service.ProtectedSeckillService    : submission queued request=914ccda5-8103-32a9-98d3-b2043d35c583
2026-09-29T14:49:48.988+08:00  INFO 4276 --- [seckill-system] [io-18090-exec-3] c.d.s.service.ProtectedSeckillService    : submission queued request=1a8c9460-b3f9-3d6d-a795-ac766e56048c
2026-09-29T14:49:48.988+08:00  INFO 4276 --- [seckill-system] [io-18090-exec-8] c.d.s.service.ProtectedSeckillService    : submission queued request=b4c91302-f634-3827-aeff-eeb0371e75e7
2026-09-29T14:49:48.988+08:00  INFO 4276 --- [seckill-system] [io-18090-exec-4] c.d.s.service.ProtectedSeckillService    : submission queued request=c132d264-6463-3212-a3a2-0d1a76c82e1b
2026-09-29T14:49:48.988+08:00  INFO 4276 --- [seckill-system] [io-18090-exec-5] c.d.s.service.ProtectedSeckillService    : submission queued request=f3bf32ee-7747-36fe-a866-1fd4aea560e5
2026-09-29T14:49:48.999+08:00  INFO 4276 --- [seckill-system] [OrderListener-1] c.d.seckill.service.AsyncOrderConsumer   : order committed request=914ccda5-8103-32a9-98d3-b2043d35c583 order=133079
2026-09-29T14:49:49.000+08:00  INFO 4276 --- [seckill-system] [OrderListener-2] c.d.seckill.service.AsyncOrderConsumer   : order committed request=c1eb2542-6779-3c7b-a27e-a6a55b9bdc64 order=133080
2026-09-29T14:49:49.012+08:00  INFO 4276 --- [seckill-system] [OrderListener-1] c.d.seckill.service.AsyncOrderConsumer   : order committed request=f3bf32ee-7747-36fe-a866-1fd4aea560e5 order=133082
2026-09-29T14:49:49.013+08:00  INFO 4276 --- [seckill-system] [OrderListener-2] c.d.seckill.service.AsyncOrderConsumer   : order committed request=b4c91302-f634-3827-aeff-eeb0371e75e7 order=133081
2026-09-29T14:49:49.025+08:00  INFO 4276 --- [seckill-system] [OrderListener-2] c.d.seckill.service.AsyncOrderConsumer   : order committed request=1a8c9460-b3f9-3d6d-a795-ac766e56048c order=133083
2026-09-29T14:49:49.025+08:00  INFO 4276 --- [seckill-system] [OrderListener-1] c.d.seckill.service.AsyncOrderConsumer   : order committed request=c132d264-6463-3212-a3a2-0d1a76c82e1b order=133084
2026-09-29T14:49:49.047+08:00  INFO 4276 --- [seckill-system] [io-18090-exec-2] c.d.s.service.ProtectedSeckillService    : submission queued request=ce55c297-f72c-33f5-81d6-3e357253fc61
2026-09-29T14:49:49.047+08:00  INFO 4276 --- [seckill-system] [io-18090-exec-1] c.d.s.service.ProtectedSeckillService    : submission queued request=84493ee4-f44d-3079-809c-25f0864ef471
2026-09-29T14:49:49.053+08:00  INFO 4276 --- [seckill-system] [io-18090-exec-9] c.d.s.service.ProtectedSeckillService    : submission queued request=d22fd680-516d-3a9a-b37c-0a04a72a47be
2026-09-29T14:49:49.054+08:00  INFO 4276 --- [seckill-system] [io-18090-exec-7] c.d.s.service.ProtectedSeckillService    : submission queued request=af88d9b5-edd8-3b0e-bb68-840e8a5cea4b
2026-09-29T14:49:49.060+08:00  INFO 4276 --- [seckill-system] [OrderListener-1] c.d.seckill.service.AsyncOrderConsumer   : order committed request=84493ee4-f44d-3079-809c-25f0864ef471 order=133086
2026-09-29T14:49:49.060+08:00  INFO 4276 --- [seckill-system] [OrderListener-2] c.d.seckill.service.AsyncOrderConsumer   : order committed request=ce55c297-f72c-33f5-81d6-3e357253fc61 order=133085
2026-09-29T14:49:49.079+08:00  INFO 4276 --- [seckill-system] [OrderListener-1] c.d.seckill.service.AsyncOrderConsumer   : order committed request=af88d9b5-edd8-3b0e-bb68-840e8a5cea4b order=133087
2026-09-29T14:49:49.081+08:00  INFO 4276 --- [seckill-system] [OrderListener-2] c.d.seckill.service.AsyncOrderConsumer   : order committed request=d22fd680-516d-3a9a-b37c-0a04a72a47be order=133088
2026-09-29T14:49:49.111+08:00  INFO 4276 --- [seckill-system] [io-18090-exec-6] c.d.s.service.ProtectedSeckillService    : submission queued request=09b71821-ec8d-3eae-9213-cd3bfb58d408
2026-09-29T14:49:49.111+08:00  INFO 4276 --- [seckill-system] [io-18090-exec-4] c.d.s.service.ProtectedSeckillService    : submission queued request=41533e0c-c1e3-3fa7-b64d-de82e3d2e115
2026-09-29T14:49:49.112+08:00  INFO 4276 --- [seckill-system] [io-18090-exec-3] c.d.s.service.ProtectedSeckillService    : submission queued request=4c5d9b8a-14ce-3bd6-8739-0297869cbc3d
2026-09-29T14:49:49.111+08:00  INFO 4276 --- [seckill-system] [io-18090-exec-5] c.d.s.service.ProtectedSeckillService    : submission queued request=7f03baf5-336e-324d-a95d-15887750f6c6
2026-09-29T14:49:49.112+08:00  INFO 4276 --- [seckill-system] [io-18090-exec-8] c.d.s.service.ProtectedSeckillService    : submission queued request=854d2d25-df23-32fc-8557-c04c7764aa4f
2026-09-29T14:49:49.112+08:00  INFO 4276 --- [seckill-system] [o-18090-exec-10] c.d.s.service.ProtectedSeckillService    : submission queued request=75293d8d-9ab3-389e-9c85-3a0ba4a4c27f
2026-09-29T14:49:49.124+08:00  INFO 4276 --- [seckill-system] [OrderListener-1] c.d.seckill.service.AsyncOrderConsumer   : order committed request=41533e0c-c1e3-3fa7-b64d-de82e3d2e115 order=133089
2026-09-29T14:49:49.125+08:00  INFO 4276 --- [seckill-system] [OrderListener-2] c.d.seckill.service.AsyncOrderConsumer   : order committed request=75293d8d-9ab3-389e-9c85-3a0ba4a4c27f order=133090
2026-09-29T14:49:49.136+08:00  INFO 4276 --- [seckill-system] [OrderListener-2] c.d.seckill.service.AsyncOrderConsumer   : order committed request=09b71821-ec8d-3eae-9213-cd3bfb58d408 order=133092
2026-09-29T14:49:49.137+08:00  INFO 4276 --- [seckill-system] [OrderListener-1] c.d.seckill.service.AsyncOrderConsumer   : order committed request=854d2d25-df23-32fc-8557-c04c7764aa4f order=133091
2026-09-29T14:49:49.148+08:00  INFO 4276 --- [seckill-system] [OrderListener-2] c.d.seckill.service.AsyncOrderConsumer   : order committed request=4c5d9b8a-14ce-3bd6-8739-0297869cbc3d order=133093
2026-09-29T14:49:49.150+08:00  INFO 4276 --- [seckill-system] [OrderListener-1] c.d.seckill.service.AsyncOrderConsumer   : order committed request=7f03baf5-336e-324d-a95d-15887750f6c6 order=133094
2026-09-29T14:49:49.172+08:00  INFO 4276 --- [seckill-system] [io-18090-exec-9] c.d.s.service.ProtectedSeckillService    : submission queued request=052fba73-da19-3828-a726-5e040bc62bec
2026-09-29T14:49:49.172+08:00  INFO 4276 --- [seckill-system] [io-18090-exec-1] c.d.s.service.ProtectedSeckillService    : submission queued request=237f4d61-9b3f-3f72-a089-093ed126cdbc
2026-09-29T14:49:49.172+08:00  INFO 4276 --- [seckill-system] [io-18090-exec-7] c.d.s.service.ProtectedSeckillService    : submission queued request=c493f819-63e8-3031-bcd9-a5fb83800d98
2026-09-29T14:49:49.173+08:00  INFO 4276 --- [seckill-system] [io-18090-exec-2] c.d.s.service.ProtectedSeckillService    : submission queued request=b8a0fff5-10d7-3116-8e05-ea638f4b89a8
2026-09-29T14:49:49.184+08:00  INFO 4276 --- [seckill-system] [OrderListener-2] c.d.seckill.service.AsyncOrderConsumer   : order committed request=237f4d61-9b3f-3f72-a089-093ed126cdbc order=133095
2026-09-29T14:49:49.184+08:00  INFO 4276 --- [seckill-system] [OrderListener-1] c.d.seckill.service.AsyncOrderConsumer   : order committed request=c493f819-63e8-3031-bcd9-a5fb83800d98 order=133096
2026-09-29T14:49:49.196+08:00  INFO 4276 --- [seckill-system] [OrderListener-2] c.d.seckill.service.AsyncOrderConsumer   : order committed request=052fba73-da19-3828-a726-5e040bc62bec order=133098
2026-09-29T14:49:49.196+08:00  INFO 4276 --- [seckill-system] [OrderListener-1] c.d.seckill.service.AsyncOrderConsumer   : order committed request=b8a0fff5-10d7-3116-8e05-ea638f4b89a8 order=133097
2026-09-29T14:49:49.233+08:00  INFO 4276 --- [seckill-system] [io-18090-exec-4] c.d.s.service.ProtectedSeckillService    : submission queued request=2504261c-083e-3b45-8998-71a6706dd2eb
2026-09-29T14:49:49.233+08:00  INFO 4276 --- [seckill-system] [o-18090-exec-10] c.d.s.service.ProtectedSeckillService    : submission queued request=d63935be-ab53-33b2-bf1a-99a096afd7a7
2026-09-29T14:49:49.233+08:00  INFO 4276 --- [seckill-system] [io-18090-exec-8] c.d.s.service.ProtectedSeckillService    : submission queued request=c4f3340e-2a12-346f-b829-02a3a1438ddb
2026-09-29T14:49:49.233+08:00  INFO 4276 --- [seckill-system] [io-18090-exec-5] c.d.s.service.ProtectedSeckillService    : submission queued request=b1d63358-046a-3701-bf5e-4177a73f3896
2026-09-29T14:49:49.233+08:00  INFO 4276 --- [seckill-system] [io-18090-exec-3] c.d.s.service.ProtectedSeckillService    : submission queued request=f25e8f13-6b6d-3af1-b073-3db3ba83be4f
2026-09-29T14:49:49.234+08:00  INFO 4276 --- [seckill-system] [io-18090-exec-6] c.d.s.service.ProtectedSeckillService    : submission queued request=69ae1e85-feed-3f5b-95c9-650446e55c48
2026-09-29T14:49:49.245+08:00  INFO 4276 --- [seckill-system] [OrderListener-2] c.d.seckill.service.AsyncOrderConsumer   : order committed request=d63935be-ab53-33b2-bf1a-99a096afd7a7 order=133099
2026-09-29T14:49:49.245+08:00  INFO 4276 --- [seckill-system] [OrderListener-1] c.d.seckill.service.AsyncOrderConsumer   : order committed request=f25e8f13-6b6d-3af1-b073-3db3ba83be4f order=133100
2026-09-29T14:49:49.257+08:00  INFO 4276 --- [seckill-system] [OrderListener-1] c.d.seckill.service.AsyncOrderConsumer   : order committed request=2504261c-083e-3b45-8998-71a6706dd2eb order=133101
2026-09-29T14:49:49.257+08:00  INFO 4276 --- [seckill-system] [OrderListener-2] c.d.seckill.service.AsyncOrderConsumer   : order committed request=69ae1e85-feed-3f5b-95c9-650446e55c48 order=133102
2026-09-29T14:49:49.269+08:00  INFO 4276 --- [seckill-system] [OrderListener-2] c.d.seckill.service.AsyncOrderConsumer   : order committed request=c4f3340e-2a12-346f-b829-02a3a1438ddb order=133103
2026-09-29T14:49:49.270+08:00  INFO 4276 --- [seckill-system] [OrderListener-1] c.d.seckill.service.AsyncOrderConsumer   : order committed request=b1d63358-046a-3701-bf5e-4177a73f3896 order=133104
2026-09-29T14:49:49.295+08:00  INFO 4276 --- [seckill-system] [io-18090-exec-2] c.d.s.service.ProtectedSeckillService    : submission queued request=eeb9fb0f-e7bb-33f2-9576-85c4f475481e
2026-09-29T14:49:49.295+08:00  INFO 4276 --- [seckill-system] [io-18090-exec-1] c.d.s.service.ProtectedSeckillService    : submission queued request=405a972c-c23e-3745-bc42-f3eb2729c9b3
2026-09-29T14:49:49.295+08:00  INFO 4276 --- [seckill-system] [io-18090-exec-9] c.d.s.service.ProtectedSeckillService    : submission queued request=c366ff4c-1990-3a4d-946b-8316b55ada89
2026-09-29T14:49:49.296+08:00  INFO 4276 --- [seckill-system] [io-18090-exec-7] c.d.s.service.ProtectedSeckillService    : submission queued request=dd594240-149e-39db-a5da-d9bd40a7bee9
2026-09-29T14:49:49.306+08:00  INFO 4276 --- [seckill-system] [OrderListener-2] c.d.seckill.service.AsyncOrderConsumer   : order committed request=c366ff4c-1990-3a4d-946b-8316b55ada89 order=133105
2026-09-29T14:49:49.306+08:00  INFO 4276 --- [seckill-system] [OrderListener-1] c.d.seckill.service.AsyncOrderConsumer   : order committed request=eeb9fb0f-e7bb-33f2-9576-85c4f475481e order=133106
2026-09-29T14:49:49.318+08:00  INFO 4276 --- [seckill-system] [OrderListener-2] c.d.seckill.service.AsyncOrderConsumer   : order committed request=405a972c-c23e-3745-bc42-f3eb2729c9b3 order=133107
2026-09-29T14:49:49.318+08:00  INFO 4276 --- [seckill-system] [OrderListener-1] c.d.seckill.service.AsyncOrderConsumer   : order committed request=dd594240-149e-39db-a5da-d9bd40a7bee9 order=133108
2026-09-29T14:49:49.360+08:00  INFO 4276 --- [seckill-system] [io-18090-exec-4] c.d.s.service.ProtectedSeckillService    : submission queued request=c3f1381a-73b8-31a7-83d9-e7d7abcdb30a
2026-09-29T14:49:49.360+08:00  INFO 4276 --- [seckill-system] [io-18090-exec-8] c.d.s.service.ProtectedSeckillService    : submission queued request=7e571861-45ec-39a9-8297-6555623cacde
2026-09-29T14:49:49.360+08:00  INFO 4276 --- [seckill-system] [io-18090-exec-6] c.d.s.service.ProtectedSeckillService    : submission queued request=6970f25e-38fa-3e00-b3d7-c3c86dfa9c8f
2026-09-29T14:49:49.360+08:00  INFO 4276 --- [seckill-system] [io-18090-exec-5] c.d.s.service.ProtectedSeckillService    : submission queued request=e2f95209-fcc2-3208-87b4-a86061f1a2eb
2026-09-29T14:49:49.360+08:00  INFO 4276 --- [seckill-system] [io-18090-exec-3] c.d.s.service.ProtectedSeckillService    : submission queued request=87c27435-cfc6-3dc4-8a4f-17e9efe48028
2026-09-29T14:49:49.360+08:00  INFO 4276 --- [seckill-system] [o-18090-exec-10] c.d.s.service.ProtectedSeckillService    : submission queued request=bd49896c-6204-3204-b7b2-07ff5d4ee1c4
2026-09-29T14:49:49.371+08:00  INFO 4276 --- [seckill-system] [OrderListener-1] c.d.seckill.service.AsyncOrderConsumer   : order committed request=bd49896c-6204-3204-b7b2-07ff5d4ee1c4 order=133109
2026-09-29T14:49:49.371+08:00  INFO 4276 --- [seckill-system] [OrderListener-2] c.d.seckill.service.AsyncOrderConsumer   : order committed request=6970f25e-38fa-3e00-b3d7-c3c86dfa9c8f order=133110
2026-09-29T14:49:49.383+08:00  INFO 4276 --- [seckill-system] [OrderListener-2] c.d.seckill.service.AsyncOrderConsumer   : order committed request=7e571861-45ec-39a9-8297-6555623cacde order=133111
2026-09-29T14:49:49.384+08:00  INFO 4276 --- [seckill-system] [OrderListener-1] c.d.seckill.service.AsyncOrderConsumer   : order committed request=e2f95209-fcc2-3208-87b4-a86061f1a2eb order=133112
2026-09-29T14:49:49.396+08:00  INFO 4276 --- [seckill-system] [OrderListener-2] c.d.seckill.service.AsyncOrderConsumer   : order committed request=87c27435-cfc6-3dc4-8a4f-17e9efe48028 order=133113
2026-09-29T14:49:49.396+08:00  INFO 4276 --- [seckill-system] [OrderListener-1] c.d.seckill.service.AsyncOrderConsumer   : order committed request=c3f1381a-73b8-31a7-83d9-e7d7abcdb30a order=133114
2026-09-29T14:49:49.422+08:00  INFO 4276 --- [seckill-system] [io-18090-exec-7] c.d.s.service.ProtectedSeckillService    : submission queued request=8ffa2e2a-bd7c-38bc-a3d9-949a296bf7f9
2026-09-29T14:49:49.422+08:00  INFO 4276 --- [seckill-system] [io-18090-exec-2] c.d.s.service.ProtectedSeckillService    : submission queued request=bce009e7-3eb3-3d9f-9a50-a85aca32244f
2026-09-29T14:49:49.422+08:00  INFO 4276 --- [seckill-system] [io-18090-exec-9] c.d.s.service.ProtectedSeckillService    : submission queued request=a85ba9fc-3bd2-3d88-a1cb-eaee1f31a1d4
2026-09-29T14:49:49.422+08:00  INFO 4276 --- [seckill-system] [io-18090-exec-1] c.d.s.service.ProtectedSeckillService    : submission queued request=9be27598-c4ed-3e33-b44e-135552becc32
2026-09-29T14:49:49.434+08:00  INFO 4276 --- [seckill-system] [OrderListener-2] c.d.seckill.service.AsyncOrderConsumer   : order committed request=a85ba9fc-3bd2-3d88-a1cb-eaee1f31a1d4 order=133116
2026-09-29T14:49:49.435+08:00  INFO 4276 --- [seckill-system] [OrderListener-1] c.d.seckill.service.AsyncOrderConsumer   : order committed request=bce009e7-3eb3-3d9f-9a50-a85aca32244f order=133115
2026-09-29T14:49:49.448+08:00  INFO 4276 --- [seckill-system] [OrderListener-1] c.d.seckill.service.AsyncOrderConsumer   : order committed request=8ffa2e2a-bd7c-38bc-a3d9-949a296bf7f9 order=133118
2026-09-29T14:49:49.448+08:00  INFO 4276 --- [seckill-system] [OrderListener-2] c.d.seckill.service.AsyncOrderConsumer   : order committed request=9be27598-c4ed-3e33-b44e-135552becc32 order=133117
2026-09-29T14:49:49.482+08:00  INFO 4276 --- [seckill-system] [io-18090-exec-6] c.d.s.service.ProtectedSeckillService    : submission queued request=48f2e430-2eb0-36ac-a90d-7d63928ca5ef
2026-09-29T14:49:49.483+08:00  INFO 4276 --- [seckill-system] [io-18090-exec-4] c.d.s.service.ProtectedSeckillService    : submission queued request=6afd8ebe-350f-3347-b0dc-88b34959fef4
2026-09-29T14:49:49.483+08:00  INFO 4276 --- [seckill-system] [o-18090-exec-10] c.d.s.service.ProtectedSeckillService    : submission queued request=c13734e9-00cc-3b84-a242-938654bad7c9
2026-09-29T14:49:49.489+08:00  INFO 4276 --- [seckill-system] [io-18090-exec-8] c.d.s.service.ProtectedSeckillService    : submission queued request=83a6c52c-491f-3efd-b644-de6b3a74e57f
2026-09-29T14:49:49.489+08:00  INFO 4276 --- [seckill-system] [io-18090-exec-3] c.d.s.service.ProtectedSeckillService    : submission queued request=0c0d4157-c061-3b1d-a6aa-fc9614c9605a
2026-09-29T14:49:49.489+08:00  INFO 4276 --- [seckill-system] [io-18090-exec-5] c.d.s.service.ProtectedSeckillService    : submission queued request=15319225-8077-3f61-ab1b-32ddb4b24edb
2026-09-29T14:49:49.499+08:00  INFO 4276 --- [seckill-system] [OrderListener-1] c.d.seckill.service.AsyncOrderConsumer   : order committed request=6afd8ebe-350f-3347-b0dc-88b34959fef4 order=133119
2026-09-29T14:49:49.500+08:00  INFO 4276 --- [seckill-system] [OrderListener-2] c.d.seckill.service.AsyncOrderConsumer   : order committed request=c13734e9-00cc-3b84-a242-938654bad7c9 order=133120
2026-09-29T14:49:49.511+08:00  INFO 4276 --- [seckill-system] [OrderListener-1] c.d.seckill.service.AsyncOrderConsumer   : order committed request=83a6c52c-491f-3efd-b644-de6b3a74e57f order=133121
2026-09-29T14:49:49.511+08:00  INFO 4276 --- [seckill-system] [OrderListener-2] c.d.seckill.service.AsyncOrderConsumer   : order committed request=48f2e430-2eb0-36ac-a90d-7d63928ca5ef order=133122
2026-09-29T14:49:49.522+08:00  INFO 4276 --- [seckill-system] [OrderListener-2] c.d.seckill.service.AsyncOrderConsumer   : order committed request=15319225-8077-3f61-ab1b-32ddb4b24edb order=133124
2026-09-29T14:49:49.523+08:00  INFO 4276 --- [seckill-system] [OrderListener-1] c.d.seckill.service.AsyncOrderConsumer   : order committed request=0c0d4157-c061-3b1d-a6aa-fc9614c9605a order=133123
2026-09-29T14:49:49.546+08:00  INFO 4276 --- [seckill-system] [io-18090-exec-9] c.d.s.service.ProtectedSeckillService    : submission queued request=30c0a75a-7e41-30b1-aadd-db2dc6c6a6e5
2026-09-29T14:49:49.546+08:00  INFO 4276 --- [seckill-system] [io-18090-exec-2] c.d.s.service.ProtectedSeckillService    : submission queued request=d423d338-d494-3056-9c66-51295b61656e
2026-09-29T14:49:49.546+08:00  INFO 4276 --- [seckill-system] [io-18090-exec-7] c.d.s.service.ProtectedSeckillService    : submission queued request=f7888b0c-ea10-342a-b7c8-ffc0f6438c3f
2026-09-29T14:49:49.546+08:00  INFO 4276 --- [seckill-system] [io-18090-exec-1] c.d.s.service.ProtectedSeckillService    : submission queued request=61699af2-ae22-3bd6-8379-5cd7dffe8688
2026-09-29T14:49:49.557+08:00  INFO 4276 --- [seckill-system] [OrderListener-1] c.d.seckill.service.AsyncOrderConsumer   : order committed request=d423d338-d494-3056-9c66-51295b61656e order=133126
2026-09-29T14:49:49.557+08:00  INFO 4276 --- [seckill-system] [OrderListener-2] c.d.seckill.service.AsyncOrderConsumer   : order committed request=30c0a75a-7e41-30b1-aadd-db2dc6c6a6e5 order=133125
2026-09-29T14:49:49.568+08:00  INFO 4276 --- [seckill-system] [OrderListener-2] c.d.seckill.service.AsyncOrderConsumer   : order committed request=f7888b0c-ea10-342a-b7c8-ffc0f6438c3f order=133128
2026-09-29T14:49:49.568+08:00  INFO 4276 --- [seckill-system] [OrderListener-1] c.d.seckill.service.AsyncOrderConsumer   : order committed request=61699af2-ae22-3bd6-8379-5cd7dffe8688 order=133127
2026-09-29T14:49:49.605+08:00  INFO 4276 --- [seckill-system] [io-18090-exec-5] c.d.s.service.ProtectedSeckillService    : submission queued request=a789e454-572c-383e-bfa6-be02ef757a6d
2026-09-29T14:49:49.605+08:00  INFO 4276 --- [seckill-system] [o-18090-exec-10] c.d.s.service.ProtectedSeckillService    : submission queued request=9113906b-4846-3b77-9de6-3da4cb77ec3f
2026-09-29T14:49:49.605+08:00  INFO 4276 --- [seckill-system] [io-18090-exec-3] c.d.s.service.ProtectedSeckillService    : submission queued request=9e12edc4-20b4-38f0-9147-a1f7354e240d
2026-09-29T14:49:49.611+08:00  INFO 4276 --- [seckill-system] [io-18090-exec-4] c.d.s.service.ProtectedSeckillService    : submission queued request=e47d3956-7a29-314e-bc91-29df8a0f86c5
2026-09-29T14:49:49.612+08:00  INFO 4276 --- [seckill-system] [io-18090-exec-6] c.d.s.service.ProtectedSeckillService    : submission queued request=67d5d0e9-2e83-3690-9dd8-448b987c0791
2026-09-29T14:49:49.612+08:00  INFO 4276 --- [seckill-system] [io-18090-exec-8] c.d.s.service.ProtectedSeckillService    : submission queued request=3c836100-5e5e-30bf-9be5-1fa5d44d9b46
2026-09-29T14:49:49.622+08:00  INFO 4276 --- [seckill-system] [OrderListener-1] c.d.seckill.service.AsyncOrderConsumer   : order committed request=9e12edc4-20b4-38f0-9147-a1f7354e240d order=133129
2026-09-29T14:49:49.623+08:00  INFO 4276 --- [seckill-system] [OrderListener-2] c.d.seckill.service.AsyncOrderConsumer   : order committed request=9113906b-4846-3b77-9de6-3da4cb77ec3f order=133130
2026-09-29T14:49:49.635+08:00  INFO 4276 --- [seckill-system] [OrderListener-1] c.d.seckill.service.AsyncOrderConsumer   : order committed request=e47d3956-7a29-314e-bc91-29df8a0f86c5 order=133131
2026-09-29T14:49:49.635+08:00  INFO 4276 --- [seckill-system] [OrderListener-2] c.d.seckill.service.AsyncOrderConsumer   : order committed request=a789e454-572c-383e-bfa6-be02ef757a6d order=133132
2026-09-29T14:49:49.646+08:00  INFO 4276 --- [seckill-system] [OrderListener-2] c.d.seckill.service.AsyncOrderConsumer   : order committed request=67d5d0e9-2e83-3690-9dd8-448b987c0791 order=133134
2026-09-29T14:49:49.646+08:00  INFO 4276 --- [seckill-system] [OrderListener-1] c.d.seckill.service.AsyncOrderConsumer   : order committed request=3c836100-5e5e-30bf-9be5-1fa5d44d9b46 order=133133
2026-09-29T14:49:49.670+08:00  INFO 4276 --- [seckill-system] [io-18090-exec-7] c.d.s.service.ProtectedSeckillService    : submission queued request=118710a8-d7b2-3d85-91ee-3c929914ac25
2026-09-29T14:49:49.670+08:00  INFO 4276 --- [seckill-system] [io-18090-exec-2] c.d.s.service.ProtectedSeckillService    : submission queued request=b92e1c68-c407-3d2a-87ca-bc89264eeef8
2026-09-29T14:49:49.670+08:00  INFO 4276 --- [seckill-system] [io-18090-exec-1] c.d.s.service.ProtectedSeckillService    : submission queued request=4c044125-4915-3131-a97d-e4c2b67b1ba6
2026-09-29T14:49:49.670+08:00  INFO 4276 --- [seckill-system] [io-18090-exec-9] c.d.s.service.ProtectedSeckillService    : submission queued request=619a48d1-f94f-31a4-a45d-6ec6af3ca083
2026-09-29T14:49:49.682+08:00  INFO 4276 --- [seckill-system] [OrderListener-1] c.d.seckill.service.AsyncOrderConsumer   : order committed request=118710a8-d7b2-3d85-91ee-3c929914ac25 order=133135
2026-09-29T14:49:49.682+08:00  INFO 4276 --- [seckill-system] [OrderListener-2] c.d.seckill.service.AsyncOrderConsumer   : order committed request=619a48d1-f94f-31a4-a45d-6ec6af3ca083 order=133136
2026-09-29T14:49:49.694+08:00  INFO 4276 --- [seckill-system] [OrderListener-1] c.d.seckill.service.AsyncOrderConsumer   : order committed request=4c044125-4915-3131-a97d-e4c2b67b1ba6 order=133137
2026-09-29T14:49:49.694+08:00  INFO 4276 --- [seckill-system] [OrderListener-2] c.d.seckill.service.AsyncOrderConsumer   : order committed request=b92e1c68-c407-3d2a-87ca-bc89264eeef8 order=133138
2026-09-29T14:49:49.729+08:00  INFO 4276 --- [seckill-system] [io-18090-exec-3] c.d.s.service.ProtectedSeckillService    : submission queued request=1f29b927-4950-3c72-be14-7b8de81e6416
2026-09-29T14:49:49.729+08:00  INFO 4276 --- [seckill-system] [io-18090-exec-8] c.d.s.service.ProtectedSeckillService    : submission queued request=64734622-f7b2-3b9c-8295-205fe9e0c785
2026-09-29T14:49:49.729+08:00  INFO 4276 --- [seckill-system] [io-18090-exec-6] c.d.s.service.ProtectedSeckillService    : submission queued request=7a42c7a6-449d-353a-89de-9a070b950331
2026-09-29T14:49:49.729+08:00  INFO 4276 --- [seckill-system] [io-18090-exec-4] c.d.s.service.ProtectedSeckillService    : submission queued request=bcd0d8ce-810c-3dd2-85ca-505b86a6a10d
2026-09-29T14:49:49.729+08:00  INFO 4276 --- [seckill-system] [io-18090-exec-5] c.d.s.service.ProtectedSeckillService    : submission queued request=6cdab8a0-0bd0-37bc-9d91-8fd7796baf32
2026-09-29T14:49:49.730+08:00  INFO 4276 --- [seckill-system] [o-18090-exec-10] c.d.s.service.ProtectedSeckillService    : submission queued request=1643af26-185b-380b-ba20-413e9efd3d08
2026-09-29T14:49:49.741+08:00  INFO 4276 --- [seckill-system] [OrderListener-2] c.d.seckill.service.AsyncOrderConsumer   : order committed request=1f29b927-4950-3c72-be14-7b8de81e6416 order=133139
2026-09-29T14:49:49.741+08:00  INFO 4276 --- [seckill-system] [OrderListener-1] c.d.seckill.service.AsyncOrderConsumer   : order committed request=bcd0d8ce-810c-3dd2-85ca-505b86a6a10d order=133140
2026-09-29T14:49:49.753+08:00  INFO 4276 --- [seckill-system] [OrderListener-2] c.d.seckill.service.AsyncOrderConsumer   : order committed request=7a42c7a6-449d-353a-89de-9a070b950331 order=133141
2026-09-29T14:49:49.753+08:00  INFO 4276 --- [seckill-system] [OrderListener-1] c.d.seckill.service.AsyncOrderConsumer   : order committed request=1643af26-185b-380b-ba20-413e9efd3d08 order=133142
2026-09-29T14:49:49.764+08:00  INFO 4276 --- [seckill-system] [OrderListener-1] c.d.seckill.service.AsyncOrderConsumer   : order committed request=6cdab8a0-0bd0-37bc-9d91-8fd7796baf32 order=133144
2026-09-29T14:49:49.765+08:00  INFO 4276 --- [seckill-system] [OrderListener-2] c.d.seckill.service.AsyncOrderConsumer   : order committed request=64734622-f7b2-3b9c-8295-205fe9e0c785 order=133143
2026-09-29T14:49:49.791+08:00  INFO 4276 --- [seckill-system] [io-18090-exec-1] c.d.s.service.ProtectedSeckillService    : submission queued request=cfd1c7df-2948-36d2-bb60-248c70566b17
2026-09-29T14:49:49.791+08:00  INFO 4276 --- [seckill-system] [io-18090-exec-7] c.d.s.service.ProtectedSeckillService    : submission queued request=48524c1f-1ce2-30b4-a66c-516c8a5b771c
2026-09-29T14:49:49.791+08:00  INFO 4276 --- [seckill-system] [io-18090-exec-2] c.d.s.service.ProtectedSeckillService    : submission queued request=f5fca7e8-b8bc-357c-a12f-40be5abad87b
2026-09-29T14:49:49.791+08:00  INFO 4276 --- [seckill-system] [io-18090-exec-9] c.d.s.service.ProtectedSeckillService    : submission queued request=6d08ee5b-cd25-3b65-ba36-2f81cc55aa0b
2026-09-29T14:49:49.802+08:00  INFO 4276 --- [seckill-system] [OrderListener-1] c.d.seckill.service.AsyncOrderConsumer   : order committed request=f5fca7e8-b8bc-357c-a12f-40be5abad87b order=133145
2026-09-29T14:49:49.802+08:00  INFO 4276 --- [seckill-system] [OrderListener-2] c.d.seckill.service.AsyncOrderConsumer   : order committed request=48524c1f-1ce2-30b4-a66c-516c8a5b771c order=133146
2026-09-29T14:49:49.814+08:00  INFO 4276 --- [seckill-system] [OrderListener-2] c.d.seckill.service.AsyncOrderConsumer   : order committed request=6d08ee5b-cd25-3b65-ba36-2f81cc55aa0b order=133147
2026-09-29T14:49:49.815+08:00  INFO 4276 --- [seckill-system] [OrderListener-1] c.d.seckill.service.AsyncOrderConsumer   : order committed request=cfd1c7df-2948-36d2-bb60-248c70566b17 order=133148
2026-09-29T14:49:49.853+08:00  INFO 4276 --- [seckill-system] [io-18090-exec-3] c.d.s.service.ProtectedSeckillService    : submission queued request=170c9872-e3f3-3b7a-9214-1038cadc7097
2026-09-29T14:49:49.853+08:00  INFO 4276 --- [seckill-system] [o-18090-exec-10] c.d.s.service.ProtectedSeckillService    : submission queued request=61fb0225-750d-36e6-949f-c0d466e26bb1
2026-09-29T14:49:49.853+08:00  INFO 4276 --- [seckill-system] [io-18090-exec-4] c.d.s.service.ProtectedSeckillService    : submission queued request=2d182a30-fa6e-35b7-ab3f-711de62196f6
2026-09-29T14:49:49.853+08:00  INFO 4276 --- [seckill-system] [io-18090-exec-5] c.d.s.service.ProtectedSeckillService    : submission queued request=87c64a40-ff31-3045-a857-ffcadb64a272
2026-09-29T14:49:49.858+08:00  INFO 4276 --- [seckill-system] [io-18090-exec-8] c.d.s.service.ProtectedSeckillService    : submission queued request=98ee9489-73a1-3092-8e60-bd7f83ab3da7
2026-09-29T14:49:49.859+08:00  INFO 4276 --- [seckill-system] [io-18090-exec-6] c.d.s.service.ProtectedSeckillService    : submission queued request=fa470a5b-9cee-351a-a81d-79446c68567f
2026-09-29T14:49:49.864+08:00  INFO 4276 --- [seckill-system] [OrderListener-2] c.d.seckill.service.AsyncOrderConsumer   : order committed request=61fb0225-750d-36e6-949f-c0d466e26bb1 order=133150
2026-09-29T14:49:49.864+08:00  INFO 4276 --- [seckill-system] [OrderListener-1] c.d.seckill.service.AsyncOrderConsumer   : order committed request=87c64a40-ff31-3045-a857-ffcadb64a272 order=133149
2026-09-29T14:49:49.876+08:00  INFO 4276 --- [seckill-system] [OrderListener-2] c.d.seckill.service.AsyncOrderConsumer   : order committed request=170c9872-e3f3-3b7a-9214-1038cadc7097 order=133152
2026-09-29T14:49:49.876+08:00  INFO 4276 --- [seckill-system] [OrderListener-1] c.d.seckill.service.AsyncOrderConsumer   : order committed request=2d182a30-fa6e-35b7-ab3f-711de62196f6 order=133151
2026-09-29T14:49:49.886+08:00  INFO 4276 --- [seckill-system] [OrderListener-1] c.d.seckill.service.AsyncOrderConsumer   : order committed request=fa470a5b-9cee-351a-a81d-79446c68567f order=133153
2026-09-29T14:49:49.887+08:00  INFO 4276 --- [seckill-system] [OrderListener-2] c.d.seckill.service.AsyncOrderConsumer   : order committed request=98ee9489-73a1-3092-8e60-bd7f83ab3da7 order=133154
2026-09-29T14:49:49.912+08:00  INFO 4276 --- [seckill-system] [io-18090-exec-9] c.d.s.service.ProtectedSeckillService    : submission queued request=1d795c4d-c09e-3b2c-8e18-241c4db2f3c4
2026-09-29T14:49:49.912+08:00  INFO 4276 --- [seckill-system] [io-18090-exec-1] c.d.s.service.ProtectedSeckillService    : submission queued request=98c139fd-766c-3169-a359-c0167f0f003d
2026-09-29T14:49:49.912+08:00  INFO 4276 --- [seckill-system] [io-18090-exec-2] c.d.s.service.ProtectedSeckillService    : submission queued request=db54f72c-07e3-367b-8e6d-4d9d7c27a17a
2026-09-29T14:49:49.912+08:00  INFO 4276 --- [seckill-system] [io-18090-exec-7] c.d.s.service.ProtectedSeckillService    : submission queued request=2441be86-9a0e-3e57-98e6-e8ed95a7f597
2026-09-29T14:49:49.923+08:00  INFO 4276 --- [seckill-system] [OrderListener-2] c.d.seckill.service.AsyncOrderConsumer   : order committed request=1d795c4d-c09e-3b2c-8e18-241c4db2f3c4 order=133155
2026-09-29T14:49:49.923+08:00  INFO 4276 --- [seckill-system] [OrderListener-1] c.d.seckill.service.AsyncOrderConsumer   : order committed request=2441be86-9a0e-3e57-98e6-e8ed95a7f597 order=133156
2026-09-29T14:49:49.933+08:00  INFO 4276 --- [seckill-system] [OrderListener-2] c.d.seckill.service.AsyncOrderConsumer   : order committed request=98c139fd-766c-3169-a359-c0167f0f003d order=133158
2026-09-29T14:49:49.935+08:00  INFO 4276 --- [seckill-system] [OrderListener-1] c.d.seckill.service.AsyncOrderConsumer   : order committed request=db54f72c-07e3-367b-8e6d-4d9d7c27a17a order=133157
2026-09-29T14:49:49.974+08:00  INFO 4276 --- [seckill-system] [io-18090-exec-4] c.d.s.service.ProtectedSeckillService    : submission queued request=7fca1769-741d-3554-beba-e423152c8715
2026-09-29T14:49:49.974+08:00  INFO 4276 --- [seckill-system] [io-18090-exec-6] c.d.s.service.ProtectedSeckillService    : submission queued request=d25444e5-7a60-3dda-add1-c61cdb83932a
2026-09-29T14:49:49.974+08:00  INFO 4276 --- [seckill-system] [io-18090-exec-5] c.d.s.service.ProtectedSeckillService    : submission queued request=2f2ffa32-413e-3d01-9f6f-a07828a6e02b
2026-09-29T14:49:49.974+08:00  INFO 4276 --- [seckill-system] [o-18090-exec-10] c.d.s.service.ProtectedSeckillService    : submission queued request=2fd83689-8883-35d8-a1f3-52cc1931b642
2026-09-29T14:49:49.977+08:00  INFO 4276 --- [seckill-system] [io-18090-exec-3] c.d.s.service.ProtectedSeckillService    : submission queued request=1334cdba-d0f9-3d73-a904-62997d242991
2026-09-29T14:49:49.978+08:00  INFO 4276 --- [seckill-system] [io-18090-exec-8] c.d.s.service.ProtectedSeckillService    : submission queued request=d61042b4-ccb3-3f1d-973a-aa8e77060eb6
2026-09-29T14:49:49.986+08:00  INFO 4276 --- [seckill-system] [OrderListener-2] c.d.seckill.service.AsyncOrderConsumer   : order committed request=d25444e5-7a60-3dda-add1-c61cdb83932a order=133159
2026-09-29T14:49:49.986+08:00  INFO 4276 --- [seckill-system] [OrderListener-1] c.d.seckill.service.AsyncOrderConsumer   : order committed request=7fca1769-741d-3554-beba-e423152c8715 order=133160
2026-09-29T14:49:49.997+08:00  INFO 4276 --- [seckill-system] [OrderListener-1] c.d.seckill.service.AsyncOrderConsumer   : order committed request=2fd83689-8883-35d8-a1f3-52cc1931b642 order=133162
2026-09-29T14:49:49.997+08:00  INFO 4276 --- [seckill-system] [OrderListener-2] c.d.seckill.service.AsyncOrderConsumer   : order committed request=2f2ffa32-413e-3d01-9f6f-a07828a6e02b order=133161
2026-09-29T14:49:50.007+08:00  INFO 4276 --- [seckill-system] [OrderListener-2] c.d.seckill.service.AsyncOrderConsumer   : order committed request=1334cdba-d0f9-3d73-a904-62997d242991 order=133163
2026-09-29T14:49:50.008+08:00  INFO 4276 --- [seckill-system] [OrderListener-1] c.d.seckill.service.AsyncOrderConsumer   : order committed request=d61042b4-ccb3-3f1d-973a-aa8e77060eb6 order=133164
2026-09-29T14:49:50.034+08:00  INFO 4276 --- [seckill-system] [io-18090-exec-2] c.d.s.service.ProtectedSeckillService    : submission queued request=10decc66-d833-32ed-ab15-8d8e50b5dfdf
2026-09-29T14:49:50.034+08:00  INFO 4276 --- [seckill-system] [io-18090-exec-7] c.d.s.service.ProtectedSeckillService    : submission queued request=9e74734e-a91f-3150-809e-ed06162b55a8
2026-09-29T14:49:50.034+08:00  INFO 4276 --- [seckill-system] [io-18090-exec-9] c.d.s.service.ProtectedSeckillService    : submission queued request=28483134-9f92-3962-8459-27d7585b23fb
2026-09-29T14:49:50.034+08:00  INFO 4276 --- [seckill-system] [io-18090-exec-1] c.d.s.service.ProtectedSeckillService    : submission queued request=da6f671e-f81b-3722-823c-178fc90873ca
2026-09-29T14:49:50.045+08:00  INFO 4276 --- [seckill-system] [OrderListener-1] c.d.seckill.service.AsyncOrderConsumer   : order committed request=9e74734e-a91f-3150-809e-ed06162b55a8 order=133165
2026-09-29T14:49:50.045+08:00  INFO 4276 --- [seckill-system] [OrderListener-2] c.d.seckill.service.AsyncOrderConsumer   : order committed request=28483134-9f92-3962-8459-27d7585b23fb order=133166
2026-09-29T14:49:50.056+08:00  INFO 4276 --- [seckill-system] [OrderListener-2] c.d.seckill.service.AsyncOrderConsumer   : order committed request=10decc66-d833-32ed-ab15-8d8e50b5dfdf order=133168
2026-09-29T14:49:50.056+08:00  INFO 4276 --- [seckill-system] [OrderListener-1] c.d.seckill.service.AsyncOrderConsumer   : order committed request=da6f671e-f81b-3722-823c-178fc90873ca order=133167
2026-09-29T14:49:50.095+08:00  INFO 4276 --- [seckill-system] [io-18090-exec-6] c.d.s.service.ProtectedSeckillService    : submission queued request=825c1d28-efb3-30c4-95a5-4da71c7a8d9c
2026-09-29T14:49:50.095+08:00  INFO 4276 --- [seckill-system] [io-18090-exec-4] c.d.s.service.ProtectedSeckillService    : submission queued request=60e641db-fbc4-3504-b70f-24e516e956cf
2026-09-29T14:49:50.095+08:00  INFO 4276 --- [seckill-system] [io-18090-exec-3] c.d.s.service.ProtectedSeckillService    : submission queued request=05074289-e734-3d69-91aa-038d158c1702
2026-09-29T14:49:50.095+08:00  INFO 4276 --- [seckill-system] [io-18090-exec-5] c.d.s.service.ProtectedSeckillService    : submission queued request=4da01e5c-0d62-3177-ae8b-adec5c2eb9c3
2026-09-29T14:49:50.095+08:00  INFO 4276 --- [seckill-system] [io-18090-exec-8] c.d.s.service.ProtectedSeckillService    : submission queued request=9db5ab8d-f9de-3129-856d-5fe525d07b18
2026-09-29T14:49:50.095+08:00  INFO 4276 --- [seckill-system] [o-18090-exec-10] c.d.s.service.ProtectedSeckillService    : submission queued request=7ad9d032-bad4-3ad9-90de-e67e39090c78
2026-09-29T14:49:50.112+08:00  INFO 4276 --- [seckill-system] [OrderListener-1] c.d.seckill.service.AsyncOrderConsumer   : order committed request=60e641db-fbc4-3504-b70f-24e516e956cf order=133169
2026-09-29T14:49:50.113+08:00  INFO 4276 --- [seckill-system] [OrderListener-2] c.d.seckill.service.AsyncOrderConsumer   : order committed request=4da01e5c-0d62-3177-ae8b-adec5c2eb9c3 order=133170
2026-09-29T14:49:50.124+08:00  INFO 4276 --- [seckill-system] [OrderListener-2] c.d.seckill.service.AsyncOrderConsumer   : order committed request=825c1d28-efb3-30c4-95a5-4da71c7a8d9c order=133171
2026-09-29T14:49:50.124+08:00  INFO 4276 --- [seckill-system] [OrderListener-1] c.d.seckill.service.AsyncOrderConsumer   : order committed request=05074289-e734-3d69-91aa-038d158c1702 order=133172
2026-09-29T14:49:50.135+08:00  INFO 4276 --- [seckill-system] [OrderListener-1] c.d.seckill.service.AsyncOrderConsumer   : order committed request=7ad9d032-bad4-3ad9-90de-e67e39090c78 order=133174
2026-09-29T14:49:50.135+08:00  INFO 4276 --- [seckill-system] [OrderListener-2] c.d.seckill.service.AsyncOrderConsumer   : order committed request=9db5ab8d-f9de-3129-856d-5fe525d07b18 order=133173
2026-09-29T14:49:50.158+08:00  INFO 4276 --- [seckill-system] [io-18090-exec-9] c.d.s.service.ProtectedSeckillService    : submission queued request=fbd38130-853d-369d-9a0b-eedeb6e6d2ba
2026-09-29T14:49:50.158+08:00  INFO 4276 --- [seckill-system] [io-18090-exec-2] c.d.s.service.ProtectedSeckillService    : submission queued request=fa3117e0-80f7-3170-9478-60fdac1b47f7
2026-09-29T14:49:50.159+08:00  INFO 4276 --- [seckill-system] [io-18090-exec-7] c.d.s.service.ProtectedSeckillService    : submission queued request=08889c46-ff6a-3951-9a76-f58343a3cb9b
2026-09-29T14:49:50.164+08:00  INFO 4276 --- [seckill-system] [io-18090-exec-1] c.d.s.service.ProtectedSeckillService    : submission queued request=6e139a2b-8a26-3bd1-b5c3-9756442613b6
2026-09-29T14:49:50.174+08:00  INFO 4276 --- [seckill-system] [OrderListener-2] c.d.seckill.service.AsyncOrderConsumer   : order committed request=fa3117e0-80f7-3170-9478-60fdac1b47f7 order=133175
2026-09-29T14:49:50.175+08:00  INFO 4276 --- [seckill-system] [OrderListener-1] c.d.seckill.service.AsyncOrderConsumer   : order committed request=08889c46-ff6a-3951-9a76-f58343a3cb9b order=133176
2026-09-29T14:49:50.186+08:00  INFO 4276 --- [seckill-system] [OrderListener-2] c.d.seckill.service.AsyncOrderConsumer   : order committed request=fbd38130-853d-369d-9a0b-eedeb6e6d2ba order=133177
2026-09-29T14:49:50.186+08:00  INFO 4276 --- [seckill-system] [OrderListener-1] c.d.seckill.service.AsyncOrderConsumer   : order committed request=6e139a2b-8a26-3bd1-b5c3-9756442613b6 order=133178
2026-09-29T14:49:50.225+08:00  INFO 4276 --- [seckill-system] [io-18090-exec-3] c.d.s.service.ProtectedSeckillService    : submission queued request=e9da6d40-c99d-3bc6-960f-aabeea754e7f
2026-09-29T14:49:50.226+08:00  INFO 4276 --- [seckill-system] [io-18090-exec-6] c.d.s.service.ProtectedSeckillService    : submission queued request=2c654493-434d-36c2-8a22-b332a0758ca8
2026-09-29T14:49:50.226+08:00  INFO 4276 --- [seckill-system] [io-18090-exec-4] c.d.s.service.ProtectedSeckillService    : submission queued request=e895c753-3f05-3d9a-9acf-60da4d66598b
2026-09-29T14:49:50.231+08:00  INFO 4276 --- [seckill-system] [io-18090-exec-8] c.d.s.service.ProtectedSeckillService    : submission queued request=cf30f89e-31f7-3410-9861-632dd0f727dc
2026-09-29T14:49:50.231+08:00  INFO 4276 --- [seckill-system] [o-18090-exec-10] c.d.s.service.ProtectedSeckillService    : submission queued request=886b04ef-ef73-3d73-851e-3fc0c638dc9c
2026-09-29T14:49:50.231+08:00  INFO 4276 --- [seckill-system] [io-18090-exec-5] c.d.s.service.ProtectedSeckillService    : submission queued request=b1a99475-f17e-3e91-94e3-5fef4bf98119
2026-09-29T14:49:50.238+08:00  INFO 4276 --- [seckill-system] [OrderListener-2] c.d.seckill.service.AsyncOrderConsumer   : order committed request=2c654493-434d-36c2-8a22-b332a0758ca8 order=133179
2026-09-29T14:49:50.242+08:00  INFO 4276 --- [seckill-system] [OrderListener-1] c.d.seckill.service.AsyncOrderConsumer   : order committed request=e9da6d40-c99d-3bc6-960f-aabeea754e7f order=133180
2026-09-29T14:49:50.248+08:00  INFO 4276 --- [seckill-system] [OrderListener-2] c.d.seckill.service.AsyncOrderConsumer   : order committed request=e895c753-3f05-3d9a-9acf-60da4d66598b order=133181
2026-09-29T14:49:50.253+08:00  INFO 4276 --- [seckill-system] [OrderListener-1] c.d.seckill.service.AsyncOrderConsumer   : order committed request=cf30f89e-31f7-3410-9861-632dd0f727dc order=133182
2026-09-29T14:49:50.259+08:00  INFO 4276 --- [seckill-system] [OrderListener-2] c.d.seckill.service.AsyncOrderConsumer   : order committed request=886b04ef-ef73-3d73-851e-3fc0c638dc9c order=133183
2026-09-29T14:49:50.263+08:00  INFO 4276 --- [seckill-system] [OrderListener-1] c.d.seckill.service.AsyncOrderConsumer   : order committed request=b1a99475-f17e-3e91-94e3-5fef4bf98119 order=133184
2026-09-29T14:49:50.285+08:00  INFO 4276 --- [seckill-system] [io-18090-exec-9] c.d.s.service.ProtectedSeckillService    : submission queued request=600261ad-abd5-3c05-8ff4-709dc27e3cba
2026-09-29T14:49:50.285+08:00  INFO 4276 --- [seckill-system] [io-18090-exec-7] c.d.s.service.ProtectedSeckillService    : submission queued request=08363109-e4e9-376a-988a-f8e8620de70b
2026-09-29T14:49:50.286+08:00  INFO 4276 --- [seckill-system] [io-18090-exec-1] c.d.s.service.ProtectedSeckillService    : submission queued request=c0a0aa0a-be00-3be4-bed5-84b3d2af2233
2026-09-29T14:49:50.286+08:00  INFO 4276 --- [seckill-system] [io-18090-exec-2] c.d.s.service.ProtectedSeckillService    : submission queued request=11bafe30-0a50-3b9c-a24a-efb1c08bc512
2026-09-29T14:49:50.296+08:00  INFO 4276 --- [seckill-system] [OrderListener-1] c.d.seckill.service.AsyncOrderConsumer   : order committed request=600261ad-abd5-3c05-8ff4-709dc27e3cba order=133186
2026-09-29T14:49:50.297+08:00  INFO 4276 --- [seckill-system] [OrderListener-2] c.d.seckill.service.AsyncOrderConsumer   : order committed request=11bafe30-0a50-3b9c-a24a-efb1c08bc512 order=133185
2026-09-29T14:49:50.307+08:00  INFO 4276 --- [seckill-system] [OrderListener-1] c.d.seckill.service.AsyncOrderConsumer   : order committed request=08363109-e4e9-376a-988a-f8e8620de70b order=133187
2026-09-29T14:49:50.308+08:00  INFO 4276 --- [seckill-system] [OrderListener-2] c.d.seckill.service.AsyncOrderConsumer   : order committed request=c0a0aa0a-be00-3be4-bed5-84b3d2af2233 order=133188
2026-09-29T14:49:50.357+08:00  INFO 4276 --- [seckill-system] [io-18090-exec-4] c.d.s.service.ProtectedSeckillService    : submission queued request=077e1663-4a5b-3397-882d-1eef6f9369d9
2026-09-29T14:49:50.357+08:00  INFO 4276 --- [seckill-system] [o-18090-exec-10] c.d.s.service.ProtectedSeckillService    : submission queued request=86aaf023-5ffa-36b9-a7ea-b7666ab0c1be
2026-09-29T14:49:50.357+08:00  INFO 4276 --- [seckill-system] [io-18090-exec-5] c.d.s.service.ProtectedSeckillService    : submission queued request=935327de-826e-34da-9041-3efcbdfe6742
2026-09-29T14:49:50.358+08:00  INFO 4276 --- [seckill-system] [io-18090-exec-6] c.d.s.service.ProtectedSeckillService    : submission queued request=a574603a-b9e1-3956-8239-396559c3c39a
2026-09-29T14:49:50.358+08:00  INFO 4276 --- [seckill-system] [io-18090-exec-3] c.d.s.service.ProtectedSeckillService    : submission queued request=227ef2f9-7041-3da2-b4f3-92ca73c7f9de
2026-09-29T14:49:50.358+08:00  INFO 4276 --- [seckill-system] [io-18090-exec-8] c.d.s.service.ProtectedSeckillService    : submission queued request=e9fcb4e6-a0a9-36fc-bebe-b4a1cd621875
2026-09-29T14:49:50.367+08:00  INFO 4276 --- [seckill-system] [OrderListener-1] c.d.seckill.service.AsyncOrderConsumer   : order committed request=077e1663-4a5b-3397-882d-1eef6f9369d9 order=133190
2026-09-29T14:49:50.367+08:00  INFO 4276 --- [seckill-system] [OrderListener-2] c.d.seckill.service.AsyncOrderConsumer   : order committed request=86aaf023-5ffa-36b9-a7ea-b7666ab0c1be order=133189
2026-09-29T14:49:50.378+08:00  INFO 4276 --- [seckill-system] [OrderListener-2] c.d.seckill.service.AsyncOrderConsumer   : order committed request=935327de-826e-34da-9041-3efcbdfe6742 order=133191
2026-09-29T14:49:50.379+08:00  INFO 4276 --- [seckill-system] [OrderListener-1] c.d.seckill.service.AsyncOrderConsumer   : order committed request=227ef2f9-7041-3da2-b4f3-92ca73c7f9de order=133192
2026-09-29T14:49:50.390+08:00  INFO 4276 --- [seckill-system] [OrderListener-2] c.d.seckill.service.AsyncOrderConsumer   : order committed request=e9fcb4e6-a0a9-36fc-bebe-b4a1cd621875 order=133194
2026-09-29T14:49:50.390+08:00  INFO 4276 --- [seckill-system] [OrderListener-1] c.d.seckill.service.AsyncOrderConsumer   : order committed request=a574603a-b9e1-3956-8239-396559c3c39a order=133193
2026-09-29T14:49:50.414+08:00  INFO 4276 --- [seckill-system] [io-18090-exec-2] c.d.s.service.ProtectedSeckillService    : submission queued request=da15d088-8396-3691-a95d-7481dfc2364b
2026-09-29T14:49:50.414+08:00  INFO 4276 --- [seckill-system] [io-18090-exec-9] c.d.s.service.ProtectedSeckillService    : submission queued request=4c4c5cd0-5f8d-3ea2-997f-c685bb7881b3
2026-09-29T14:49:50.414+08:00  INFO 4276 --- [seckill-system] [io-18090-exec-1] c.d.s.service.ProtectedSeckillService    : submission queued request=ad56e1c5-ff10-3c4a-9ba5-4d81c722d806
2026-09-29T14:49:50.414+08:00  INFO 4276 --- [seckill-system] [io-18090-exec-7] c.d.s.service.ProtectedSeckillService    : submission queued request=eda10059-03c0-35de-a910-bba4f93bd230
2026-09-29T14:49:50.425+08:00  INFO 4276 --- [seckill-system] [OrderListener-1] c.d.seckill.service.AsyncOrderConsumer   : order committed request=ad56e1c5-ff10-3c4a-9ba5-4d81c722d806 order=133196
2026-09-29T14:49:50.425+08:00  INFO 4276 --- [seckill-system] [OrderListener-2] c.d.seckill.service.AsyncOrderConsumer   : order committed request=eda10059-03c0-35de-a910-bba4f93bd230 order=133195
2026-09-29T14:49:50.435+08:00  INFO 4276 --- [seckill-system] [OrderListener-1] c.d.seckill.service.AsyncOrderConsumer   : order committed request=da15d088-8396-3691-a95d-7481dfc2364b order=133198
2026-09-29T14:49:50.436+08:00  INFO 4276 --- [seckill-system] [OrderListener-2] c.d.seckill.service.AsyncOrderConsumer   : order committed request=4c4c5cd0-5f8d-3ea2-997f-c685bb7881b3 order=133197
2026-09-29T14:49:50.480+08:00  INFO 4276 --- [seckill-system] [io-18090-exec-6] c.d.s.service.ProtectedSeckillService    : submission queued request=1448b53c-0376-3320-a303-d0f32f71923a
2026-09-29T14:49:50.480+08:00  INFO 4276 --- [seckill-system] [io-18090-exec-5] c.d.s.service.ProtectedSeckillService    : submission queued request=6b294bf5-a7af-3ab4-8409-fd7b0fafe02c
2026-09-29T14:49:50.480+08:00  INFO 4276 --- [seckill-system] [io-18090-exec-3] c.d.s.service.ProtectedSeckillService    : submission queued request=f53211d1-2ae2-3b94-8df8-3ebf3a20bee8
2026-09-29T14:49:50.480+08:00  INFO 4276 --- [seckill-system] [io-18090-exec-4] c.d.s.service.ProtectedSeckillService    : submission queued request=9a18cb16-7717-38df-bf5d-a75d6855a881
2026-09-29T14:49:50.480+08:00  INFO 4276 --- [seckill-system] [io-18090-exec-8] c.d.s.service.ProtectedSeckillService    : submission queued request=adb85678-0523-311c-aa42-6b0db2807594
2026-09-29T14:49:50.480+08:00  INFO 4276 --- [seckill-system] [o-18090-exec-10] c.d.s.service.ProtectedSeckillService    : submission queued request=0ec3ccdc-a2d2-3808-9a85-3ca2e00fb410
2026-09-29T14:49:50.490+08:00  INFO 4276 --- [seckill-system] [OrderListener-2] c.d.seckill.service.AsyncOrderConsumer   : order committed request=f53211d1-2ae2-3b94-8df8-3ebf3a20bee8 order=133199
2026-09-29T14:49:50.491+08:00  INFO 4276 --- [seckill-system] [OrderListener-1] c.d.seckill.service.AsyncOrderConsumer   : order committed request=6b294bf5-a7af-3ab4-8409-fd7b0fafe02c order=133200
2026-09-29T14:49:50.502+08:00  INFO 4276 --- [seckill-system] [OrderListener-2] c.d.seckill.service.AsyncOrderConsumer   : order committed request=1448b53c-0376-3320-a303-d0f32f71923a order=133201
2026-09-29T14:49:50.502+08:00  INFO 4276 --- [seckill-system] [OrderListener-1] c.d.seckill.service.AsyncOrderConsumer   : order committed request=adb85678-0523-311c-aa42-6b0db2807594 order=133202
2026-09-29T14:49:50.512+08:00  INFO 4276 --- [seckill-system] [OrderListener-2] c.d.seckill.service.AsyncOrderConsumer   : order committed request=0ec3ccdc-a2d2-3808-9a85-3ca2e00fb410 order=133203
2026-09-29T14:49:50.513+08:00  INFO 4276 --- [seckill-system] [OrderListener-1] c.d.seckill.service.AsyncOrderConsumer   : order committed request=9a18cb16-7717-38df-bf5d-a75d6855a881 order=133204
2026-09-29T14:49:50.543+08:00  INFO 4276 --- [seckill-system] [io-18090-exec-9] c.d.s.service.ProtectedSeckillService    : submission queued request=d32f640b-fd1d-33d1-b26f-3fff2c61c94e
2026-09-29T14:49:50.543+08:00  INFO 4276 --- [seckill-system] [io-18090-exec-2] c.d.s.service.ProtectedSeckillService    : submission queued request=0d18f810-0ddd-3420-a97c-907e16f1e484
2026-09-29T14:49:50.543+08:00  INFO 4276 --- [seckill-system] [io-18090-exec-7] c.d.s.service.ProtectedSeckillService    : submission queued request=1a9a6840-24a9-3fac-afa4-7598f822bb53
2026-09-29T14:49:50.543+08:00  INFO 4276 --- [seckill-system] [io-18090-exec-1] c.d.s.service.ProtectedSeckillService    : submission queued request=675453fc-4f29-34f1-87d6-9af3914ebc53
2026-09-29T14:49:50.555+08:00  INFO 4276 --- [seckill-system] [OrderListener-1] c.d.seckill.service.AsyncOrderConsumer   : order committed request=675453fc-4f29-34f1-87d6-9af3914ebc53 order=133205
2026-09-29T14:49:50.555+08:00  INFO 4276 --- [seckill-system] [OrderListener-2] c.d.seckill.service.AsyncOrderConsumer   : order committed request=0d18f810-0ddd-3420-a97c-907e16f1e484 order=133206
2026-09-29T14:49:50.565+08:00  INFO 4276 --- [seckill-system] [OrderListener-2] c.d.seckill.service.AsyncOrderConsumer   : order committed request=d32f640b-fd1d-33d1-b26f-3fff2c61c94e order=133208
2026-09-29T14:49:50.566+08:00  INFO 4276 --- [seckill-system] [OrderListener-1] c.d.seckill.service.AsyncOrderConsumer   : order committed request=1a9a6840-24a9-3fac-afa4-7598f822bb53 order=133207
2026-09-29T14:49:50.603+08:00  INFO 4276 --- [seckill-system] [io-18090-exec-8] c.d.s.service.ProtectedSeckillService    : submission queued request=90195131-5bf9-3d02-9164-cc9816653d42
2026-09-29T14:49:50.604+08:00  INFO 4276 --- [seckill-system] [io-18090-exec-5] c.d.s.service.ProtectedSeckillService    : submission queued request=4101a971-5088-32a5-ac7a-7cc6c357a44d
2026-09-29T14:49:50.604+08:00  INFO 4276 --- [seckill-system] [io-18090-exec-3] c.d.s.service.ProtectedSeckillService    : submission queued request=5ff2eb0a-3366-3c52-a11a-1a2c56aa0473
2026-09-29T14:49:50.604+08:00  INFO 4276 --- [seckill-system] [io-18090-exec-4] c.d.s.service.ProtectedSeckillService    : submission queued request=9324d424-e8c8-3b0e-9dfe-f2e29e5c6c39
2026-09-29T14:49:50.604+08:00  INFO 4276 --- [seckill-system] [o-18090-exec-10] c.d.s.service.ProtectedSeckillService    : submission queued request=01f612af-dee4-3ec2-8a47-ae2e6ca8377b
2026-09-29T14:49:50.604+08:00  INFO 4276 --- [seckill-system] [io-18090-exec-6] c.d.s.service.ProtectedSeckillService    : submission queued request=3f503184-274c-3f88-a7ee-b8dfe6cd6b08
2026-09-29T14:49:50.615+08:00  INFO 4276 --- [seckill-system] [OrderListener-1] c.d.seckill.service.AsyncOrderConsumer   : order committed request=90195131-5bf9-3d02-9164-cc9816653d42 order=133209
2026-09-29T14:49:50.615+08:00  INFO 4276 --- [seckill-system] [OrderListener-2] c.d.seckill.service.AsyncOrderConsumer   : order committed request=01f612af-dee4-3ec2-8a47-ae2e6ca8377b order=133210
2026-09-29T14:49:50.626+08:00  INFO 4276 --- [seckill-system] [OrderListener-1] c.d.seckill.service.AsyncOrderConsumer   : order committed request=4101a971-5088-32a5-ac7a-7cc6c357a44d order=133211
2026-09-29T14:49:50.626+08:00  INFO 4276 --- [seckill-system] [OrderListener-2] c.d.seckill.service.AsyncOrderConsumer   : order committed request=5ff2eb0a-3366-3c52-a11a-1a2c56aa0473 order=133212
2026-09-29T14:49:50.638+08:00  INFO 4276 --- [seckill-system] [OrderListener-2] c.d.seckill.service.AsyncOrderConsumer   : order committed request=9324d424-e8c8-3b0e-9dfe-f2e29e5c6c39 order=133213
2026-09-29T14:49:50.638+08:00  INFO 4276 --- [seckill-system] [OrderListener-1] c.d.seckill.service.AsyncOrderConsumer   : order committed request=3f503184-274c-3f88-a7ee-b8dfe6cd6b08 order=133214
2026-09-29T14:49:50.662+08:00  INFO 4276 --- [seckill-system] [io-18090-exec-2] c.d.s.service.ProtectedSeckillService    : submission queued request=291c4b4f-ef3c-30a2-b3c9-1811f9673396
2026-09-29T14:49:50.663+08:00  INFO 4276 --- [seckill-system] [io-18090-exec-9] c.d.s.service.ProtectedSeckillService    : submission queued request=2a8bbdb5-0b50-3128-9ffe-a9fdb8ff3d17
2026-09-29T14:49:50.668+08:00  INFO 4276 --- [seckill-system] [io-18090-exec-7] c.d.s.service.ProtectedSeckillService    : submission queued request=975a8c95-4563-3b8f-8dd6-aa55f628050f
2026-09-29T14:49:50.668+08:00  INFO 4276 --- [seckill-system] [io-18090-exec-1] c.d.s.service.ProtectedSeckillService    : submission queued request=8a798b22-157b-3992-bff2-3573415d29bc
2026-09-29T14:49:50.679+08:00  INFO 4276 --- [seckill-system] [OrderListener-2] c.d.seckill.service.AsyncOrderConsumer   : order committed request=291c4b4f-ef3c-30a2-b3c9-1811f9673396 order=133215
2026-09-29T14:49:50.682+08:00  INFO 4276 --- [seckill-system] [OrderListener-1] c.d.seckill.service.AsyncOrderConsumer   : order committed request=2a8bbdb5-0b50-3128-9ffe-a9fdb8ff3d17 order=133216
2026-09-29T14:49:50.691+08:00  INFO 4276 --- [seckill-system] [OrderListener-2] c.d.seckill.service.AsyncOrderConsumer   : order committed request=975a8c95-4563-3b8f-8dd6-aa55f628050f order=133217
2026-09-29T14:49:50.692+08:00  INFO 4276 --- [seckill-system] [OrderListener-1] c.d.seckill.service.AsyncOrderConsumer   : order committed request=8a798b22-157b-3992-bff2-3573415d29bc order=133218
2026-09-29T14:49:50.726+08:00  INFO 4276 --- [seckill-system] [io-18090-exec-6] c.d.s.service.ProtectedSeckillService    : submission queued request=01b49dff-963d-3a6f-97f5-2902a3da771c
2026-09-29T14:49:50.726+08:00  INFO 4276 --- [seckill-system] [io-18090-exec-3] c.d.s.service.ProtectedSeckillService    : submission queued request=8f18c71d-ed2d-376a-b497-efa92e05eaae
2026-09-29T14:49:50.726+08:00  INFO 4276 --- [seckill-system] [o-18090-exec-10] c.d.s.service.ProtectedSeckillService    : submission queued request=370977a0-e05f-3953-9879-7d7ecddc0bb8
2026-09-29T14:49:50.733+08:00  INFO 4276 --- [seckill-system] [io-18090-exec-5] c.d.s.service.ProtectedSeckillService    : submission queued request=1218b262-ea91-356f-a76f-51c93d19c537
2026-09-29T14:49:50.733+08:00  INFO 4276 --- [seckill-system] [io-18090-exec-4] c.d.s.service.ProtectedSeckillService    : submission queued request=d1a035a5-14e2-3212-862d-49b876b30705
2026-09-29T14:49:50.734+08:00  INFO 4276 --- [seckill-system] [io-18090-exec-8] c.d.s.service.ProtectedSeckillService    : submission queued request=5857e108-f852-38c3-a791-df3de63d4db0
2026-09-29T14:49:50.739+08:00  INFO 4276 --- [seckill-system] [OrderListener-1] c.d.seckill.service.AsyncOrderConsumer   : order committed request=01b49dff-963d-3a6f-97f5-2902a3da771c order=133220
2026-09-29T14:49:50.739+08:00  INFO 4276 --- [seckill-system] [OrderListener-2] c.d.seckill.service.AsyncOrderConsumer   : order committed request=370977a0-e05f-3953-9879-7d7ecddc0bb8 order=133219
2026-09-29T14:49:50.751+08:00  INFO 4276 --- [seckill-system] [OrderListener-2] c.d.seckill.service.AsyncOrderConsumer   : order committed request=8f18c71d-ed2d-376a-b497-efa92e05eaae order=133221
2026-09-29T14:49:50.751+08:00  INFO 4276 --- [seckill-system] [OrderListener-1] c.d.seckill.service.AsyncOrderConsumer   : order committed request=1218b262-ea91-356f-a76f-51c93d19c537 order=133222
2026-09-29T14:49:50.763+08:00  INFO 4276 --- [seckill-system] [OrderListener-2] c.d.seckill.service.AsyncOrderConsumer   : order committed request=d1a035a5-14e2-3212-862d-49b876b30705 order=133224
2026-09-29T14:49:50.764+08:00  INFO 4276 --- [seckill-system] [OrderListener-1] c.d.seckill.service.AsyncOrderConsumer   : order committed request=5857e108-f852-38c3-a791-df3de63d4db0 order=133223
2026-09-29T14:49:50.787+08:00  INFO 4276 --- [seckill-system] [io-18090-exec-9] c.d.s.service.ProtectedSeckillService    : submission queued request=ad094fd5-238a-3356-9d83-5ac7833afcf6
2026-09-29T14:49:50.787+08:00  INFO 4276 --- [seckill-system] [io-18090-exec-1] c.d.s.service.ProtectedSeckillService    : submission queued request=232bfee8-0ae8-3385-a96a-4514f873430f
2026-09-29T14:49:50.787+08:00  INFO 4276 --- [seckill-system] [io-18090-exec-7] c.d.s.service.ProtectedSeckillService    : submission queued request=640389b0-6b1b-37eb-aeaa-d851f1338cfd
2026-09-29T14:49:50.787+08:00  INFO 4276 --- [seckill-system] [io-18090-exec-2] c.d.s.service.ProtectedSeckillService    : submission queued request=b79193cb-5319-3f0c-9e11-fe77f15cf81e
2026-09-29T14:49:50.798+08:00  INFO 4276 --- [seckill-system] [OrderListener-1] c.d.seckill.service.AsyncOrderConsumer   : order committed request=ad094fd5-238a-3356-9d83-5ac7833afcf6 order=133226
2026-09-29T14:49:50.798+08:00  INFO 4276 --- [seckill-system] [OrderListener-2] c.d.seckill.service.AsyncOrderConsumer   : order committed request=640389b0-6b1b-37eb-aeaa-d851f1338cfd order=133225
2026-09-29T14:49:50.808+08:00  INFO 4276 --- [seckill-system] [OrderListener-2] c.d.seckill.service.AsyncOrderConsumer   : order committed request=b79193cb-5319-3f0c-9e11-fe77f15cf81e order=133227
2026-09-29T14:49:50.808+08:00  INFO 4276 --- [seckill-system] [OrderListener-1] c.d.seckill.service.AsyncOrderConsumer   : order committed request=232bfee8-0ae8-3385-a96a-4514f873430f order=133228
2026-09-29T14:49:50.857+08:00  INFO 4276 --- [seckill-system] [io-18090-exec-5] c.d.s.service.ProtectedSeckillService    : submission queued request=7530ee88-568a-3946-abbd-797ec93c4e3e
2026-09-29T14:49:50.857+08:00  INFO 4276 --- [seckill-system] [io-18090-exec-8] c.d.s.service.ProtectedSeckillService    : submission queued request=3ead6c14-9cf8-3b5a-bc35-17214542899f
2026-09-29T14:49:50.858+08:00  INFO 4276 --- [seckill-system] [o-18090-exec-10] c.d.s.service.ProtectedSeckillService    : submission queued request=d04bee63-63d6-342e-9fbf-69f6d3bd71c7
2026-09-29T14:49:50.859+08:00  INFO 4276 --- [seckill-system] [io-18090-exec-4] c.d.s.service.ProtectedSeckillService    : submission queued request=0fcc70e5-b492-3d43-8129-3cafa216fc96
2026-09-29T14:49:50.859+08:00  INFO 4276 --- [seckill-system] [io-18090-exec-6] c.d.s.service.ProtectedSeckillService    : submission queued request=e5523e93-18b0-3782-ba41-c69f325eb618
2026-09-29T14:49:50.863+08:00  INFO 4276 --- [seckill-system] [io-18090-exec-3] c.d.s.service.ProtectedSeckillService    : submission queued request=344701fa-6dd6-3a3e-82fc-a020da52036d
2026-09-29T14:49:50.869+08:00  INFO 4276 --- [seckill-system] [OrderListener-1] c.d.seckill.service.AsyncOrderConsumer   : order committed request=7530ee88-568a-3946-abbd-797ec93c4e3e order=133229
2026-09-29T14:49:50.874+08:00  INFO 4276 --- [seckill-system] [OrderListener-2] c.d.seckill.service.AsyncOrderConsumer   : order committed request=d04bee63-63d6-342e-9fbf-69f6d3bd71c7 order=133230
2026-09-29T14:49:50.881+08:00  INFO 4276 --- [seckill-system] [OrderListener-1] c.d.seckill.service.AsyncOrderConsumer   : order committed request=0fcc70e5-b492-3d43-8129-3cafa216fc96 order=133231
2026-09-29T14:49:50.886+08:00  INFO 4276 --- [seckill-system] [OrderListener-2] c.d.seckill.service.AsyncOrderConsumer   : order committed request=3ead6c14-9cf8-3b5a-bc35-17214542899f order=133232
2026-09-29T14:49:50.892+08:00  INFO 4276 --- [seckill-system] [OrderListener-1] c.d.seckill.service.AsyncOrderConsumer   : order committed request=344701fa-6dd6-3a3e-82fc-a020da52036d order=133233
2026-09-29T14:49:50.897+08:00  INFO 4276 --- [seckill-system] [OrderListener-2] c.d.seckill.service.AsyncOrderConsumer   : order committed request=e5523e93-18b0-3782-ba41-c69f325eb618 order=133234
2026-09-29T14:49:50.914+08:00  INFO 4276 --- [seckill-system] [io-18090-exec-7] c.d.s.service.ProtectedSeckillService    : submission queued request=d375fcaa-bef1-3efd-a7c7-ab50fd833a36
2026-09-29T14:49:50.914+08:00  INFO 4276 --- [seckill-system] [io-18090-exec-2] c.d.s.service.ProtectedSeckillService    : submission queued request=90d2c439-9df9-3917-991f-88d9e521b04f
2026-09-29T14:49:50.914+08:00  INFO 4276 --- [seckill-system] [io-18090-exec-9] c.d.s.service.ProtectedSeckillService    : submission queued request=7735c65f-90ec-354d-94c5-30e1b90bc4a4
2026-09-29T14:49:50.914+08:00  INFO 4276 --- [seckill-system] [io-18090-exec-1] c.d.s.service.ProtectedSeckillService    : submission queued request=25a0e587-d296-3bca-ad50-4db971a76abe
2026-09-29T14:49:50.927+08:00  INFO 4276 --- [seckill-system] [OrderListener-1] c.d.seckill.service.AsyncOrderConsumer   : order committed request=7735c65f-90ec-354d-94c5-30e1b90bc4a4 order=133235
2026-09-29T14:49:50.927+08:00  INFO 4276 --- [seckill-system] [OrderListener-2] c.d.seckill.service.AsyncOrderConsumer   : order committed request=25a0e587-d296-3bca-ad50-4db971a76abe order=133236
2026-09-29T14:49:50.941+08:00  INFO 4276 --- [seckill-system] [OrderListener-2] c.d.seckill.service.AsyncOrderConsumer   : order committed request=90d2c439-9df9-3917-991f-88d9e521b04f order=133238
2026-09-29T14:49:50.941+08:00  INFO 4276 --- [seckill-system] [OrderListener-1] c.d.seckill.service.AsyncOrderConsumer   : order committed request=d375fcaa-bef1-3efd-a7c7-ab50fd833a36 order=133237
2026-09-29T14:49:50.978+08:00  INFO 4276 --- [seckill-system] [o-18090-exec-10] c.d.s.service.ProtectedSeckillService    : submission queued request=c53a0049-55e1-33a4-a5ce-b7f55167147d
2026-09-29T14:49:50.979+08:00  INFO 4276 --- [seckill-system] [io-18090-exec-5] c.d.s.service.ProtectedSeckillService    : submission queued request=ae372ae6-b4d4-39ec-a283-4360fdfdbf69
2026-09-29T14:49:50.978+08:00  INFO 4276 --- [seckill-system] [io-18090-exec-8] c.d.s.service.ProtectedSeckillService    : submission queued request=7833bf64-ca22-3496-813b-28e6008196ba
2026-09-29T14:49:50.985+08:00  INFO 4276 --- [seckill-system] [io-18090-exec-4] c.d.s.service.ProtectedSeckillService    : submission queued request=3c2120d7-5fee-3146-8273-0f972c575c0c
2026-09-29T14:49:50.986+08:00  INFO 4276 --- [seckill-system] [io-18090-exec-3] c.d.s.service.ProtectedSeckillService    : submission queued request=342d9168-9898-3c02-b310-9cda483e8bbc
2026-09-29T14:49:50.986+08:00  INFO 4276 --- [seckill-system] [io-18090-exec-6] c.d.s.service.ProtectedSeckillService    : submission queued request=22934219-108e-3bf7-8bf7-e283a62ba5b7
2026-09-29T14:49:50.991+08:00  INFO 4276 --- [seckill-system] [OrderListener-1] c.d.seckill.service.AsyncOrderConsumer   : order committed request=c53a0049-55e1-33a4-a5ce-b7f55167147d order=133239
2026-09-29T14:49:50.991+08:00  INFO 4276 --- [seckill-system] [OrderListener-2] c.d.seckill.service.AsyncOrderConsumer   : order committed request=ae372ae6-b4d4-39ec-a283-4360fdfdbf69 order=133240
2026-09-29T14:49:51.006+08:00  INFO 4276 --- [seckill-system] [OrderListener-1] c.d.seckill.service.AsyncOrderConsumer   : order committed request=3c2120d7-5fee-3146-8273-0f972c575c0c order=133241
2026-09-29T14:49:51.006+08:00  INFO 4276 --- [seckill-system] [OrderListener-2] c.d.seckill.service.AsyncOrderConsumer   : order committed request=7833bf64-ca22-3496-813b-28e6008196ba order=133242
2026-09-29T14:49:51.019+08:00  INFO 4276 --- [seckill-system] [OrderListener-2] c.d.seckill.service.AsyncOrderConsumer   : order committed request=342d9168-9898-3c02-b310-9cda483e8bbc order=133243
2026-09-29T14:49:51.019+08:00  INFO 4276 --- [seckill-system] [OrderListener-1] c.d.seckill.service.AsyncOrderConsumer   : order committed request=22934219-108e-3bf7-8bf7-e283a62ba5b7 order=133244
2026-09-29T14:49:51.039+08:00  INFO 4276 --- [seckill-system] [io-18090-exec-9] c.d.s.service.ProtectedSeckillService    : submission queued request=203c3eaa-604f-31fb-9900-b1d7d13d7398
2026-09-29T14:49:51.039+08:00  INFO 4276 --- [seckill-system] [io-18090-exec-2] c.d.s.service.ProtectedSeckillService    : submission queued request=a0a89616-815d-3e6c-90cb-b0172ceab9b3
2026-09-29T14:49:51.039+08:00  INFO 4276 --- [seckill-system] [io-18090-exec-1] c.d.s.service.ProtectedSeckillService    : submission queued request=4ba31364-c714-3560-8087-dcebba5f663f
2026-09-29T14:49:51.039+08:00  INFO 4276 --- [seckill-system] [io-18090-exec-7] c.d.s.service.ProtectedSeckillService    : submission queued request=846ec68b-c20b-3690-87f5-a88a48c008f8
2026-09-29T14:49:51.052+08:00  INFO 4276 --- [seckill-system] [OrderListener-1] c.d.seckill.service.AsyncOrderConsumer   : order committed request=4ba31364-c714-3560-8087-dcebba5f663f order=133245
2026-09-29T14:49:51.052+08:00  INFO 4276 --- [seckill-system] [OrderListener-2] c.d.seckill.service.AsyncOrderConsumer   : order committed request=a0a89616-815d-3e6c-90cb-b0172ceab9b3 order=133246
2026-09-29T14:49:51.066+08:00  INFO 4276 --- [seckill-system] [OrderListener-2] c.d.seckill.service.AsyncOrderConsumer   : order committed request=846ec68b-c20b-3690-87f5-a88a48c008f8 order=133248
2026-09-29T14:49:51.066+08:00  INFO 4276 --- [seckill-system] [OrderListener-1] c.d.seckill.service.AsyncOrderConsumer   : order committed request=203c3eaa-604f-31fb-9900-b1d7d13d7398 order=133247
2026-09-29T14:49:51.098+08:00  INFO 4276 --- [seckill-system] [io-18090-exec-5] c.d.s.service.ProtectedSeckillService    : submission queued request=91e994fa-dffb-3039-aae5-cd0f9c355a59
2026-09-29T14:49:51.099+08:00  INFO 4276 --- [seckill-system] [io-18090-exec-8] c.d.s.service.ProtectedSeckillService    : submission queued request=9eac5867-0aaa-3b96-abfd-92ba81340577
2026-09-29T14:49:51.099+08:00  INFO 4276 --- [seckill-system] [o-18090-exec-10] c.d.s.service.ProtectedSeckillService    : submission queued request=fac386ef-ba44-3e6e-9b69-89d873030754
2026-09-29T14:49:51.109+08:00  INFO 4276 --- [seckill-system] [OrderListener-1] c.d.seckill.service.AsyncOrderConsumer   : order committed request=9eac5867-0aaa-3b96-abfd-92ba81340577 order=133250
2026-09-29T14:49:51.110+08:00  INFO 4276 --- [seckill-system] [OrderListener-2] c.d.seckill.service.AsyncOrderConsumer   : order committed request=91e994fa-dffb-3039-aae5-cd0f9c355a59 order=133249
2026-09-29T14:49:51.111+08:00  INFO 4276 --- [seckill-system] [io-18090-exec-4] c.d.s.service.ProtectedSeckillService    : submission queued request=367c2f74-d9a0-398b-a12a-6c72da35fa7f
2026-09-29T14:49:51.112+08:00  INFO 4276 --- [seckill-system] [io-18090-exec-3] c.d.s.service.ProtectedSeckillService    : submission queued request=91108913-415e-36dd-9c2f-4ca697b52943
2026-09-29T14:49:51.112+08:00  INFO 4276 --- [seckill-system] [io-18090-exec-6] c.d.s.service.ProtectedSeckillService    : submission queued request=a97b7b73-c811-3fe7-bb57-b819b9574e5c
2026-09-29T14:49:51.121+08:00  INFO 4276 --- [seckill-system] [OrderListener-1] c.d.seckill.service.AsyncOrderConsumer   : order committed request=367c2f74-d9a0-398b-a12a-6c72da35fa7f order=133252
2026-09-29T14:49:51.122+08:00  INFO 4276 --- [seckill-system] [OrderListener-2] c.d.seckill.service.AsyncOrderConsumer   : order committed request=fac386ef-ba44-3e6e-9b69-89d873030754 order=133251
2026-09-29T14:49:51.132+08:00  INFO 4276 --- [seckill-system] [OrderListener-2] c.d.seckill.service.AsyncOrderConsumer   : order committed request=91108913-415e-36dd-9c2f-4ca697b52943 order=133254
2026-09-29T14:49:51.133+08:00  INFO 4276 --- [seckill-system] [OrderListener-1] c.d.seckill.service.AsyncOrderConsumer   : order committed request=a97b7b73-c811-3fe7-bb57-b819b9574e5c order=133253
2026-09-29T14:49:51.166+08:00  INFO 4276 --- [seckill-system] [io-18090-exec-7] c.d.s.service.ProtectedSeckillService    : submission queued request=b42f8115-1ead-3c9b-b4ab-964f04f19eac
2026-09-29T14:49:51.166+08:00  INFO 4276 --- [seckill-system] [io-18090-exec-2] c.d.s.service.ProtectedSeckillService    : submission queued request=5a3cc389-e27c-3aec-a656-44df8989bec6
2026-09-29T14:49:51.166+08:00  INFO 4276 --- [seckill-system] [io-18090-exec-9] c.d.s.service.ProtectedSeckillService    : submission queued request=3d54dc0b-5ce4-371f-a86b-f67d4b6e7784
2026-09-29T14:49:51.166+08:00  INFO 4276 --- [seckill-system] [io-18090-exec-1] c.d.s.service.ProtectedSeckillService    : submission queued request=e17a7237-7d4c-38c9-b7c5-52827faeccd7
2026-09-29T14:49:51.177+08:00  INFO 4276 --- [seckill-system] [OrderListener-1] c.d.seckill.service.AsyncOrderConsumer   : order committed request=3d54dc0b-5ce4-371f-a86b-f67d4b6e7784 order=133256
2026-09-29T14:49:51.178+08:00  INFO 4276 --- [seckill-system] [OrderListener-2] c.d.seckill.service.AsyncOrderConsumer   : order committed request=e17a7237-7d4c-38c9-b7c5-52827faeccd7 order=133255
2026-09-29T14:49:51.188+08:00  INFO 4276 --- [seckill-system] [OrderListener-1] c.d.seckill.service.AsyncOrderConsumer   : order committed request=5a3cc389-e27c-3aec-a656-44df8989bec6 order=133258
2026-09-29T14:49:51.188+08:00  INFO 4276 --- [seckill-system] [OrderListener-2] c.d.seckill.service.AsyncOrderConsumer   : order committed request=b42f8115-1ead-3c9b-b4ab-964f04f19eac order=133257
2026-09-29T14:49:51.222+08:00  INFO 4276 --- [seckill-system] [io-18090-exec-5] c.d.s.service.ProtectedSeckillService    : submission queued request=56542c8f-74a8-3b31-962e-f9d3becca9d9
2026-09-29T14:49:51.222+08:00  INFO 4276 --- [seckill-system] [io-18090-exec-8] c.d.s.service.ProtectedSeckillService    : submission queued request=26020ad6-6365-3649-999b-41ebcd4b5a4a
2026-09-29T14:49:51.222+08:00  INFO 4276 --- [seckill-system] [o-18090-exec-10] c.d.s.service.ProtectedSeckillService    : submission queued request=01381caf-3b90-37b5-ac8c-a82640932640
2026-09-29T14:49:51.236+08:00  INFO 4276 --- [seckill-system] [io-18090-exec-4] c.d.s.service.ProtectedSeckillService    : submission queued request=d546226a-7511-3d66-851b-85705c2da9d3
2026-09-29T14:49:51.237+08:00  INFO 4276 --- [seckill-system] [io-18090-exec-3] c.d.s.service.ProtectedSeckillService    : submission queued request=dad9edea-16f0-3849-99ae-d77f338cea7b
2026-09-29T14:49:51.242+08:00  INFO 4276 --- [seckill-system] [OrderListener-1] c.d.seckill.service.AsyncOrderConsumer   : order committed request=56542c8f-74a8-3b31-962e-f9d3becca9d9 order=133259
2026-09-29T14:49:51.242+08:00  INFO 4276 --- [seckill-system] [OrderListener-2] c.d.seckill.service.AsyncOrderConsumer   : order committed request=01381caf-3b90-37b5-ac8c-a82640932640 order=133260
2026-09-29T14:49:51.253+08:00  INFO 4276 --- [seckill-system] [OrderListener-1] c.d.seckill.service.AsyncOrderConsumer   : order committed request=d546226a-7511-3d66-851b-85705c2da9d3 order=133261
2026-09-29T14:49:51.253+08:00  INFO 4276 --- [seckill-system] [OrderListener-2] c.d.seckill.service.AsyncOrderConsumer   : order committed request=26020ad6-6365-3649-999b-41ebcd4b5a4a order=133262
2026-09-29T14:49:51.264+08:00  INFO 4276 --- [seckill-system] [OrderListener-2] c.d.seckill.service.AsyncOrderConsumer   : order committed request=dad9edea-16f0-3849-99ae-d77f338cea7b order=133263
2026-09-29T14:49:51.286+08:00  INFO 4276 --- [seckill-system] [io-18090-exec-9] c.d.s.service.ProtectedSeckillService    : submission queued request=6c1d5c6a-7327-3f2b-b752-a0a0d52d82b0
2026-09-29T14:49:51.287+08:00  INFO 4276 --- [seckill-system] [io-18090-exec-2] c.d.s.service.ProtectedSeckillService    : submission queued request=3460ba08-0645-3d89-a0e8-1f330c23f453
2026-09-29T14:49:51.287+08:00  INFO 4276 --- [seckill-system] [io-18090-exec-1] c.d.s.service.ProtectedSeckillService    : submission queued request=aa5693b5-a6a0-3739-97ff-07f4f8b653c6
2026-09-29T14:49:51.287+08:00  INFO 4276 --- [seckill-system] [io-18090-exec-7] c.d.s.service.ProtectedSeckillService    : submission queued request=145b4aea-1083-3e5e-aef3-11d6e01402d5
2026-09-29T14:49:51.287+08:00  INFO 4276 --- [seckill-system] [io-18090-exec-6] c.d.s.service.ProtectedSeckillService    : submission queued request=a4b224c2-1ea9-389c-a3c7-a27d9ca985de
2026-09-29T14:49:51.297+08:00  INFO 4276 --- [seckill-system] [OrderListener-2] c.d.seckill.service.AsyncOrderConsumer   : order committed request=aa5693b5-a6a0-3739-97ff-07f4f8b653c6 order=133265
2026-09-29T14:49:51.297+08:00  INFO 4276 --- [seckill-system] [OrderListener-1] c.d.seckill.service.AsyncOrderConsumer   : order committed request=a4b224c2-1ea9-389c-a3c7-a27d9ca985de order=133264
2026-09-29T14:49:51.307+08:00  INFO 4276 --- [seckill-system] [OrderListener-2] c.d.seckill.service.AsyncOrderConsumer   : order committed request=6c1d5c6a-7327-3f2b-b752-a0a0d52d82b0 order=133266
2026-09-29T14:49:51.308+08:00  INFO 4276 --- [seckill-system] [OrderListener-1] c.d.seckill.service.AsyncOrderConsumer   : order committed request=145b4aea-1083-3e5e-aef3-11d6e01402d5 order=133267
2026-09-29T14:49:51.319+08:00  INFO 4276 --- [seckill-system] [OrderListener-1] c.d.seckill.service.AsyncOrderConsumer   : order committed request=3460ba08-0645-3d89-a0e8-1f330c23f453 order=133268
2026-09-29T14:49:51.344+08:00  INFO 4276 --- [seckill-system] [io-18090-exec-8] c.d.s.service.ProtectedSeckillService    : submission queued request=c09c8350-5abc-37d9-8952-1b2e11dbe087
2026-09-29T14:49:51.344+08:00  INFO 4276 --- [seckill-system] [o-18090-exec-10] c.d.s.service.ProtectedSeckillService    : submission queued request=113b88e1-0c25-3ba9-ac02-acc3ea15d5bf
2026-09-29T14:49:51.350+08:00  INFO 4276 --- [seckill-system] [io-18090-exec-5] c.d.s.service.ProtectedSeckillService    : submission queued request=f639824a-211c-3d04-9efb-424ad98054d3
2026-09-29T14:49:51.356+08:00  INFO 4276 --- [seckill-system] [OrderListener-1] c.d.seckill.service.AsyncOrderConsumer   : order committed request=113b88e1-0c25-3ba9-ac02-acc3ea15d5bf order=133269
2026-09-29T14:49:51.357+08:00  INFO 4276 --- [seckill-system] [OrderListener-2] c.d.seckill.service.AsyncOrderConsumer   : order committed request=c09c8350-5abc-37d9-8952-1b2e11dbe087 order=133270
2026-09-29T14:49:51.367+08:00  INFO 4276 --- [seckill-system] [OrderListener-2] c.d.seckill.service.AsyncOrderConsumer   : order committed request=f639824a-211c-3d04-9efb-424ad98054d3 order=133271
2026-09-29T14:49:51.403+08:00  INFO 4276 --- [seckill-system] [io-18090-exec-4] c.d.s.service.ProtectedSeckillService    : submission queued request=e940e6d7-3b2d-3d80-b1c3-2aecd9ecc42c
2026-09-29T14:49:51.403+08:00  INFO 4276 --- [seckill-system] [io-18090-exec-3] c.d.s.service.ProtectedSeckillService    : submission queued request=ae73939d-be7d-35d3-9e14-e02c3d1982f5
2026-09-29T14:49:51.403+08:00  INFO 4276 --- [seckill-system] [io-18090-exec-9] c.d.s.service.ProtectedSeckillService    : submission queued request=f4a7e8e8-c878-3202-9195-cdb711ebf7aa
2026-09-29T14:49:51.404+08:00  INFO 4276 --- [seckill-system] [io-18090-exec-6] c.d.s.service.ProtectedSeckillService    : submission queued request=c1c95f24-4dcd-344e-ae1e-cce9ce11115a
2026-09-29T14:49:51.404+08:00  INFO 4276 --- [seckill-system] [io-18090-exec-7] c.d.s.service.ProtectedSeckillService    : submission queued request=f36d0e18-8d36-3828-88ec-447376b8f050
2026-09-29T14:49:51.405+08:00  INFO 4276 --- [seckill-system] [io-18090-exec-1] c.d.s.service.ProtectedSeckillService    : submission queued request=d4175ee8-dadd-37e5-83e2-7a00761ebd48
2026-09-29T14:49:51.405+08:00  INFO 4276 --- [seckill-system] [io-18090-exec-2] c.d.s.service.ProtectedSeckillService    : submission queued request=53cdbff2-7c9e-3fe8-879a-c424defbfcac
2026-09-29T14:49:51.413+08:00  INFO 4276 --- [seckill-system] [OrderListener-2] c.d.seckill.service.AsyncOrderConsumer   : order committed request=ae73939d-be7d-35d3-9e14-e02c3d1982f5 order=133273
2026-09-29T14:49:51.413+08:00  INFO 4276 --- [seckill-system] [OrderListener-1] c.d.seckill.service.AsyncOrderConsumer   : order committed request=e940e6d7-3b2d-3d80-b1c3-2aecd9ecc42c order=133272
2026-09-29T14:49:51.424+08:00  INFO 4276 --- [seckill-system] [OrderListener-1] c.d.seckill.service.AsyncOrderConsumer   : order committed request=f4a7e8e8-c878-3202-9195-cdb711ebf7aa order=133274
2026-09-29T14:49:51.424+08:00  INFO 4276 --- [seckill-system] [OrderListener-2] c.d.seckill.service.AsyncOrderConsumer   : order committed request=f36d0e18-8d36-3828-88ec-447376b8f050 order=133275
2026-09-29T14:49:51.435+08:00  INFO 4276 --- [seckill-system] [OrderListener-2] c.d.seckill.service.AsyncOrderConsumer   : order committed request=d4175ee8-dadd-37e5-83e2-7a00761ebd48 order=133277
2026-09-29T14:49:51.435+08:00  INFO 4276 --- [seckill-system] [OrderListener-1] c.d.seckill.service.AsyncOrderConsumer   : order committed request=c1c95f24-4dcd-344e-ae1e-cce9ce11115a order=133276
2026-09-29T14:49:51.446+08:00  INFO 4276 --- [seckill-system] [OrderListener-1] c.d.seckill.service.AsyncOrderConsumer   : order committed request=53cdbff2-7c9e-3fe8-879a-c424defbfcac order=133278
2026-09-29T14:49:51.466+08:00  INFO 4276 --- [seckill-system] [io-18090-exec-8] c.d.s.service.ProtectedSeckillService    : submission queued request=20786054-fed8-3bd5-87de-cad3c1a35ff5
2026-09-29T14:49:51.467+08:00  INFO 4276 --- [seckill-system] [io-18090-exec-5] c.d.s.service.ProtectedSeckillService    : submission queued request=44b33dcc-f845-3e7e-9cea-0e1afc30b99a
2026-09-29T14:49:51.467+08:00  INFO 4276 --- [seckill-system] [o-18090-exec-10] c.d.s.service.ProtectedSeckillService    : submission queued request=dc82880c-18cb-36cd-8647-7dc22ad1efa8
2026-09-29T14:49:51.477+08:00  INFO 4276 --- [seckill-system] [OrderListener-2] c.d.seckill.service.AsyncOrderConsumer   : order committed request=44b33dcc-f845-3e7e-9cea-0e1afc30b99a order=133279
2026-09-29T14:49:51.477+08:00  INFO 4276 --- [seckill-system] [OrderListener-1] c.d.seckill.service.AsyncOrderConsumer   : order committed request=dc82880c-18cb-36cd-8647-7dc22ad1efa8 order=133280
2026-09-29T14:49:51.488+08:00  INFO 4276 --- [seckill-system] [OrderListener-2] c.d.seckill.service.AsyncOrderConsumer   : order committed request=20786054-fed8-3bd5-87de-cad3c1a35ff5 order=133281
2026-09-29T14:49:51.530+08:00  INFO 4276 --- [seckill-system] [io-18090-exec-4] c.d.s.service.ProtectedSeckillService    : submission queued request=87e6af41-794c-35b1-b2f0-2f1429f69e43
2026-09-29T14:49:51.530+08:00  INFO 4276 --- [seckill-system] [io-18090-exec-3] c.d.s.service.ProtectedSeckillService    : submission queued request=b37e30e2-4bb3-3a2c-a622-409292caf6f3
2026-09-29T14:49:51.530+08:00  INFO 4276 --- [seckill-system] [io-18090-exec-1] c.d.s.service.ProtectedSeckillService    : submission queued request=f203e716-e74b-3bf9-8ff7-88bcfd477e12
2026-09-29T14:49:51.530+08:00  INFO 4276 --- [seckill-system] [io-18090-exec-2] c.d.s.service.ProtectedSeckillService    : submission queued request=f985f115-af49-332c-b071-90db7c527fed
2026-09-29T14:49:51.535+08:00  INFO 4276 --- [seckill-system] [io-18090-exec-6] c.d.s.service.ProtectedSeckillService    : submission queued request=5c740297-f6db-319d-98cf-e36012b7b193
2026-09-29T14:49:51.536+08:00  INFO 4276 --- [seckill-system] [io-18090-exec-7] c.d.s.service.ProtectedSeckillService    : submission queued request=e9359d01-7333-394d-8a0c-0734515e7250
2026-09-29T14:49:51.536+08:00  INFO 4276 --- [seckill-system] [io-18090-exec-9] c.d.s.service.ProtectedSeckillService    : submission queued request=99d34380-9cbd-38d1-bd8c-8152c8422b32
2026-09-29T14:49:51.545+08:00  INFO 4276 --- [seckill-system] [OrderListener-2] c.d.seckill.service.AsyncOrderConsumer   : order committed request=87e6af41-794c-35b1-b2f0-2f1429f69e43 order=133282
2026-09-29T14:49:51.548+08:00  INFO 4276 --- [seckill-system] [OrderListener-1] c.d.seckill.service.AsyncOrderConsumer   : order committed request=f985f115-af49-332c-b071-90db7c527fed order=133283
2026-09-29T14:49:51.558+08:00  INFO 4276 --- [seckill-system] [OrderListener-2] c.d.seckill.service.AsyncOrderConsumer   : order committed request=b37e30e2-4bb3-3a2c-a622-409292caf6f3 order=133284
2026-09-29T14:49:51.560+08:00  INFO 4276 --- [seckill-system] [OrderListener-1] c.d.seckill.service.AsyncOrderConsumer   : order committed request=f203e716-e74b-3bf9-8ff7-88bcfd477e12 order=133285
2026-09-29T14:49:51.570+08:00  INFO 4276 --- [seckill-system] [OrderListener-2] c.d.seckill.service.AsyncOrderConsumer   : order committed request=99d34380-9cbd-38d1-bd8c-8152c8422b32 order=133286
2026-09-29T14:49:51.571+08:00  INFO 4276 --- [seckill-system] [OrderListener-1] c.d.seckill.service.AsyncOrderConsumer   : order committed request=5c740297-f6db-319d-98cf-e36012b7b193 order=133287
2026-09-29T14:49:51.581+08:00  INFO 4276 --- [seckill-system] [OrderListener-1] c.d.seckill.service.AsyncOrderConsumer   : order committed request=e9359d01-7333-394d-8a0c-0734515e7250 order=133288
2026-09-29T14:49:51.592+08:00  INFO 4276 --- [seckill-system] [io-18090-exec-5] c.d.s.service.ProtectedSeckillService    : submission queued request=08a139fa-668a-31d2-bbc4-72cf5205ddf9
2026-09-29T14:49:51.593+08:00  INFO 4276 --- [seckill-system] [io-18090-exec-8] c.d.s.service.ProtectedSeckillService    : submission queued request=237d1798-1c8a-3d8f-8102-20d067f71c21
2026-09-29T14:49:51.593+08:00  INFO 4276 --- [seckill-system] [o-18090-exec-10] c.d.s.service.ProtectedSeckillService    : submission queued request=681abc95-ebc2-351e-be25-37da9510131d
2026-09-29T14:49:51.602+08:00  INFO 4276 --- [seckill-system] [OrderListener-2] c.d.seckill.service.AsyncOrderConsumer   : order committed request=237d1798-1c8a-3d8f-8102-20d067f71c21 order=133289
2026-09-29T14:49:51.603+08:00  INFO 4276 --- [seckill-system] [OrderListener-1] c.d.seckill.service.AsyncOrderConsumer   : order committed request=681abc95-ebc2-351e-be25-37da9510131d order=133290
2026-09-29T14:49:51.613+08:00  INFO 4276 --- [seckill-system] [OrderListener-2] c.d.seckill.service.AsyncOrderConsumer   : order committed request=08a139fa-668a-31d2-bbc4-72cf5205ddf9 order=133291
2026-09-29T14:49:51.653+08:00  INFO 4276 --- [seckill-system] [io-18090-exec-7] c.d.s.service.ProtectedSeckillService    : submission queued request=3479b985-f7c5-308b-87ca-fecba0979820
2026-09-29T14:49:51.653+08:00  INFO 4276 --- [seckill-system] [io-18090-exec-2] c.d.s.service.ProtectedSeckillService    : submission queued request=387c247d-01e4-3cb9-ab5b-4364f65e7848
2026-09-29T14:49:51.654+08:00  INFO 4276 --- [seckill-system] [io-18090-exec-1] c.d.s.service.ProtectedSeckillService    : submission queued request=dafb57c3-7d4d-3c25-bcb8-3687f89fe9ca
2026-09-29T14:49:51.654+08:00  INFO 4276 --- [seckill-system] [io-18090-exec-6] c.d.s.service.ProtectedSeckillService    : submission queued request=6ce7bfff-b8b7-3755-8197-61ca333da4ea
2026-09-29T14:49:51.654+08:00  INFO 4276 --- [seckill-system] [io-18090-exec-9] c.d.s.service.ProtectedSeckillService    : submission queued request=5bbc7293-87be-3bb3-90dc-2945afdc58b6
2026-09-29T14:49:51.654+08:00  INFO 4276 --- [seckill-system] [io-18090-exec-4] c.d.s.service.ProtectedSeckillService    : submission queued request=bf631096-a728-313c-b3a6-4575f9e49188
2026-09-29T14:49:51.654+08:00  INFO 4276 --- [seckill-system] [io-18090-exec-3] c.d.s.service.ProtectedSeckillService    : submission queued request=aac0c7a7-1f14-373c-b0d3-61e0639731c1
2026-09-29T14:49:51.663+08:00  INFO 4276 --- [seckill-system] [OrderListener-1] c.d.seckill.service.AsyncOrderConsumer   : order committed request=387c247d-01e4-3cb9-ab5b-4364f65e7848 order=133292
2026-09-29T14:49:51.664+08:00  INFO 4276 --- [seckill-system] [OrderListener-2] c.d.seckill.service.AsyncOrderConsumer   : order committed request=5bbc7293-87be-3bb3-90dc-2945afdc58b6 order=133293
2026-09-29T14:49:51.676+08:00  INFO 4276 --- [seckill-system] [OrderListener-2] c.d.seckill.service.AsyncOrderConsumer   : order committed request=dafb57c3-7d4d-3c25-bcb8-3687f89fe9ca order=133295
2026-09-29T14:49:51.676+08:00  INFO 4276 --- [seckill-system] [OrderListener-1] c.d.seckill.service.AsyncOrderConsumer   : order committed request=3479b985-f7c5-308b-87ca-fecba0979820 order=133294
2026-09-29T14:49:51.685+08:00  INFO 4276 --- [seckill-system] [OrderListener-2] c.d.seckill.service.AsyncOrderConsumer   : order committed request=6ce7bfff-b8b7-3755-8197-61ca333da4ea order=133296
2026-09-29T14:49:51.686+08:00  INFO 4276 --- [seckill-system] [OrderListener-1] c.d.seckill.service.AsyncOrderConsumer   : order committed request=bf631096-a728-313c-b3a6-4575f9e49188 order=133297
2026-09-29T14:49:51.696+08:00  INFO 4276 --- [seckill-system] [OrderListener-1] c.d.seckill.service.AsyncOrderConsumer   : order committed request=aac0c7a7-1f14-373c-b0d3-61e0639731c1 order=133298
2026-09-29T14:49:51.714+08:00  INFO 4276 --- [seckill-system] [o-18090-exec-10] c.d.s.service.ProtectedSeckillService    : submission queued request=6262ea92-7513-3365-86ec-e5afe799f10b
2026-09-29T14:49:51.714+08:00  INFO 4276 --- [seckill-system] [io-18090-exec-5] c.d.s.service.ProtectedSeckillService    : submission queued request=8b0ba460-6d38-3c2c-ba36-dcb9680044fb
2026-09-29T14:49:51.714+08:00  INFO 4276 --- [seckill-system] [io-18090-exec-8] c.d.s.service.ProtectedSeckillService    : submission queued request=93de15d6-5279-307c-a35b-3a9f2084303f
2026-09-29T14:49:51.724+08:00  INFO 4276 --- [seckill-system] [OrderListener-1] c.d.seckill.service.AsyncOrderConsumer   : order committed request=8b0ba460-6d38-3c2c-ba36-dcb9680044fb order=133299
2026-09-29T14:49:51.724+08:00  INFO 4276 --- [seckill-system] [OrderListener-2] c.d.seckill.service.AsyncOrderConsumer   : order committed request=93de15d6-5279-307c-a35b-3a9f2084303f order=133300
2026-09-29T14:49:51.734+08:00  INFO 4276 --- [seckill-system] [OrderListener-2] c.d.seckill.service.AsyncOrderConsumer   : order committed request=6262ea92-7513-3365-86ec-e5afe799f10b order=133301
2026-09-29T14:49:51.776+08:00  INFO 4276 --- [seckill-system] [io-18090-exec-2] c.d.s.service.ProtectedSeckillService    : submission queued request=04b86bf1-f13f-378c-ae83-aa3c9e59474f
2026-09-29T14:49:51.777+08:00  INFO 4276 --- [seckill-system] [io-18090-exec-9] c.d.s.service.ProtectedSeckillService    : submission queued request=fcde520e-0c46-3487-9aff-9a0e1ec6780f
2026-09-29T14:49:51.777+08:00  INFO 4276 --- [seckill-system] [io-18090-exec-7] c.d.s.service.ProtectedSeckillService    : submission queued request=7951618a-e5b1-33e1-b749-09394eefb50b
2026-09-29T14:49:51.777+08:00  INFO 4276 --- [seckill-system] [io-18090-exec-6] c.d.s.service.ProtectedSeckillService    : submission queued request=b3c3b86c-976a-3a23-9427-999066f19814
2026-09-29T14:49:51.779+08:00  INFO 4276 --- [seckill-system] [io-18090-exec-4] c.d.s.service.ProtectedSeckillService    : submission queued request=62ad283f-8dce-320e-b546-84f0c5f12b3f
2026-09-29T14:49:51.780+08:00  INFO 4276 --- [seckill-system] [io-18090-exec-3] c.d.s.service.ProtectedSeckillService    : submission queued request=d1f4ebe0-ae4c-31b7-a6b9-7a5d5524717c
2026-09-29T14:49:51.780+08:00  INFO 4276 --- [seckill-system] [io-18090-exec-1] c.d.s.service.ProtectedSeckillService    : submission queued request=8cd63f17-0ce0-3202-a3d2-b31bdf3273af
2026-09-29T14:49:51.787+08:00  INFO 4276 --- [seckill-system] [OrderListener-2] c.d.seckill.service.AsyncOrderConsumer   : order committed request=7951618a-e5b1-33e1-b749-09394eefb50b order=133302
2026-09-29T14:49:51.787+08:00  INFO 4276 --- [seckill-system] [OrderListener-1] c.d.seckill.service.AsyncOrderConsumer   : order committed request=fcde520e-0c46-3487-9aff-9a0e1ec6780f order=133303
2026-09-29T14:49:51.799+08:00  INFO 4276 --- [seckill-system] [OrderListener-2] c.d.seckill.service.AsyncOrderConsumer   : order committed request=04b86bf1-f13f-378c-ae83-aa3c9e59474f order=133304
2026-09-29T14:49:51.799+08:00  INFO 4276 --- [seckill-system] [OrderListener-1] c.d.seckill.service.AsyncOrderConsumer   : order committed request=b3c3b86c-976a-3a23-9427-999066f19814 order=133305
2026-09-29T14:49:51.811+08:00  INFO 4276 --- [seckill-system] [OrderListener-2] c.d.seckill.service.AsyncOrderConsumer   : order committed request=d1f4ebe0-ae4c-31b7-a6b9-7a5d5524717c order=133307
2026-09-29T14:49:51.811+08:00  INFO 4276 --- [seckill-system] [OrderListener-1] c.d.seckill.service.AsyncOrderConsumer   : order committed request=62ad283f-8dce-320e-b546-84f0c5f12b3f order=133306
2026-09-29T14:49:51.822+08:00  INFO 4276 --- [seckill-system] [OrderListener-1] c.d.seckill.service.AsyncOrderConsumer   : order committed request=8cd63f17-0ce0-3202-a3d2-b31bdf3273af order=133308
2026-09-29T14:49:51.836+08:00  INFO 4276 --- [seckill-system] [o-18090-exec-10] c.d.s.service.ProtectedSeckillService    : submission queued request=a3187538-1d07-3876-bc22-b4f2dd7ce06e
2026-09-29T14:49:51.837+08:00  INFO 4276 --- [seckill-system] [io-18090-exec-8] c.d.s.service.ProtectedSeckillService    : submission queued request=2d16a612-da3b-3e38-8ea7-371963df6ef4
2026-09-29T14:49:51.837+08:00  INFO 4276 --- [seckill-system] [io-18090-exec-5] c.d.s.service.ProtectedSeckillService    : submission queued request=a1c6c053-0580-38b9-b187-65f59a0d1f4b
2026-09-29T14:49:51.847+08:00  INFO 4276 --- [seckill-system] [OrderListener-1] c.d.seckill.service.AsyncOrderConsumer   : order committed request=2d16a612-da3b-3e38-8ea7-371963df6ef4 order=133310
2026-09-29T14:49:51.847+08:00  INFO 4276 --- [seckill-system] [OrderListener-2] c.d.seckill.service.AsyncOrderConsumer   : order committed request=a1c6c053-0580-38b9-b187-65f59a0d1f4b order=133309
2026-09-29T14:49:51.859+08:00  INFO 4276 --- [seckill-system] [OrderListener-2] c.d.seckill.service.AsyncOrderConsumer   : order committed request=a3187538-1d07-3876-bc22-b4f2dd7ce06e order=133311
2026-09-29T14:49:51.899+08:00  INFO 4276 --- [seckill-system] [io-18090-exec-9] c.d.s.service.ProtectedSeckillService    : submission queued request=c6911589-983a-329d-bf71-c56f4c186cbc
2026-09-29T14:49:51.899+08:00  INFO 4276 --- [seckill-system] [io-18090-exec-2] c.d.s.service.ProtectedSeckillService    : submission queued request=54c17c48-73a9-3294-af29-4799c0505611
2026-09-29T14:49:51.899+08:00  INFO 4276 --- [seckill-system] [io-18090-exec-3] c.d.s.service.ProtectedSeckillService    : submission queued request=914290ed-2ee7-3ffd-a0e2-c82d63d6993f
2026-09-29T14:49:51.900+08:00  INFO 4276 --- [seckill-system] [io-18090-exec-6] c.d.s.service.ProtectedSeckillService    : submission queued request=f0cdf3ef-cfdf-358e-921c-8e4a5a60e42a
2026-09-29T14:49:51.900+08:00  INFO 4276 --- [seckill-system] [io-18090-exec-4] c.d.s.service.ProtectedSeckillService    : submission queued request=9275b3b3-7cab-3af6-b13a-ad572aaabde3
2026-09-29T14:49:51.904+08:00  INFO 4276 --- [seckill-system] [io-18090-exec-7] c.d.s.service.ProtectedSeckillService    : submission queued request=c0e3c2a9-de74-3cd8-961c-47ced8be392c
2026-09-29T14:49:51.905+08:00  INFO 4276 --- [seckill-system] [io-18090-exec-1] c.d.s.service.ProtectedSeckillService    : submission queued request=c51f07e0-2533-3060-b07e-04c095f64922
2026-09-29T14:49:51.914+08:00  INFO 4276 --- [seckill-system] [OrderListener-2] c.d.seckill.service.AsyncOrderConsumer   : order committed request=914290ed-2ee7-3ffd-a0e2-c82d63d6993f order=133312
2026-09-29T14:49:51.916+08:00  INFO 4276 --- [seckill-system] [OrderListener-1] c.d.seckill.service.AsyncOrderConsumer   : order committed request=c6911589-983a-329d-bf71-c56f4c186cbc order=133313
2026-09-29T14:49:51.923+08:00  INFO 4276 --- [seckill-system] [OrderListener-2] c.d.seckill.service.AsyncOrderConsumer   : order committed request=f0cdf3ef-cfdf-358e-921c-8e4a5a60e42a order=133314
2026-09-29T14:49:51.925+08:00  INFO 4276 --- [seckill-system] [OrderListener-1] c.d.seckill.service.AsyncOrderConsumer   : order committed request=54c17c48-73a9-3294-af29-4799c0505611 order=133315
2026-09-29T14:49:51.933+08:00  INFO 4276 --- [seckill-system] [OrderListener-2] c.d.seckill.service.AsyncOrderConsumer   : order committed request=c0e3c2a9-de74-3cd8-961c-47ced8be392c order=133316
2026-09-29T14:49:51.935+08:00  INFO 4276 --- [seckill-system] [OrderListener-1] c.d.seckill.service.AsyncOrderConsumer   : order committed request=9275b3b3-7cab-3af6-b13a-ad572aaabde3 order=133317
2026-09-29T14:49:51.945+08:00  INFO 4276 --- [seckill-system] [OrderListener-1] c.d.seckill.service.AsyncOrderConsumer   : order committed request=c51f07e0-2533-3060-b07e-04c095f64922 order=133318
2026-09-29T14:49:51.957+08:00  INFO 4276 --- [seckill-system] [io-18090-exec-8] c.d.s.service.ProtectedSeckillService    : submission queued request=144b9328-0873-333f-85c1-42e86a9d9560
2026-09-29T14:49:51.957+08:00  INFO 4276 --- [seckill-system] [o-18090-exec-10] c.d.s.service.ProtectedSeckillService    : submission queued request=85d93a17-2a2e-3d32-99df-5ad1fab069ec
2026-09-29T14:49:51.957+08:00  INFO 4276 --- [seckill-system] [io-18090-exec-5] c.d.s.service.ProtectedSeckillService    : submission queued request=2c2d1592-24f7-3625-90ca-74a687e87f4f
2026-09-29T14:49:51.967+08:00  INFO 4276 --- [seckill-system] [OrderListener-2] c.d.seckill.service.AsyncOrderConsumer   : order committed request=144b9328-0873-333f-85c1-42e86a9d9560 order=133319
2026-09-29T14:49:51.967+08:00  INFO 4276 --- [seckill-system] [OrderListener-1] c.d.seckill.service.AsyncOrderConsumer   : order committed request=2c2d1592-24f7-3625-90ca-74a687e87f4f order=133320
2026-09-29T14:49:51.978+08:00  INFO 4276 --- [seckill-system] [OrderListener-2] c.d.seckill.service.AsyncOrderConsumer   : order committed request=85d93a17-2a2e-3d32-99df-5ad1fab069ec order=133321
2026-09-29T14:49:52.020+08:00  INFO 4276 --- [seckill-system] [io-18090-exec-2] c.d.s.service.ProtectedSeckillService    : submission queued request=8f1ee81b-ea39-3918-943d-7279be91245a
2026-09-29T14:49:52.020+08:00  INFO 4276 --- [seckill-system] [io-18090-exec-7] c.d.s.service.ProtectedSeckillService    : submission queued request=c19e68a5-b7ad-356b-a285-ec2f6bfccfa9
2026-09-29T14:49:52.020+08:00  INFO 4276 --- [seckill-system] [io-18090-exec-1] c.d.s.service.ProtectedSeckillService    : submission queued request=2ae1361a-1f13-3cb0-a614-875ce25bf72d
2026-09-29T14:49:52.020+08:00  INFO 4276 --- [seckill-system] [io-18090-exec-6] c.d.s.service.ProtectedSeckillService    : submission queued request=a87d0f3f-dad4-3f0d-a5c5-2e4d762daa92
2026-09-29T14:49:52.020+08:00  INFO 4276 --- [seckill-system] [io-18090-exec-9] c.d.s.service.ProtectedSeckillService    : submission queued request=a8814791-395c-3c42-89ef-b45311c36abd
2026-09-29T14:49:52.025+08:00  INFO 4276 --- [seckill-system] [io-18090-exec-4] c.d.s.service.ProtectedSeckillService    : submission queued request=7aead7f8-f2d2-32c7-830d-464ec3ebf810
2026-09-29T14:49:52.026+08:00  INFO 4276 --- [seckill-system] [io-18090-exec-3] c.d.s.service.ProtectedSeckillService    : submission queued request=d6b25dbb-cf54-3fab-9e2d-fe0b9bb879a7
2026-09-29T14:49:52.031+08:00  INFO 4276 --- [seckill-system] [OrderListener-1] c.d.seckill.service.AsyncOrderConsumer   : order committed request=2ae1361a-1f13-3cb0-a614-875ce25bf72d order=133323
2026-09-29T14:49:52.032+08:00  INFO 4276 --- [seckill-system] [OrderListener-2] c.d.seckill.service.AsyncOrderConsumer   : order committed request=c19e68a5-b7ad-356b-a285-ec2f6bfccfa9 order=133322
2026-09-29T14:49:52.042+08:00  INFO 4276 --- [seckill-system] [OrderListener-2] c.d.seckill.service.AsyncOrderConsumer   : order committed request=8f1ee81b-ea39-3918-943d-7279be91245a order=133324
2026-09-29T14:49:52.042+08:00  INFO 4276 --- [seckill-system] [OrderListener-1] c.d.seckill.service.AsyncOrderConsumer   : order committed request=a87d0f3f-dad4-3f0d-a5c5-2e4d762daa92 order=133325
2026-09-29T14:49:52.053+08:00  INFO 4276 --- [seckill-system] [OrderListener-1] c.d.seckill.service.AsyncOrderConsumer   : order committed request=a8814791-395c-3c42-89ef-b45311c36abd order=133326
2026-09-29T14:49:52.053+08:00  INFO 4276 --- [seckill-system] [OrderListener-2] c.d.seckill.service.AsyncOrderConsumer   : order committed request=7aead7f8-f2d2-32c7-830d-464ec3ebf810 order=133327
2026-09-29T14:49:52.063+08:00  INFO 4276 --- [seckill-system] [OrderListener-1] c.d.seckill.service.AsyncOrderConsumer   : order committed request=d6b25dbb-cf54-3fab-9e2d-fe0b9bb879a7 order=133328
2026-09-29T14:49:52.080+08:00  INFO 4276 --- [seckill-system] [o-18090-exec-10] c.d.s.service.ProtectedSeckillService    : submission queued request=530249ec-6539-3b80-b809-de5ef29cd9b6
2026-09-29T14:49:52.080+08:00  INFO 4276 --- [seckill-system] [io-18090-exec-5] c.d.s.service.ProtectedSeckillService    : submission queued request=28810a2a-566d-31a4-a23a-ae899c47c84d
2026-09-29T14:49:52.080+08:00  INFO 4276 --- [seckill-system] [io-18090-exec-8] c.d.s.service.ProtectedSeckillService    : submission queued request=45dced21-8968-3cc8-813d-4ce3f4435847
2026-09-29T14:49:52.090+08:00  INFO 4276 --- [seckill-system] [OrderListener-2] c.d.seckill.service.AsyncOrderConsumer   : order committed request=530249ec-6539-3b80-b809-de5ef29cd9b6 order=133329
2026-09-29T14:49:52.090+08:00  INFO 4276 --- [seckill-system] [OrderListener-1] c.d.seckill.service.AsyncOrderConsumer   : order committed request=28810a2a-566d-31a4-a23a-ae899c47c84d order=133330
2026-09-29T14:49:52.100+08:00  INFO 4276 --- [seckill-system] [OrderListener-2] c.d.seckill.service.AsyncOrderConsumer   : order committed request=45dced21-8968-3cc8-813d-4ce3f4435847 order=133331
2026-09-29T14:49:52.146+08:00  INFO 4276 --- [seckill-system] [io-18090-exec-1] c.d.s.service.ProtectedSeckillService    : submission queued request=4a7a5737-8668-3ae3-868c-f8fa85da144a
2026-09-29T14:49:52.146+08:00  INFO 4276 --- [seckill-system] [io-18090-exec-7] c.d.s.service.ProtectedSeckillService    : submission queued request=b1ae5009-bec4-3a92-aa64-cdf88d446bcc
2026-09-29T14:49:52.146+08:00  INFO 4276 --- [seckill-system] [io-18090-exec-6] c.d.s.service.ProtectedSeckillService    : submission queued request=e529836e-2363-3440-b2ac-81c868ee39be
2026-09-29T14:49:52.146+08:00  INFO 4276 --- [seckill-system] [io-18090-exec-3] c.d.s.service.ProtectedSeckillService    : submission queued request=373801f2-dd17-3a0a-a60d-f5044c24da4e
2026-09-29T14:49:52.146+08:00  INFO 4276 --- [seckill-system] [io-18090-exec-9] c.d.s.service.ProtectedSeckillService    : submission queued request=65f31e27-9604-3b93-a208-6b9cccf73ff1
2026-09-29T14:49:52.149+08:00  INFO 4276 --- [seckill-system] [io-18090-exec-4] c.d.s.service.ProtectedSeckillService    : submission queued request=1a0e54bc-14e0-30d8-8e3f-f9aa5eaeabc8
2026-09-29T14:49:52.150+08:00  INFO 4276 --- [seckill-system] [io-18090-exec-2] c.d.s.service.ProtectedSeckillService    : submission queued request=12df7a01-b8de-3f03-bb96-bb0d2791f9e8
2026-09-29T14:49:52.157+08:00  INFO 4276 --- [seckill-system] [OrderListener-1] c.d.seckill.service.AsyncOrderConsumer   : order committed request=4a7a5737-8668-3ae3-868c-f8fa85da144a order=133332
2026-09-29T14:49:52.158+08:00  INFO 4276 --- [seckill-system] [OrderListener-2] c.d.seckill.service.AsyncOrderConsumer   : order committed request=65f31e27-9604-3b93-a208-6b9cccf73ff1 order=133333
2026-09-29T14:49:52.168+08:00  INFO 4276 --- [seckill-system] [OrderListener-2] c.d.seckill.service.AsyncOrderConsumer   : order committed request=373801f2-dd17-3a0a-a60d-f5044c24da4e order=133335
2026-09-29T14:49:52.168+08:00  INFO 4276 --- [seckill-system] [OrderListener-1] c.d.seckill.service.AsyncOrderConsumer   : order committed request=b1ae5009-bec4-3a92-aa64-cdf88d446bcc order=133334
2026-09-29T14:49:52.179+08:00  INFO 4276 --- [seckill-system] [OrderListener-1] c.d.seckill.service.AsyncOrderConsumer   : order committed request=e529836e-2363-3440-b2ac-81c868ee39be order=133337
2026-09-29T14:49:52.179+08:00  INFO 4276 --- [seckill-system] [OrderListener-2] c.d.seckill.service.AsyncOrderConsumer   : order committed request=1a0e54bc-14e0-30d8-8e3f-f9aa5eaeabc8 order=133336
2026-09-29T14:49:52.189+08:00  INFO 4276 --- [seckill-system] [OrderListener-1] c.d.seckill.service.AsyncOrderConsumer   : order committed request=12df7a01-b8de-3f03-bb96-bb0d2791f9e8 order=133338
2026-09-29T14:49:52.204+08:00  INFO 4276 --- [seckill-system] [io-18090-exec-8] c.d.s.service.ProtectedSeckillService    : submission queued request=af0a0908-a0bf-3acb-8d98-2466d084ebca
2026-09-29T14:49:52.204+08:00  INFO 4276 --- [seckill-system] [io-18090-exec-5] c.d.s.service.ProtectedSeckillService    : submission queued request=267f5ea9-c8e8-3e73-84a8-aad940b52298
2026-09-29T14:49:52.204+08:00  INFO 4276 --- [seckill-system] [o-18090-exec-10] c.d.s.service.ProtectedSeckillService    : submission queued request=a8a420d1-5cac-392b-a71e-c72f7f1fb4fc
2026-09-29T14:49:52.213+08:00  INFO 4276 --- [seckill-system] [OrderListener-1] c.d.seckill.service.AsyncOrderConsumer   : order committed request=af0a0908-a0bf-3acb-8d98-2466d084ebca order=133339
2026-09-29T14:49:52.214+08:00  INFO 4276 --- [seckill-system] [OrderListener-2] c.d.seckill.service.AsyncOrderConsumer   : order committed request=267f5ea9-c8e8-3e73-84a8-aad940b52298 order=133340
2026-09-29T14:49:52.224+08:00  INFO 4276 --- [seckill-system] [OrderListener-2] c.d.seckill.service.AsyncOrderConsumer   : order committed request=a8a420d1-5cac-392b-a71e-c72f7f1fb4fc order=133341
2026-09-29T14:49:52.264+08:00  INFO 4276 --- [seckill-system] [io-18090-exec-9] c.d.s.service.ProtectedSeckillService    : submission queued request=761e4b6c-7c55-3524-84e4-b5c3163edb43
2026-09-29T14:49:52.264+08:00  INFO 4276 --- [seckill-system] [io-18090-exec-3] c.d.s.service.ProtectedSeckillService    : submission queued request=c454db01-109e-3ca7-8ab8-9b8980439e66
2026-09-29T14:49:52.265+08:00  INFO 4276 --- [seckill-system] [io-18090-exec-6] c.d.s.service.ProtectedSeckillService    : submission queued request=d6d26f7e-aa4c-345e-96af-01ccde37d1d6
2026-09-29T14:49:52.265+08:00  INFO 4276 --- [seckill-system] [io-18090-exec-2] c.d.s.service.ProtectedSeckillService    : submission queued request=a5a303ac-50a7-31c3-9243-1ab9db6eeccf
2026-09-29T14:49:52.265+08:00  INFO 4276 --- [seckill-system] [io-18090-exec-1] c.d.s.service.ProtectedSeckillService    : submission queued request=59fe52e3-771d-34a2-badf-bf78ad7d5bb7
2026-09-29T14:49:52.269+08:00  INFO 4276 --- [seckill-system] [io-18090-exec-4] c.d.s.service.ProtectedSeckillService    : submission queued request=1968acf9-1f29-3d87-b6ed-8e2593bc445a
2026-09-29T14:49:52.270+08:00  INFO 4276 --- [seckill-system] [io-18090-exec-7] c.d.s.service.ProtectedSeckillService    : submission queued request=94e7dae2-dc18-3fee-8571-304600c8de9d
2026-09-29T14:49:52.279+08:00  INFO 4276 --- [seckill-system] [OrderListener-1] c.d.seckill.service.AsyncOrderConsumer   : order committed request=761e4b6c-7c55-3524-84e4-b5c3163edb43 order=133342
2026-09-29T14:49:52.283+08:00  INFO 4276 --- [seckill-system] [OrderListener-2] c.d.seckill.service.AsyncOrderConsumer   : order committed request=c454db01-109e-3ca7-8ab8-9b8980439e66 order=133343
2026-09-29T14:49:52.291+08:00  INFO 4276 --- [seckill-system] [OrderListener-1] c.d.seckill.service.AsyncOrderConsumer   : order committed request=59fe52e3-771d-34a2-badf-bf78ad7d5bb7 order=133344
2026-09-29T14:49:52.294+08:00  INFO 4276 --- [seckill-system] [OrderListener-2] c.d.seckill.service.AsyncOrderConsumer   : order committed request=a5a303ac-50a7-31c3-9243-1ab9db6eeccf order=133345
2026-09-29T14:49:52.301+08:00  INFO 4276 --- [seckill-system] [OrderListener-1] c.d.seckill.service.AsyncOrderConsumer   : order committed request=d6d26f7e-aa4c-345e-96af-01ccde37d1d6 order=133346
2026-09-29T14:49:52.304+08:00  INFO 4276 --- [seckill-system] [OrderListener-2] c.d.seckill.service.AsyncOrderConsumer   : order committed request=1968acf9-1f29-3d87-b6ed-8e2593bc445a order=133347
2026-09-29T14:49:52.312+08:00  INFO 4276 --- [seckill-system] [OrderListener-1] c.d.seckill.service.AsyncOrderConsumer   : order committed request=94e7dae2-dc18-3fee-8571-304600c8de9d order=133348
2026-09-29T14:49:52.326+08:00  INFO 4276 --- [seckill-system] [io-18090-exec-5] c.d.s.service.ProtectedSeckillService    : submission queued request=016aaeb9-c364-3c25-8d5c-c4140810868c
2026-09-29T14:49:52.326+08:00  INFO 4276 --- [seckill-system] [io-18090-exec-8] c.d.s.service.ProtectedSeckillService    : submission queued request=12040510-b5f8-330d-8cfa-4e0a742a2d31
2026-09-29T14:49:52.326+08:00  INFO 4276 --- [seckill-system] [o-18090-exec-10] c.d.s.service.ProtectedSeckillService    : submission queued request=c152b57c-0848-36f2-b3e4-439291373e22
2026-09-29T14:49:52.336+08:00  INFO 4276 --- [seckill-system] [OrderListener-2] c.d.seckill.service.AsyncOrderConsumer   : order committed request=c152b57c-0848-36f2-b3e4-439291373e22 order=133349
2026-09-29T14:49:52.336+08:00  INFO 4276 --- [seckill-system] [OrderListener-1] c.d.seckill.service.AsyncOrderConsumer   : order committed request=016aaeb9-c364-3c25-8d5c-c4140810868c order=133350
2026-09-29T14:49:52.345+08:00  INFO 4276 --- [seckill-system] [OrderListener-2] c.d.seckill.service.AsyncOrderConsumer   : order committed request=12040510-b5f8-330d-8cfa-4e0a742a2d31 order=133351
2026-09-29T14:49:52.386+08:00  INFO 4276 --- [seckill-system] [io-18090-exec-2] c.d.s.service.ProtectedSeckillService    : submission queued request=23f3066c-22fc-3cc8-a01d-581495efebea
2026-09-29T14:49:52.387+08:00  INFO 4276 --- [seckill-system] [io-18090-exec-3] c.d.s.service.ProtectedSeckillService    : submission queued request=573e39bd-8ad4-3ac7-b84b-75d80f6dff81
2026-09-29T14:49:52.387+08:00  INFO 4276 --- [seckill-system] [io-18090-exec-1] c.d.s.service.ProtectedSeckillService    : submission queued request=0b8d8434-4efd-36f6-b9a3-84ae547de110
2026-09-29T14:49:52.391+08:00  INFO 4276 --- [seckill-system] [io-18090-exec-6] c.d.s.service.ProtectedSeckillService    : submission queued request=845a53c8-96ba-3733-9f46-8c68be3c2bd3
2026-09-29T14:49:52.392+08:00  INFO 4276 --- [seckill-system] [io-18090-exec-9] c.d.s.service.ProtectedSeckillService    : submission queued request=980cc68d-8912-39d7-b438-275850a2e781
2026-09-29T14:49:52.392+08:00  INFO 4276 --- [seckill-system] [io-18090-exec-7] c.d.s.service.ProtectedSeckillService    : submission queued request=88fe0964-e66f-33dd-8a32-0c96a94b7487
2026-09-29T14:49:52.392+08:00  INFO 4276 --- [seckill-system] [io-18090-exec-4] c.d.s.service.ProtectedSeckillService    : submission queued request=dbb8f4e2-c76d-35f8-8b86-4aa03b1caca3
2026-09-29T14:49:52.397+08:00  INFO 4276 --- [seckill-system] [OrderListener-1] c.d.seckill.service.AsyncOrderConsumer   : order committed request=23f3066c-22fc-3cc8-a01d-581495efebea order=133352
2026-09-29T14:49:52.398+08:00  INFO 4276 --- [seckill-system] [OrderListener-2] c.d.seckill.service.AsyncOrderConsumer   : order committed request=0b8d8434-4efd-36f6-b9a3-84ae547de110 order=133353
2026-09-29T14:49:52.406+08:00  INFO 4276 --- [seckill-system] [OrderListener-1] c.d.seckill.service.AsyncOrderConsumer   : order committed request=573e39bd-8ad4-3ac7-b84b-75d80f6dff81 order=133354
2026-09-29T14:49:52.406+08:00  INFO 4276 --- [seckill-system] [OrderListener-2] c.d.seckill.service.AsyncOrderConsumer   : order committed request=845a53c8-96ba-3733-9f46-8c68be3c2bd3 order=133355
2026-09-29T14:49:52.416+08:00  INFO 4276 --- [seckill-system] [OrderListener-1] c.d.seckill.service.AsyncOrderConsumer   : order committed request=980cc68d-8912-39d7-b438-275850a2e781 order=133356
2026-09-29T14:49:52.416+08:00  INFO 4276 --- [seckill-system] [OrderListener-2] c.d.seckill.service.AsyncOrderConsumer   : order committed request=dbb8f4e2-c76d-35f8-8b86-4aa03b1caca3 order=133357
2026-09-29T14:49:52.427+08:00  INFO 4276 --- [seckill-system] [OrderListener-1] c.d.seckill.service.AsyncOrderConsumer   : order committed request=88fe0964-e66f-33dd-8a32-0c96a94b7487 order=133358
2026-09-29T14:49:52.446+08:00  INFO 4276 --- [seckill-system] [io-18090-exec-8] c.d.s.service.ProtectedSeckillService    : submission queued request=eca192e2-c753-346c-9b86-8684ea0e4dd3
2026-09-29T14:49:52.447+08:00  INFO 4276 --- [seckill-system] [o-18090-exec-10] c.d.s.service.ProtectedSeckillService    : submission queued request=552e3621-7255-3abf-a899-8b33a89de0f2
2026-09-29T14:49:52.447+08:00  INFO 4276 --- [seckill-system] [io-18090-exec-5] c.d.s.service.ProtectedSeckillService    : submission queued request=d4e92c76-48c2-3e86-a5f3-9bcb574d9f84
2026-09-29T14:49:52.456+08:00  INFO 4276 --- [seckill-system] [OrderListener-1] c.d.seckill.service.AsyncOrderConsumer   : order committed request=eca192e2-c753-346c-9b86-8684ea0e4dd3 order=133359
2026-09-29T14:49:52.456+08:00  INFO 4276 --- [seckill-system] [OrderListener-2] c.d.seckill.service.AsyncOrderConsumer   : order committed request=552e3621-7255-3abf-a899-8b33a89de0f2 order=133360
2026-09-29T14:49:52.466+08:00  INFO 4276 --- [seckill-system] [OrderListener-2] c.d.seckill.service.AsyncOrderConsumer   : order committed request=d4e92c76-48c2-3e86-a5f3-9bcb574d9f84 order=133361
2026-09-29T14:49:52.506+08:00  INFO 4276 --- [seckill-system] [io-18090-exec-3] c.d.s.service.ProtectedSeckillService    : submission queued request=37185eed-3f1b-3d7d-b9f9-42dcf1934b7d
2026-09-29T14:49:52.506+08:00  INFO 4276 --- [seckill-system] [io-18090-exec-9] c.d.s.service.ProtectedSeckillService    : submission queued request=d5e22379-db6f-3745-a2ae-4b3b7d224230
2026-09-29T14:49:52.506+08:00  INFO 4276 --- [seckill-system] [io-18090-exec-2] c.d.s.service.ProtectedSeckillService    : submission queued request=fd2d9510-f9eb-3cee-85e9-deda2de43883
2026-09-29T14:49:52.508+08:00  INFO 4276 --- [seckill-system] [io-18090-exec-4] c.d.s.service.ProtectedSeckillService    : submission queued request=0fdef93b-ef95-38b0-a353-f8c9acd8b591
2026-09-29T14:49:52.513+08:00  INFO 4276 --- [seckill-system] [io-18090-exec-6] c.d.s.service.ProtectedSeckillService    : submission queued request=c8970390-54ba-3e31-8597-8346e4a7347b
2026-09-29T14:49:52.513+08:00  INFO 4276 --- [seckill-system] [io-18090-exec-1] c.d.s.service.ProtectedSeckillService    : submission queued request=e759ef4b-f22b-3ed4-9bb5-ce5c8f1b30cc
2026-09-29T14:49:52.513+08:00  INFO 4276 --- [seckill-system] [io-18090-exec-7] c.d.s.service.ProtectedSeckillService    : submission queued request=91db87ce-3feb-3d1b-80bb-573629981911
2026-09-29T14:49:52.517+08:00  INFO 4276 --- [seckill-system] [OrderListener-1] c.d.seckill.service.AsyncOrderConsumer   : order committed request=fd2d9510-f9eb-3cee-85e9-deda2de43883 order=133362
2026-09-29T14:49:52.517+08:00  INFO 4276 --- [seckill-system] [OrderListener-2] c.d.seckill.service.AsyncOrderConsumer   : order committed request=37185eed-3f1b-3d7d-b9f9-42dcf1934b7d order=133363
2026-09-29T14:49:52.527+08:00  INFO 4276 --- [seckill-system] [OrderListener-1] c.d.seckill.service.AsyncOrderConsumer   : order committed request=d5e22379-db6f-3745-a2ae-4b3b7d224230 order=133364
2026-09-29T14:49:52.527+08:00  INFO 4276 --- [seckill-system] [OrderListener-2] c.d.seckill.service.AsyncOrderConsumer   : order committed request=0fdef93b-ef95-38b0-a353-f8c9acd8b591 order=133365
2026-09-29T14:49:52.537+08:00  INFO 4276 --- [seckill-system] [OrderListener-1] c.d.seckill.service.AsyncOrderConsumer   : order committed request=c8970390-54ba-3e31-8597-8346e4a7347b order=133366
2026-09-29T14:49:52.538+08:00  INFO 4276 --- [seckill-system] [OrderListener-2] c.d.seckill.service.AsyncOrderConsumer   : order committed request=e759ef4b-f22b-3ed4-9bb5-ce5c8f1b30cc order=133367
2026-09-29T14:49:52.548+08:00  INFO 4276 --- [seckill-system] [OrderListener-1] c.d.seckill.service.AsyncOrderConsumer   : order committed request=91db87ce-3feb-3d1b-80bb-573629981911 order=133368
2026-09-29T14:49:52.568+08:00  INFO 4276 --- [seckill-system] [o-18090-exec-10] c.d.s.service.ProtectedSeckillService    : submission queued request=76a6d0a2-1ada-3fef-97ae-1aedc29dd30d
2026-09-29T14:49:52.568+08:00  INFO 4276 --- [seckill-system] [io-18090-exec-5] c.d.s.service.ProtectedSeckillService    : submission queued request=55b5c97d-3e3e-32c4-818e-9f993673503a
2026-09-29T14:49:52.568+08:00  INFO 4276 --- [seckill-system] [io-18090-exec-8] c.d.s.service.ProtectedSeckillService    : submission queued request=b971a5cf-275a-3b59-a4ca-2077ff642c35
2026-09-29T14:49:52.579+08:00  INFO 4276 --- [seckill-system] [OrderListener-1] c.d.seckill.service.AsyncOrderConsumer   : order committed request=76a6d0a2-1ada-3fef-97ae-1aedc29dd30d order=133369
2026-09-29T14:49:52.579+08:00  INFO 4276 --- [seckill-system] [OrderListener-2] c.d.seckill.service.AsyncOrderConsumer   : order committed request=b971a5cf-275a-3b59-a4ca-2077ff642c35 order=133370
2026-09-29T14:49:52.590+08:00  INFO 4276 --- [seckill-system] [OrderListener-2] c.d.seckill.service.AsyncOrderConsumer   : order committed request=55b5c97d-3e3e-32c4-818e-9f993673503a order=133371
2026-09-29T14:49:52.630+08:00  INFO 4276 --- [seckill-system] [io-18090-exec-1] c.d.s.service.ProtectedSeckillService    : submission queued request=ad33c4bf-9155-37b9-bf8d-e836112eb8df
2026-09-29T14:49:52.630+08:00  INFO 4276 --- [seckill-system] [io-18090-exec-3] c.d.s.service.ProtectedSeckillService    : submission queued request=f107121f-0b0d-317e-881f-febc5f60882b
2026-09-29T14:49:52.630+08:00  INFO 4276 --- [seckill-system] [io-18090-exec-4] c.d.s.service.ProtectedSeckillService    : submission queued request=fc395525-e486-3b00-8b9b-1c313bef1b02
2026-09-29T14:49:52.630+08:00  INFO 4276 --- [seckill-system] [io-18090-exec-6] c.d.s.service.ProtectedSeckillService    : submission queued request=91114016-8361-3b74-86be-35a3ed7f861d
2026-09-29T14:49:52.630+08:00  INFO 4276 --- [seckill-system] [io-18090-exec-2] c.d.s.service.ProtectedSeckillService    : submission queued request=5ad1c54f-40d4-3f3d-a907-696b011df9aa
2026-09-29T14:49:52.631+08:00  INFO 4276 --- [seckill-system] [io-18090-exec-9] c.d.s.service.ProtectedSeckillService    : submission queued request=d257679a-16ea-3c0b-8119-c705f9255e4c
2026-09-29T14:49:52.631+08:00  INFO 4276 --- [seckill-system] [io-18090-exec-7] c.d.s.service.ProtectedSeckillService    : submission queued request=a9e7c379-19d7-3ca2-a893-ed66a0ce9b4a
2026-09-29T14:49:52.640+08:00  INFO 4276 --- [seckill-system] [OrderListener-1] c.d.seckill.service.AsyncOrderConsumer   : order committed request=91114016-8361-3b74-86be-35a3ed7f861d order=133372
2026-09-29T14:49:52.640+08:00  INFO 4276 --- [seckill-system] [OrderListener-2] c.d.seckill.service.AsyncOrderConsumer   : order committed request=ad33c4bf-9155-37b9-bf8d-e836112eb8df order=133373
2026-09-29T14:49:52.650+08:00  INFO 4276 --- [seckill-system] [OrderListener-1] c.d.seckill.service.AsyncOrderConsumer   : order committed request=fc395525-e486-3b00-8b9b-1c313bef1b02 order=133374
2026-09-29T14:49:52.651+08:00  INFO 4276 --- [seckill-system] [OrderListener-2] c.d.seckill.service.AsyncOrderConsumer   : order committed request=f107121f-0b0d-317e-881f-febc5f60882b order=133375
2026-09-29T14:49:52.660+08:00  INFO 4276 --- [seckill-system] [OrderListener-1] c.d.seckill.service.AsyncOrderConsumer   : order committed request=a9e7c379-19d7-3ca2-a893-ed66a0ce9b4a order=133376
2026-09-29T14:49:52.660+08:00  INFO 4276 --- [seckill-system] [OrderListener-2] c.d.seckill.service.AsyncOrderConsumer   : order committed request=5ad1c54f-40d4-3f3d-a907-696b011df9aa order=133377
2026-09-29T14:49:52.670+08:00  INFO 4276 --- [seckill-system] [OrderListener-1] c.d.seckill.service.AsyncOrderConsumer   : order committed request=d257679a-16ea-3c0b-8119-c705f9255e4c order=133378
2026-09-29T14:49:52.689+08:00  INFO 4276 --- [seckill-system] [o-18090-exec-10] c.d.s.service.ProtectedSeckillService    : submission queued request=4384c87e-b66b-392a-8284-54109821e193
2026-09-29T14:49:52.689+08:00  INFO 4276 --- [seckill-system] [io-18090-exec-5] c.d.s.service.ProtectedSeckillService    : submission queued request=16d474c5-ed17-3f1d-ab3d-1bf6e25e1407
2026-09-29T14:49:52.689+08:00  INFO 4276 --- [seckill-system] [io-18090-exec-8] c.d.s.service.ProtectedSeckillService    : submission queued request=9aff9e05-2869-3046-b752-48f1f3c8aa8e
2026-09-29T14:49:52.699+08:00  INFO 4276 --- [seckill-system] [OrderListener-2] c.d.seckill.service.AsyncOrderConsumer   : order committed request=9aff9e05-2869-3046-b752-48f1f3c8aa8e order=133379
2026-09-29T14:49:52.699+08:00  INFO 4276 --- [seckill-system] [OrderListener-1] c.d.seckill.service.AsyncOrderConsumer   : order committed request=16d474c5-ed17-3f1d-ab3d-1bf6e25e1407 order=133380
2026-09-29T14:49:52.709+08:00  INFO 4276 --- [seckill-system] [OrderListener-2] c.d.seckill.service.AsyncOrderConsumer   : order committed request=4384c87e-b66b-392a-8284-54109821e193 order=133381
2026-09-29T14:49:52.753+08:00  INFO 4276 --- [seckill-system] [io-18090-exec-1] c.d.s.service.ProtectedSeckillService    : submission queued request=c3014b9c-0028-387e-a932-933d00f0ae4d
2026-09-29T14:49:52.753+08:00  INFO 4276 --- [seckill-system] [io-18090-exec-7] c.d.s.service.ProtectedSeckillService    : submission queued request=66d32880-5a19-35f2-8d5a-055dc26c6000
2026-09-29T14:49:52.754+08:00  INFO 4276 --- [seckill-system] [io-18090-exec-4] c.d.s.service.ProtectedSeckillService    : submission queued request=bd19c302-3a10-3509-863f-87e6a58456ed
2026-09-29T14:49:52.754+08:00  INFO 4276 --- [seckill-system] [io-18090-exec-9] c.d.s.service.ProtectedSeckillService    : submission queued request=37749128-d00f-31c0-8a9f-379e43d115f7
2026-09-29T14:49:52.755+08:00  INFO 4276 --- [seckill-system] [io-18090-exec-6] c.d.s.service.ProtectedSeckillService    : submission queued request=d4d43047-f139-30f3-8f71-d9b71245cd6c
2026-09-29T14:49:52.755+08:00  INFO 4276 --- [seckill-system] [io-18090-exec-2] c.d.s.service.ProtectedSeckillService    : submission queued request=42f225d3-5e1d-3987-8ebf-4cbb532cc842
2026-09-29T14:49:52.756+08:00  INFO 4276 --- [seckill-system] [io-18090-exec-3] c.d.s.service.ProtectedSeckillService    : submission queued request=f3cd72bd-a609-34ad-adca-4f5b7d3275f5
2026-09-29T14:49:52.763+08:00  INFO 4276 --- [seckill-system] [OrderListener-1] c.d.seckill.service.AsyncOrderConsumer   : order committed request=c3014b9c-0028-387e-a932-933d00f0ae4d order=133383
2026-09-29T14:49:52.763+08:00  INFO 4276 --- [seckill-system] [OrderListener-2] c.d.seckill.service.AsyncOrderConsumer   : order committed request=66d32880-5a19-35f2-8d5a-055dc26c6000 order=133382
2026-09-29T14:49:52.775+08:00  INFO 4276 --- [seckill-system] [OrderListener-1] c.d.seckill.service.AsyncOrderConsumer   : order committed request=d4d43047-f139-30f3-8f71-d9b71245cd6c order=133384
2026-09-29T14:49:52.775+08:00  INFO 4276 --- [seckill-system] [OrderListener-2] c.d.seckill.service.AsyncOrderConsumer   : order committed request=42f225d3-5e1d-3987-8ebf-4cbb532cc842 order=133385
2026-09-29T14:49:52.785+08:00  INFO 4276 --- [seckill-system] [OrderListener-2] c.d.seckill.service.AsyncOrderConsumer   : order committed request=37749128-d00f-31c0-8a9f-379e43d115f7 order=133386
2026-09-29T14:49:52.785+08:00  INFO 4276 --- [seckill-system] [OrderListener-1] c.d.seckill.service.AsyncOrderConsumer   : order committed request=bd19c302-3a10-3509-863f-87e6a58456ed order=133387
2026-09-29T14:49:52.794+08:00  INFO 4276 --- [seckill-system] [OrderListener-1] c.d.seckill.service.AsyncOrderConsumer   : order committed request=f3cd72bd-a609-34ad-adca-4f5b7d3275f5 order=133388
2026-09-29T14:49:52.816+08:00  INFO 4276 --- [seckill-system] [o-18090-exec-10] c.d.s.service.ProtectedSeckillService    : submission queued request=303d500c-fe71-3898-85e2-fd4ce8b35acd
2026-09-29T14:49:52.816+08:00  INFO 4276 --- [seckill-system] [io-18090-exec-8] c.d.s.service.ProtectedSeckillService    : submission queued request=6a89dd36-d62a-3f19-8c13-dda59e4168ff
2026-09-29T14:49:52.816+08:00  INFO 4276 --- [seckill-system] [io-18090-exec-5] c.d.s.service.ProtectedSeckillService    : submission queued request=8d77bf9e-30c4-3a16-997a-b361b7280135
2026-09-29T14:49:52.825+08:00  INFO 4276 --- [seckill-system] [OrderListener-1] c.d.seckill.service.AsyncOrderConsumer   : order committed request=8d77bf9e-30c4-3a16-997a-b361b7280135 order=133390
2026-09-29T14:49:52.826+08:00  INFO 4276 --- [seckill-system] [OrderListener-2] c.d.seckill.service.AsyncOrderConsumer   : order committed request=303d500c-fe71-3898-85e2-fd4ce8b35acd order=133389
2026-09-29T14:49:52.836+08:00  INFO 4276 --- [seckill-system] [OrderListener-2] c.d.seckill.service.AsyncOrderConsumer   : order committed request=6a89dd36-d62a-3f19-8c13-dda59e4168ff order=133391
2026-09-29T14:49:52.887+08:00  INFO 4276 --- [seckill-system] [io-18090-exec-9] c.d.s.service.ProtectedSeckillService    : submission queued request=64d21a2e-1ae8-3dc3-8f77-ec10846545ab
2026-09-29T14:49:52.887+08:00  INFO 4276 --- [seckill-system] [io-18090-exec-6] c.d.s.service.ProtectedSeckillService    : submission queued request=5dad95ad-cec7-3c28-801a-b34de2bf5058
2026-09-29T14:49:52.887+08:00  INFO 4276 --- [seckill-system] [io-18090-exec-1] c.d.s.service.ProtectedSeckillService    : submission queued request=435561ee-eec5-3e54-8fe7-2fd0575b7019
2026-09-29T14:49:52.887+08:00  INFO 4276 --- [seckill-system] [io-18090-exec-3] c.d.s.service.ProtectedSeckillService    : submission queued request=f9cb492a-681c-300f-9153-befdc1adb618
2026-09-29T14:49:52.887+08:00  INFO 4276 --- [seckill-system] [io-18090-exec-2] c.d.s.service.ProtectedSeckillService    : submission queued request=2891fc9f-42bc-3bb6-8d1f-a3a14d2c2646
2026-09-29T14:49:52.892+08:00  INFO 4276 --- [seckill-system] [io-18090-exec-7] c.d.s.service.ProtectedSeckillService    : submission queued request=d134b08a-2c32-3406-a23e-54d24071cc28
2026-09-29T14:49:52.893+08:00  INFO 4276 --- [seckill-system] [io-18090-exec-4] c.d.s.service.ProtectedSeckillService    : submission queued request=56919701-eb64-3c05-b927-7e926a25442b
2026-09-29T14:49:52.897+08:00  INFO 4276 --- [seckill-system] [OrderListener-2] c.d.seckill.service.AsyncOrderConsumer   : order committed request=5dad95ad-cec7-3c28-801a-b34de2bf5058 order=133392
2026-09-29T14:49:52.902+08:00  INFO 4276 --- [seckill-system] [OrderListener-1] c.d.seckill.service.AsyncOrderConsumer   : order committed request=64d21a2e-1ae8-3dc3-8f77-ec10846545ab order=133393
2026-09-29T14:49:52.907+08:00  INFO 4276 --- [seckill-system] [OrderListener-2] c.d.seckill.service.AsyncOrderConsumer   : order committed request=f9cb492a-681c-300f-9153-befdc1adb618 order=133394
2026-09-29T14:49:52.913+08:00  INFO 4276 --- [seckill-system] [OrderListener-1] c.d.seckill.service.AsyncOrderConsumer   : order committed request=435561ee-eec5-3e54-8fe7-2fd0575b7019 order=133395
2026-09-29T14:49:52.917+08:00  INFO 4276 --- [seckill-system] [OrderListener-2] c.d.seckill.service.AsyncOrderConsumer   : order committed request=d134b08a-2c32-3406-a23e-54d24071cc28 order=133396
2026-09-29T14:49:52.923+08:00  INFO 4276 --- [seckill-system] [OrderListener-1] c.d.seckill.service.AsyncOrderConsumer   : order committed request=2891fc9f-42bc-3bb6-8d1f-a3a14d2c2646 order=133397
2026-09-29T14:49:52.933+08:00  INFO 4276 --- [seckill-system] [OrderListener-1] c.d.seckill.service.AsyncOrderConsumer   : order committed request=56919701-eb64-3c05-b927-7e926a25442b order=133398
2026-09-29T14:49:52.942+08:00  INFO 4276 --- [seckill-system] [io-18090-exec-5] c.d.s.service.ProtectedSeckillService    : submission queued request=c0b2917c-67bd-3b26-a6b8-bf1ba90e37c2
2026-09-29T14:49:52.942+08:00  INFO 4276 --- [seckill-system] [o-18090-exec-10] c.d.s.service.ProtectedSeckillService    : submission queued request=ad9d5d87-b17d-38ce-a9eb-40abb6796128
2026-09-29T14:49:52.944+08:00  INFO 4276 --- [seckill-system] [io-18090-exec-8] c.d.s.service.ProtectedSeckillService    : submission queued request=66a157c6-ab25-3e52-b97e-1982b9ad2ab8
2026-09-29T14:49:52.952+08:00  INFO 4276 --- [seckill-system] [OrderListener-1] c.d.seckill.service.AsyncOrderConsumer   : order committed request=ad9d5d87-b17d-38ce-a9eb-40abb6796128 order=133400
2026-09-29T14:49:52.952+08:00  INFO 4276 --- [seckill-system] [OrderListener-2] c.d.seckill.service.AsyncOrderConsumer   : order committed request=c0b2917c-67bd-3b26-a6b8-bf1ba90e37c2 order=133399
2026-09-29T14:49:52.961+08:00  INFO 4276 --- [seckill-system] [OrderListener-2] c.d.seckill.service.AsyncOrderConsumer   : order committed request=66a157c6-ab25-3e52-b97e-1982b9ad2ab8 order=133401
2026-09-29T14:49:53.001+08:00  INFO 4276 --- [seckill-system] [io-18090-exec-9] c.d.s.service.ProtectedSeckillService    : submission queued request=430716ab-f20c-3892-9bd2-be19c1070c17
2026-09-29T14:49:53.001+08:00  INFO 4276 --- [seckill-system] [io-18090-exec-3] c.d.s.service.ProtectedSeckillService    : submission queued request=231a64f4-a688-33c8-9e43-c27450a7359a
2026-09-29T14:49:53.002+08:00  INFO 4276 --- [seckill-system] [io-18090-exec-2] c.d.s.service.ProtectedSeckillService    : submission queued request=5ce7b734-b9d8-3fdb-880d-a413bdd5639a
2026-09-29T14:49:53.002+08:00  INFO 4276 --- [seckill-system] [io-18090-exec-1] c.d.s.service.ProtectedSeckillService    : submission queued request=ded753f7-525d-30a6-9a99-32af9dc2ca3b
2026-09-29T14:49:53.002+08:00  INFO 4276 --- [seckill-system] [io-18090-exec-6] c.d.s.service.ProtectedSeckillService    : submission queued request=45246055-5bf8-3ac9-88c2-c380ad25f00b
2026-09-29T14:49:53.010+08:00  INFO 4276 --- [seckill-system] [OrderListener-1] c.d.seckill.service.AsyncOrderConsumer   : order committed request=430716ab-f20c-3892-9bd2-be19c1070c17 order=133402
2026-09-29T14:49:53.010+08:00  INFO 4276 --- [seckill-system] [OrderListener-2] c.d.seckill.service.AsyncOrderConsumer   : order committed request=231a64f4-a688-33c8-9e43-c27450a7359a order=133403
2026-09-29T14:49:53.020+08:00  INFO 4276 --- [seckill-system] [OrderListener-2] c.d.seckill.service.AsyncOrderConsumer   : order committed request=45246055-5bf8-3ac9-88c2-c380ad25f00b order=133404
2026-09-29T14:49:53.020+08:00  INFO 4276 --- [seckill-system] [OrderListener-1] c.d.seckill.service.AsyncOrderConsumer   : order committed request=ded753f7-525d-30a6-9a99-32af9dc2ca3b order=133405
2026-09-29T14:49:53.030+08:00  INFO 4276 --- [seckill-system] [OrderListener-1] c.d.seckill.service.AsyncOrderConsumer   : order committed request=5ce7b734-b9d8-3fdb-880d-a413bdd5639a order=133406
2026-09-29T14:49:53.061+08:00  INFO 4276 --- [seckill-system] [io-18090-exec-7] c.d.s.service.ProtectedSeckillService    : submission queued request=ec0a64f3-16b0-33cf-90cb-8d7ca16e728e
2026-09-29T14:49:53.061+08:00  INFO 4276 --- [seckill-system] [io-18090-exec-4] c.d.s.service.ProtectedSeckillService    : submission queued request=683e801e-711d-3aa6-8bf6-2307e57d134c
2026-09-29T14:49:53.062+08:00  INFO 4276 --- [seckill-system] [io-18090-exec-5] c.d.s.service.ProtectedSeckillService    : submission queued request=0c67a023-45df-33e0-881b-fc887f9afbd0
2026-09-29T14:49:53.062+08:00  INFO 4276 --- [seckill-system] [o-18090-exec-10] c.d.s.service.ProtectedSeckillService    : submission queued request=c0e32bd9-5c30-36ed-a861-ab36bebfe204
2026-09-29T14:49:53.064+08:00  INFO 4276 --- [seckill-system] [io-18090-exec-8] c.d.s.service.ProtectedSeckillService    : submission queued request=206bca45-b56d-321c-bc64-b70867c2ca91
2026-09-29T14:49:53.070+08:00  INFO 4276 --- [seckill-system] [OrderListener-1] c.d.seckill.service.AsyncOrderConsumer   : order committed request=683e801e-711d-3aa6-8bf6-2307e57d134c order=133407
2026-09-29T14:49:53.074+08:00  INFO 4276 --- [seckill-system] [OrderListener-2] c.d.seckill.service.AsyncOrderConsumer   : order committed request=ec0a64f3-16b0-33cf-90cb-8d7ca16e728e order=133408
2026-09-29T14:49:53.081+08:00  INFO 4276 --- [seckill-system] [OrderListener-1] c.d.seckill.service.AsyncOrderConsumer   : order committed request=c0e32bd9-5c30-36ed-a861-ab36bebfe204 order=133409
2026-09-29T14:49:53.084+08:00  INFO 4276 --- [seckill-system] [OrderListener-2] c.d.seckill.service.AsyncOrderConsumer   : order committed request=0c67a023-45df-33e0-881b-fc887f9afbd0 order=133410
2026-09-29T14:49:53.093+08:00  INFO 4276 --- [seckill-system] [OrderListener-2] c.d.seckill.service.AsyncOrderConsumer   : order committed request=206bca45-b56d-321c-bc64-b70867c2ca91 order=133411
2026-09-29T14:49:53.124+08:00  INFO 4276 --- [seckill-system] [io-18090-exec-3] c.d.s.service.ProtectedSeckillService    : submission queued request=9f55628f-5570-36a9-8e9f-d36fc35c58d1
2026-09-29T14:49:53.124+08:00  INFO 4276 --- [seckill-system] [io-18090-exec-6] c.d.s.service.ProtectedSeckillService    : submission queued request=32e5d683-6d21-3dba-ad25-988f368e9164
2026-09-29T14:49:53.124+08:00  INFO 4276 --- [seckill-system] [io-18090-exec-1] c.d.s.service.ProtectedSeckillService    : submission queued request=51298b77-360f-3772-8ba9-cef48e5a538f
2026-09-29T14:49:53.128+08:00  INFO 4276 --- [seckill-system] [io-18090-exec-9] c.d.s.service.ProtectedSeckillService    : submission queued request=2d8fa7c3-fa3a-36b4-886f-1224edc98374
2026-09-29T14:49:53.128+08:00  INFO 4276 --- [seckill-system] [io-18090-exec-2] c.d.s.service.ProtectedSeckillService    : submission queued request=3ac73cf4-a1dc-3250-a1e6-76bedbbe0939
2026-09-29T14:49:53.134+08:00  INFO 4276 --- [seckill-system] [OrderListener-2] c.d.seckill.service.AsyncOrderConsumer   : order committed request=51298b77-360f-3772-8ba9-cef48e5a538f order=133412
2026-09-29T14:49:53.134+08:00  INFO 4276 --- [seckill-system] [OrderListener-1] c.d.seckill.service.AsyncOrderConsumer   : order committed request=32e5d683-6d21-3dba-ad25-988f368e9164 order=133413
2026-09-29T14:49:53.144+08:00  INFO 4276 --- [seckill-system] [OrderListener-1] c.d.seckill.service.AsyncOrderConsumer   : order committed request=9f55628f-5570-36a9-8e9f-d36fc35c58d1 order=133414
2026-09-29T14:49:53.153+08:00  INFO 4276 --- [seckill-system] [OrderListener-2] c.d.seckill.service.AsyncOrderConsumer   : order committed request=2d8fa7c3-fa3a-36b4-886f-1224edc98374 order=133415
2026-09-29T14:49:53.154+08:00  INFO 4276 --- [seckill-system] [OrderListener-1] c.d.seckill.service.AsyncOrderConsumer   : order committed request=3ac73cf4-a1dc-3250-a1e6-76bedbbe0939 order=133416
2026-09-29T14:49:53.185+08:00  INFO 4276 --- [seckill-system] [io-18090-exec-7] c.d.s.service.ProtectedSeckillService    : submission queued request=da516c5e-02b7-3aa5-a4e5-9e87225615f7
2026-09-29T14:49:53.185+08:00  INFO 4276 --- [seckill-system] [o-18090-exec-10] c.d.s.service.ProtectedSeckillService    : submission queued request=cc671093-c3e2-3b13-aed0-3e2665f1bc37
2026-09-29T14:49:53.185+08:00  INFO 4276 --- [seckill-system] [io-18090-exec-5] c.d.s.service.ProtectedSeckillService    : submission queued request=07e9b19b-410b-3a0f-887b-a032c841f287
2026-09-29T14:49:53.185+08:00  INFO 4276 --- [seckill-system] [io-18090-exec-8] c.d.s.service.ProtectedSeckillService    : submission queued request=d1fca289-3086-353f-bb68-8253279069fa
2026-09-29T14:49:53.185+08:00  INFO 4276 --- [seckill-system] [io-18090-exec-4] c.d.s.service.ProtectedSeckillService    : submission queued request=b3c2f210-05e2-37e5-a749-a228f82f2d15
2026-09-29T14:49:53.195+08:00  INFO 4276 --- [seckill-system] [OrderListener-2] c.d.seckill.service.AsyncOrderConsumer   : order committed request=b3c2f210-05e2-37e5-a749-a228f82f2d15 order=133418
2026-09-29T14:49:53.196+08:00  INFO 4276 --- [seckill-system] [OrderListener-1] c.d.seckill.service.AsyncOrderConsumer   : order committed request=d1fca289-3086-353f-bb68-8253279069fa order=133417
2026-09-29T14:49:53.206+08:00  INFO 4276 --- [seckill-system] [OrderListener-2] c.d.seckill.service.AsyncOrderConsumer   : order committed request=cc671093-c3e2-3b13-aed0-3e2665f1bc37 order=133419
2026-09-29T14:49:53.206+08:00  INFO 4276 --- [seckill-system] [OrderListener-1] c.d.seckill.service.AsyncOrderConsumer   : order committed request=07e9b19b-410b-3a0f-887b-a032c841f287 order=133420
2026-09-29T14:49:53.216+08:00  INFO 4276 --- [seckill-system] [OrderListener-2] c.d.seckill.service.AsyncOrderConsumer   : order committed request=da516c5e-02b7-3aa5-a4e5-9e87225615f7 order=133421
2026-09-29T14:49:53.246+08:00  INFO 4276 --- [seckill-system] [io-18090-exec-9] c.d.s.service.ProtectedSeckillService    : submission queued request=3ed3ac1b-ab2a-3024-90be-3181b82b39c2
2026-09-29T14:49:53.246+08:00  INFO 4276 --- [seckill-system] [io-18090-exec-2] c.d.s.service.ProtectedSeckillService    : submission queued request=2ce6b1ad-365d-31e0-959b-f83340b34108
2026-09-29T14:49:53.246+08:00  INFO 4276 --- [seckill-system] [io-18090-exec-3] c.d.s.service.ProtectedSeckillService    : submission queued request=9b363b23-f4f8-3b0d-9c2e-05c85875a0dd
2026-09-29T14:49:53.246+08:00  INFO 4276 --- [seckill-system] [io-18090-exec-1] c.d.s.service.ProtectedSeckillService    : submission queued request=a01858d9-10b6-381e-b2c1-bb5039a7fac1
2026-09-29T14:49:53.247+08:00  INFO 4276 --- [seckill-system] [io-18090-exec-6] c.d.s.service.ProtectedSeckillService    : submission queued request=3f2d7a7f-4f72-317a-ba94-c2a11c47cdfe
2026-09-29T14:49:53.256+08:00  INFO 4276 --- [seckill-system] [OrderListener-1] c.d.seckill.service.AsyncOrderConsumer   : order committed request=3ed3ac1b-ab2a-3024-90be-3181b82b39c2 order=133422
2026-09-29T14:49:53.256+08:00  INFO 4276 --- [seckill-system] [OrderListener-2] c.d.seckill.service.AsyncOrderConsumer   : order committed request=2ce6b1ad-365d-31e0-959b-f83340b34108 order=133423
2026-09-29T14:49:53.266+08:00  INFO 4276 --- [seckill-system] [OrderListener-2] c.d.seckill.service.AsyncOrderConsumer   : order committed request=3f2d7a7f-4f72-317a-ba94-c2a11c47cdfe order=133425
2026-09-29T14:49:53.266+08:00  INFO 4276 --- [seckill-system] [OrderListener-1] c.d.seckill.service.AsyncOrderConsumer   : order committed request=9b363b23-f4f8-3b0d-9c2e-05c85875a0dd order=133424
2026-09-29T14:49:53.276+08:00  INFO 4276 --- [seckill-system] [OrderListener-1] c.d.seckill.service.AsyncOrderConsumer   : order committed request=a01858d9-10b6-381e-b2c1-bb5039a7fac1 order=133426
2026-09-29T14:49:53.306+08:00  INFO 4276 --- [seckill-system] [o-18090-exec-10] c.d.s.service.ProtectedSeckillService    : submission queued request=dcccea1b-1b7e-3947-9547-678cc321f844
2026-09-29T14:49:53.306+08:00  INFO 4276 --- [seckill-system] [io-18090-exec-5] c.d.s.service.ProtectedSeckillService    : submission queued request=5311e355-55f2-3778-ac11-b211aee9f59b
2026-09-29T14:49:53.306+08:00  INFO 4276 --- [seckill-system] [io-18090-exec-4] c.d.s.service.ProtectedSeckillService    : submission queued request=876ca637-8af7-3d5a-8c85-5759e689b53b
2026-09-29T14:49:53.307+08:00  INFO 4276 --- [seckill-system] [io-18090-exec-8] c.d.s.service.ProtectedSeckillService    : submission queued request=ca7bbd92-9f80-3164-a775-6cbb33971221
2026-09-29T14:49:53.307+08:00  INFO 4276 --- [seckill-system] [io-18090-exec-7] c.d.s.service.ProtectedSeckillService    : submission queued request=dd1f78f4-6a48-341a-8066-6a99b24393dd
2026-09-29T14:49:53.316+08:00  INFO 4276 --- [seckill-system] [OrderListener-2] c.d.seckill.service.AsyncOrderConsumer   : order committed request=876ca637-8af7-3d5a-8c85-5759e689b53b order=133427
2026-09-29T14:49:53.316+08:00  INFO 4276 --- [seckill-system] [OrderListener-1] c.d.seckill.service.AsyncOrderConsumer   : order committed request=dcccea1b-1b7e-3947-9547-678cc321f844 order=133428
2026-09-29T14:49:53.326+08:00  INFO 4276 --- [seckill-system] [OrderListener-1] c.d.seckill.service.AsyncOrderConsumer   : order committed request=ca7bbd92-9f80-3164-a775-6cbb33971221 order=133430
2026-09-29T14:49:53.326+08:00  INFO 4276 --- [seckill-system] [OrderListener-2] c.d.seckill.service.AsyncOrderConsumer   : order committed request=5311e355-55f2-3778-ac11-b211aee9f59b order=133429
2026-09-29T14:49:53.336+08:00  INFO 4276 --- [seckill-system] [OrderListener-2] c.d.seckill.service.AsyncOrderConsumer   : order committed request=dd1f78f4-6a48-341a-8066-6a99b24393dd order=133431
2026-09-29T14:49:53.369+08:00  INFO 4276 --- [seckill-system] [io-18090-exec-2] c.d.s.service.ProtectedSeckillService    : submission queued request=5178ff69-fb09-3bf0-bef3-7d4956327d41
2026-09-29T14:49:53.370+08:00  INFO 4276 --- [seckill-system] [io-18090-exec-6] c.d.s.service.ProtectedSeckillService    : submission queued request=dec50c87-f73e-3eeb-82dc-ad4292d56899
2026-09-29T14:49:53.372+08:00  INFO 4276 --- [seckill-system] [io-18090-exec-9] c.d.s.service.ProtectedSeckillService    : submission queued request=75ffd8fd-7d95-3b5d-9058-6cc2f46a9088
2026-09-29T14:49:53.373+08:00  INFO 4276 --- [seckill-system] [io-18090-exec-1] c.d.s.service.ProtectedSeckillService    : submission queued request=111e73df-b031-33c2-98db-7ff1ecce94b5
2026-09-29T14:49:53.373+08:00  INFO 4276 --- [seckill-system] [io-18090-exec-3] c.d.s.service.ProtectedSeckillService    : submission queued request=fe5d10d6-f848-312f-abc7-ac76d4e2ce79
2026-09-29T14:49:53.379+08:00  INFO 4276 --- [seckill-system] [OrderListener-2] c.d.seckill.service.AsyncOrderConsumer   : order committed request=5178ff69-fb09-3bf0-bef3-7d4956327d41 order=133432
2026-09-29T14:49:53.380+08:00  INFO 4276 --- [seckill-system] [OrderListener-1] c.d.seckill.service.AsyncOrderConsumer   : order committed request=dec50c87-f73e-3eeb-82dc-ad4292d56899 order=133433
2026-09-29T14:49:53.389+08:00  INFO 4276 --- [seckill-system] [OrderListener-2] c.d.seckill.service.AsyncOrderConsumer   : order committed request=fe5d10d6-f848-312f-abc7-ac76d4e2ce79 order=133434
2026-09-29T14:49:53.389+08:00  INFO 4276 --- [seckill-system] [OrderListener-1] c.d.seckill.service.AsyncOrderConsumer   : order committed request=75ffd8fd-7d95-3b5d-9058-6cc2f46a9088 order=133435
2026-09-29T14:49:53.399+08:00  INFO 4276 --- [seckill-system] [OrderListener-1] c.d.seckill.service.AsyncOrderConsumer   : order committed request=111e73df-b031-33c2-98db-7ff1ecce94b5 order=133436
2026-09-29T14:49:53.432+08:00  INFO 4276 --- [seckill-system] [io-18090-exec-7] c.d.s.service.ProtectedSeckillService    : submission queued request=739d06ff-572d-3e51-8642-bbb388aa840d
2026-09-29T14:49:53.432+08:00  INFO 4276 --- [seckill-system] [io-18090-exec-5] c.d.s.service.ProtectedSeckillService    : submission queued request=61be3a01-868a-3752-9a66-098500dc50a5
2026-09-29T14:49:53.432+08:00  INFO 4276 --- [seckill-system] [io-18090-exec-4] c.d.s.service.ProtectedSeckillService    : submission queued request=a923de2f-50af-35f8-a6ca-57a69fdb1216
2026-09-29T14:49:53.433+08:00  INFO 4276 --- [seckill-system] [o-18090-exec-10] c.d.s.service.ProtectedSeckillService    : submission queued request=83f7a22e-5e26-307f-b976-5567bc3b078b
2026-09-29T14:49:53.434+08:00  INFO 4276 --- [seckill-system] [io-18090-exec-8] c.d.s.service.ProtectedSeckillService    : submission queued request=93801949-0d67-3877-9b80-b97800d2417e
2026-09-29T14:49:53.441+08:00  INFO 4276 --- [seckill-system] [OrderListener-1] c.d.seckill.service.AsyncOrderConsumer   : order committed request=61be3a01-868a-3752-9a66-098500dc50a5 order=133438
2026-09-29T14:49:53.442+08:00  INFO 4276 --- [seckill-system] [OrderListener-2] c.d.seckill.service.AsyncOrderConsumer   : order committed request=a923de2f-50af-35f8-a6ca-57a69fdb1216 order=133437
2026-09-29T14:49:53.451+08:00  INFO 4276 --- [seckill-system] [OrderListener-1] c.d.seckill.service.AsyncOrderConsumer   : order committed request=83f7a22e-5e26-307f-b976-5567bc3b078b order=133439
2026-09-29T14:49:53.451+08:00  INFO 4276 --- [seckill-system] [OrderListener-2] c.d.seckill.service.AsyncOrderConsumer   : order committed request=739d06ff-572d-3e51-8642-bbb388aa840d order=133440
2026-09-29T14:49:53.461+08:00  INFO 4276 --- [seckill-system] [OrderListener-2] c.d.seckill.service.AsyncOrderConsumer   : order committed request=93801949-0d67-3877-9b80-b97800d2417e order=133441
2026-09-29T14:49:53.494+08:00  INFO 4276 --- [seckill-system] [io-18090-exec-9] c.d.s.service.ProtectedSeckillService    : submission queued request=36af3220-6b5e-3655-a24d-d6f0be922366
2026-09-29T14:49:53.494+08:00  INFO 4276 --- [seckill-system] [io-18090-exec-6] c.d.s.service.ProtectedSeckillService    : submission queued request=86038320-9794-31ac-80a5-8acf4c9e3592
2026-09-29T14:49:53.494+08:00  INFO 4276 --- [seckill-system] [io-18090-exec-2] c.d.s.service.ProtectedSeckillService    : submission queued request=0411303b-c087-3098-bb42-d9f9a08a01e1
2026-09-29T14:49:53.498+08:00  INFO 4276 --- [seckill-system] [io-18090-exec-1] c.d.s.service.ProtectedSeckillService    : submission queued request=43e2fcd9-4e94-3b4e-b571-adcc1ec1b7b4
2026-09-29T14:49:53.499+08:00  INFO 4276 --- [seckill-system] [io-18090-exec-3] c.d.s.service.ProtectedSeckillService    : submission queued request=8e40f7e4-eae8-3d5c-be49-f598e2a7a317
2026-09-29T14:49:53.507+08:00  INFO 4276 --- [seckill-system] [OrderListener-2] c.d.seckill.service.AsyncOrderConsumer   : order committed request=0411303b-c087-3098-bb42-d9f9a08a01e1 order=133442
2026-09-29T14:49:53.510+08:00  INFO 4276 --- [seckill-system] [OrderListener-1] c.d.seckill.service.AsyncOrderConsumer   : order committed request=86038320-9794-31ac-80a5-8acf4c9e3592 order=133443
2026-09-29T14:49:53.519+08:00  INFO 4276 --- [seckill-system] [OrderListener-2] c.d.seckill.service.AsyncOrderConsumer   : order committed request=43e2fcd9-4e94-3b4e-b571-adcc1ec1b7b4 order=133444
2026-09-29T14:49:53.520+08:00  INFO 4276 --- [seckill-system] [OrderListener-1] c.d.seckill.service.AsyncOrderConsumer   : order committed request=36af3220-6b5e-3655-a24d-d6f0be922366 order=133445
2026-09-29T14:49:53.529+08:00  INFO 4276 --- [seckill-system] [OrderListener-1] c.d.seckill.service.AsyncOrderConsumer   : order committed request=8e40f7e4-eae8-3d5c-be49-f598e2a7a317 order=133446
2026-09-29T14:49:53.555+08:00  INFO 4276 --- [seckill-system] [io-18090-exec-8] c.d.s.service.ProtectedSeckillService    : submission queued request=600b8e93-ad9f-39fc-84bb-5afdb0613742
2026-09-29T14:49:53.555+08:00  INFO 4276 --- [seckill-system] [io-18090-exec-7] c.d.s.service.ProtectedSeckillService    : submission queued request=17bfd6ae-dd85-397a-9090-493d0abfea80
2026-09-29T14:49:53.555+08:00  INFO 4276 --- [seckill-system] [o-18090-exec-10] c.d.s.service.ProtectedSeckillService    : submission queued request=c886bfc6-1577-3f0c-b25b-115e7ee4a77a
2026-09-29T14:49:53.560+08:00  INFO 4276 --- [seckill-system] [io-18090-exec-4] c.d.s.service.ProtectedSeckillService    : submission queued request=7dab555e-7f1c-334e-ae88-b42fbc7c6718
2026-09-29T14:49:53.560+08:00  INFO 4276 --- [seckill-system] [io-18090-exec-5] c.d.s.service.ProtectedSeckillService    : submission queued request=a5f8ac02-80d2-3918-95a6-bd54ef489a5f
2026-09-29T14:49:53.565+08:00  INFO 4276 --- [seckill-system] [OrderListener-2] c.d.seckill.service.AsyncOrderConsumer   : order committed request=17bfd6ae-dd85-397a-9090-493d0abfea80 order=133447
2026-09-29T14:49:53.567+08:00  INFO 4276 --- [seckill-system] [OrderListener-1] c.d.seckill.service.AsyncOrderConsumer   : order committed request=c886bfc6-1577-3f0c-b25b-115e7ee4a77a order=133448
2026-09-29T14:49:53.576+08:00  INFO 4276 --- [seckill-system] [OrderListener-2] c.d.seckill.service.AsyncOrderConsumer   : order committed request=600b8e93-ad9f-39fc-84bb-5afdb0613742 order=133449
2026-09-29T14:49:53.576+08:00  INFO 4276 --- [seckill-system] [OrderListener-1] c.d.seckill.service.AsyncOrderConsumer   : order committed request=7dab555e-7f1c-334e-ae88-b42fbc7c6718 order=133450
2026-09-29T14:49:53.585+08:00  INFO 4276 --- [seckill-system] [OrderListener-2] c.d.seckill.service.AsyncOrderConsumer   : order committed request=a5f8ac02-80d2-3918-95a6-bd54ef489a5f order=133451
2026-09-29T14:49:53.616+08:00  INFO 4276 --- [seckill-system] [io-18090-exec-2] c.d.s.service.ProtectedSeckillService    : submission queued request=ba396e3f-9fd0-3c6a-a8bd-bb35da1853f6
2026-09-29T14:49:53.616+08:00  INFO 4276 --- [seckill-system] [io-18090-exec-9] c.d.s.service.ProtectedSeckillService    : submission queued request=53084f7b-c7c9-3423-922b-484dc8835651
2026-09-29T14:49:53.620+08:00  INFO 4276 --- [seckill-system] [io-18090-exec-1] c.d.s.service.ProtectedSeckillService    : submission queued request=42e8528f-b233-3aab-9a96-7957f8550ce2
2026-09-29T14:49:53.620+08:00  INFO 4276 --- [seckill-system] [io-18090-exec-3] c.d.s.service.ProtectedSeckillService    : submission queued request=36b0c5cb-8a78-391d-9243-5602b955877c
2026-09-29T14:49:53.621+08:00  INFO 4276 --- [seckill-system] [io-18090-exec-6] c.d.s.service.ProtectedSeckillService    : submission queued request=d57118e2-b890-3796-869a-663afc0a2822
2026-09-29T14:49:53.626+08:00  INFO 4276 --- [seckill-system] [OrderListener-2] c.d.seckill.service.AsyncOrderConsumer   : order committed request=ba396e3f-9fd0-3c6a-a8bd-bb35da1853f6 order=133452
2026-09-29T14:49:53.626+08:00  INFO 4276 --- [seckill-system] [OrderListener-1] c.d.seckill.service.AsyncOrderConsumer   : order committed request=53084f7b-c7c9-3423-922b-484dc8835651 order=133453
2026-09-29T14:49:53.636+08:00  INFO 4276 --- [seckill-system] [OrderListener-1] c.d.seckill.service.AsyncOrderConsumer   : order committed request=42e8528f-b233-3aab-9a96-7957f8550ce2 order=133454
2026-09-29T14:49:53.636+08:00  INFO 4276 --- [seckill-system] [OrderListener-2] c.d.seckill.service.AsyncOrderConsumer   : order committed request=d57118e2-b890-3796-869a-663afc0a2822 order=133455
2026-09-29T14:49:53.649+08:00  INFO 4276 --- [seckill-system] [OrderListener-1] c.d.seckill.service.AsyncOrderConsumer   : order committed request=36b0c5cb-8a78-391d-9243-5602b955877c order=133456
2026-09-29T14:49:53.678+08:00  INFO 4276 --- [seckill-system] [o-18090-exec-10] c.d.s.service.ProtectedSeckillService    : submission queued request=604a0378-c7d9-39ee-b4f9-a56b7fa72a14
2026-09-29T14:49:53.678+08:00  INFO 4276 --- [seckill-system] [io-18090-exec-4] c.d.s.service.ProtectedSeckillService    : submission queued request=b89f18b2-f2fe-3858-9d74-613cc251a36c
2026-09-29T14:49:53.678+08:00  INFO 4276 --- [seckill-system] [io-18090-exec-7] c.d.s.service.ProtectedSeckillService    : submission queued request=e3812824-6460-3742-8b75-8d62722c97b6
2026-09-29T14:49:53.678+08:00  INFO 4276 --- [seckill-system] [io-18090-exec-8] c.d.s.service.ProtectedSeckillService    : submission queued request=91d2a72e-1b17-3fe5-9987-681ae112b2c3
2026-09-29T14:49:53.679+08:00  INFO 4276 --- [seckill-system] [io-18090-exec-5] c.d.s.service.ProtectedSeckillService    : submission queued request=91f73b15-66fc-387e-bb25-e1360cd417ff
2026-09-29T14:49:53.688+08:00  INFO 4276 --- [seckill-system] [OrderListener-1] c.d.seckill.service.AsyncOrderConsumer   : order committed request=b89f18b2-f2fe-3858-9d74-613cc251a36c order=133457
2026-09-29T14:49:53.688+08:00  INFO 4276 --- [seckill-system] [OrderListener-2] c.d.seckill.service.AsyncOrderConsumer   : order committed request=e3812824-6460-3742-8b75-8d62722c97b6 order=133458
2026-09-29T14:49:53.697+08:00  INFO 4276 --- [seckill-system] [OrderListener-2] c.d.seckill.service.AsyncOrderConsumer   : order committed request=604a0378-c7d9-39ee-b4f9-a56b7fa72a14 order=133460
2026-09-29T14:49:53.697+08:00  INFO 4276 --- [seckill-system] [OrderListener-1] c.d.seckill.service.AsyncOrderConsumer   : order committed request=91d2a72e-1b17-3fe5-9987-681ae112b2c3 order=133459
2026-09-29T14:49:53.708+08:00  INFO 4276 --- [seckill-system] [OrderListener-2] c.d.seckill.service.AsyncOrderConsumer   : order committed request=91f73b15-66fc-387e-bb25-e1360cd417ff order=133461
2026-09-29T14:49:53.740+08:00  INFO 4276 --- [seckill-system] [io-18090-exec-9] c.d.s.service.ProtectedSeckillService    : submission queued request=e071313a-4cbe-3efb-9365-bbe8e88ec292
2026-09-29T14:49:53.741+08:00  INFO 4276 --- [seckill-system] [io-18090-exec-6] c.d.s.service.ProtectedSeckillService    : submission queued request=0812f40d-ef77-3f91-b6eb-d994ea2a8c11
2026-09-29T14:49:53.741+08:00  INFO 4276 --- [seckill-system] [io-18090-exec-1] c.d.s.service.ProtectedSeckillService    : submission queued request=4ba4d053-23ec-3d77-a124-f6fb0771c460
2026-09-29T14:49:53.741+08:00  INFO 4276 --- [seckill-system] [io-18090-exec-2] c.d.s.service.ProtectedSeckillService    : submission queued request=13aa0410-ad91-30cb-9a12-4c14faa104d0
2026-09-29T14:49:53.741+08:00  INFO 4276 --- [seckill-system] [io-18090-exec-3] c.d.s.service.ProtectedSeckillService    : submission queued request=ef92a69a-14f2-3095-9149-9a4d6b427693
2026-09-29T14:49:53.750+08:00  INFO 4276 --- [seckill-system] [OrderListener-2] c.d.seckill.service.AsyncOrderConsumer   : order committed request=e071313a-4cbe-3efb-9365-bbe8e88ec292 order=133462
2026-09-29T14:49:53.750+08:00  INFO 4276 --- [seckill-system] [OrderListener-1] c.d.seckill.service.AsyncOrderConsumer   : order committed request=ef92a69a-14f2-3095-9149-9a4d6b427693 order=133463
2026-09-29T14:49:53.760+08:00  INFO 4276 --- [seckill-system] [OrderListener-2] c.d.seckill.service.AsyncOrderConsumer   : order committed request=13aa0410-ad91-30cb-9a12-4c14faa104d0 order=133465
2026-09-29T14:49:53.760+08:00  INFO 4276 --- [seckill-system] [OrderListener-1] c.d.seckill.service.AsyncOrderConsumer   : order committed request=0812f40d-ef77-3f91-b6eb-d994ea2a8c11 order=133464
2026-09-29T14:49:53.770+08:00  INFO 4276 --- [seckill-system] [OrderListener-1] c.d.seckill.service.AsyncOrderConsumer   : order committed request=4ba4d053-23ec-3d77-a124-f6fb0771c460 order=133466
2026-09-29T14:49:53.800+08:00  INFO 4276 --- [seckill-system] [io-18090-exec-4] c.d.s.service.ProtectedSeckillService    : submission queued request=a95af396-c827-3d96-a840-6c0162da2afe
2026-09-29T14:49:53.800+08:00  INFO 4276 --- [seckill-system] [io-18090-exec-7] c.d.s.service.ProtectedSeckillService    : submission queued request=442fc105-16e9-3363-8208-e90377b29436
2026-09-29T14:49:53.800+08:00  INFO 4276 --- [seckill-system] [io-18090-exec-5] c.d.s.service.ProtectedSeckillService    : submission queued request=a7383161-7bf6-370b-bd44-1866a11d85c4
2026-09-29T14:49:53.800+08:00  INFO 4276 --- [seckill-system] [io-18090-exec-8] c.d.s.service.ProtectedSeckillService    : submission queued request=9f5bebd0-db99-3094-9447-e02de5732e9a
2026-09-29T14:49:53.801+08:00  INFO 4276 --- [seckill-system] [o-18090-exec-10] c.d.s.service.ProtectedSeckillService    : submission queued request=73512dc7-2735-31a2-a631-9dcc606cb33d
2026-09-29T14:49:53.810+08:00  INFO 4276 --- [seckill-system] [OrderListener-1] c.d.seckill.service.AsyncOrderConsumer   : order committed request=a95af396-c827-3d96-a840-6c0162da2afe order=133467
2026-09-29T14:49:53.810+08:00  INFO 4276 --- [seckill-system] [OrderListener-2] c.d.seckill.service.AsyncOrderConsumer   : order committed request=a7383161-7bf6-370b-bd44-1866a11d85c4 order=133468
2026-09-29T14:49:53.820+08:00  INFO 4276 --- [seckill-system] [OrderListener-1] c.d.seckill.service.AsyncOrderConsumer   : order committed request=73512dc7-2735-31a2-a631-9dcc606cb33d order=133469
2026-09-29T14:49:53.820+08:00  INFO 4276 --- [seckill-system] [OrderListener-2] c.d.seckill.service.AsyncOrderConsumer   : order committed request=442fc105-16e9-3363-8208-e90377b29436 order=133470
2026-09-29T14:49:53.829+08:00  INFO 4276 --- [seckill-system] [OrderListener-2] c.d.seckill.service.AsyncOrderConsumer   : order committed request=9f5bebd0-db99-3094-9447-e02de5732e9a order=133471
2026-09-29T14:49:53.862+08:00  INFO 4276 --- [seckill-system] [io-18090-exec-2] c.d.s.service.ProtectedSeckillService    : submission queued request=547d73db-2f55-3e7c-a838-70fa6ea9577b
2026-09-29T14:49:53.862+08:00  INFO 4276 --- [seckill-system] [io-18090-exec-9] c.d.s.service.ProtectedSeckillService    : submission queued request=2a59b0e2-62f7-3a73-8131-b6888c07e65c
2026-09-29T14:49:53.867+08:00  INFO 4276 --- [seckill-system] [io-18090-exec-1] c.d.s.service.ProtectedSeckillService    : submission queued request=b271b91e-28b8-3252-966c-cb4c37ef88c3
2026-09-29T14:49:53.869+08:00  INFO 4276 --- [seckill-system] [io-18090-exec-3] c.d.s.service.ProtectedSeckillService    : submission queued request=cea772e8-6f7d-368c-8b95-091fc5959d78
2026-09-29T14:49:53.869+08:00  INFO 4276 --- [seckill-system] [io-18090-exec-6] c.d.s.service.ProtectedSeckillService    : submission queued request=acddaf37-b968-39e3-a023-9ebbfa1b092c
2026-09-29T14:49:53.873+08:00  INFO 4276 --- [seckill-system] [OrderListener-1] c.d.seckill.service.AsyncOrderConsumer   : order committed request=2a59b0e2-62f7-3a73-8131-b6888c07e65c order=133472
2026-09-29T14:49:53.874+08:00  INFO 4276 --- [seckill-system] [OrderListener-2] c.d.seckill.service.AsyncOrderConsumer   : order committed request=547d73db-2f55-3e7c-a838-70fa6ea9577b order=133473
2026-09-29T14:49:53.884+08:00  INFO 4276 --- [seckill-system] [OrderListener-1] c.d.seckill.service.AsyncOrderConsumer   : order committed request=b271b91e-28b8-3252-966c-cb4c37ef88c3 order=133475
2026-09-29T14:49:53.884+08:00  INFO 4276 --- [seckill-system] [OrderListener-2] c.d.seckill.service.AsyncOrderConsumer   : order committed request=cea772e8-6f7d-368c-8b95-091fc5959d78 order=133474
2026-09-29T14:49:53.894+08:00  INFO 4276 --- [seckill-system] [OrderListener-1] c.d.seckill.service.AsyncOrderConsumer   : order committed request=acddaf37-b968-39e3-a023-9ebbfa1b092c order=133476
2026-09-29T14:49:53.923+08:00  INFO 4276 --- [seckill-system] [io-18090-exec-7] c.d.s.service.ProtectedSeckillService    : submission queued request=c68e8b98-1dbe-3049-8982-ac86e13018b3
2026-09-29T14:49:53.923+08:00  INFO 4276 --- [seckill-system] [io-18090-exec-8] c.d.s.service.ProtectedSeckillService    : submission queued request=71773430-f177-38fc-a905-57da3e1e0424
2026-09-29T14:49:53.923+08:00  INFO 4276 --- [seckill-system] [io-18090-exec-4] c.d.s.service.ProtectedSeckillService    : submission queued request=e5c528cf-a14f-3e82-a83d-9c52e10d3d05
2026-09-29T14:49:53.928+08:00  INFO 4276 --- [seckill-system] [io-18090-exec-5] c.d.s.service.ProtectedSeckillService    : submission queued request=235044a3-340c-3d2b-a59e-f3e6522285f2
2026-09-29T14:49:53.929+08:00  INFO 4276 --- [seckill-system] [o-18090-exec-10] c.d.s.service.ProtectedSeckillService    : submission queued request=3077b3de-139c-3bd7-92a2-34534b31cdc2
2026-09-29T14:49:53.934+08:00  INFO 4276 --- [seckill-system] [OrderListener-2] c.d.seckill.service.AsyncOrderConsumer   : order committed request=71773430-f177-38fc-a905-57da3e1e0424 order=133477
2026-09-29T14:49:53.936+08:00  INFO 4276 --- [seckill-system] [OrderListener-1] c.d.seckill.service.AsyncOrderConsumer   : order committed request=c68e8b98-1dbe-3049-8982-ac86e13018b3 order=133478
2026-09-29T14:49:53.943+08:00  INFO 4276 --- [seckill-system] [OrderListener-2] c.d.seckill.service.AsyncOrderConsumer   : order committed request=e5c528cf-a14f-3e82-a83d-9c52e10d3d05 order=133479
2026-09-29T14:49:53.945+08:00  INFO 4276 --- [seckill-system] [OrderListener-1] c.d.seckill.service.AsyncOrderConsumer   : order committed request=235044a3-340c-3d2b-a59e-f3e6522285f2 order=133480
2026-09-29T14:49:53.954+08:00  INFO 4276 --- [seckill-system] [OrderListener-2] c.d.seckill.service.AsyncOrderConsumer   : order committed request=3077b3de-139c-3bd7-92a2-34534b31cdc2 order=133481
2026-09-29T14:49:53.986+08:00  INFO 4276 --- [seckill-system] [io-18090-exec-9] c.d.s.service.ProtectedSeckillService    : submission queued request=1cb325a6-8846-329d-924a-a11c0e117eab
2026-09-29T14:49:53.986+08:00  INFO 4276 --- [seckill-system] [io-18090-exec-1] c.d.s.service.ProtectedSeckillService    : submission queued request=0f9479c2-a910-30be-92bc-e538992a75d6
2026-09-29T14:49:53.986+08:00  INFO 4276 --- [seckill-system] [io-18090-exec-6] c.d.s.service.ProtectedSeckillService    : submission queued request=d7affc2e-03dd-34ab-b342-015d2bb478a9
2026-09-29T14:49:53.986+08:00  INFO 4276 --- [seckill-system] [io-18090-exec-3] c.d.s.service.ProtectedSeckillService    : submission queued request=d5fdf8c9-cfd9-3289-b6b0-e750f5504ce5
2026-09-29T14:49:53.986+08:00  INFO 4276 --- [seckill-system] [io-18090-exec-2] c.d.s.service.ProtectedSeckillService    : submission queued request=97e115bb-be1a-332c-bc4a-0b3c1cf08c75
2026-09-29T14:49:53.997+08:00  INFO 4276 --- [seckill-system] [OrderListener-2] c.d.seckill.service.AsyncOrderConsumer   : order committed request=d7affc2e-03dd-34ab-b342-015d2bb478a9 order=133483
2026-09-29T14:49:53.997+08:00  INFO 4276 --- [seckill-system] [OrderListener-1] c.d.seckill.service.AsyncOrderConsumer   : order committed request=1cb325a6-8846-329d-924a-a11c0e117eab order=133482
2026-09-29T14:49:54.008+08:00  INFO 4276 --- [seckill-system] [OrderListener-2] c.d.seckill.service.AsyncOrderConsumer   : order committed request=97e115bb-be1a-332c-bc4a-0b3c1cf08c75 order=133484
2026-09-29T14:49:54.008+08:00  INFO 4276 --- [seckill-system] [OrderListener-1] c.d.seckill.service.AsyncOrderConsumer   : order committed request=d5fdf8c9-cfd9-3289-b6b0-e750f5504ce5 order=133485
2026-09-29T14:49:54.018+08:00  INFO 4276 --- [seckill-system] [OrderListener-1] c.d.seckill.service.AsyncOrderConsumer   : order committed request=0f9479c2-a910-30be-92bc-e538992a75d6 order=133486
2026-09-29T14:49:54.045+08:00  INFO 4276 --- [seckill-system] [io-18090-exec-8] c.d.s.service.ProtectedSeckillService    : submission queued request=60fcd022-f48c-3af9-970b-27a1eb955c90
2026-09-29T14:49:54.045+08:00  INFO 4276 --- [seckill-system] [io-18090-exec-5] c.d.s.service.ProtectedSeckillService    : submission queued request=0da8043e-49a2-30f3-ae53-7c087a55c462
2026-09-29T14:49:54.046+08:00  INFO 4276 --- [seckill-system] [io-18090-exec-7] c.d.s.service.ProtectedSeckillService    : submission queued request=b5d1cc35-0947-3eef-9a5b-2d41235e5852
2026-09-29T14:49:54.051+08:00  INFO 4276 --- [seckill-system] [io-18090-exec-4] c.d.s.service.ProtectedSeckillService    : submission queued request=adc21805-046c-3106-ad8f-e276a5180320
2026-09-29T14:49:54.052+08:00  INFO 4276 --- [seckill-system] [o-18090-exec-10] c.d.s.service.ProtectedSeckillService    : submission queued request=1adf6055-a26f-3fc2-8f9f-ae9935f3e4ae
2026-09-29T14:49:54.061+08:00  INFO 4276 --- [seckill-system] [OrderListener-2] c.d.seckill.service.AsyncOrderConsumer   : order committed request=60fcd022-f48c-3af9-970b-27a1eb955c90 order=133487
2026-09-29T14:49:54.064+08:00  INFO 4276 --- [seckill-system] [OrderListener-1] c.d.seckill.service.AsyncOrderConsumer   : order committed request=b5d1cc35-0947-3eef-9a5b-2d41235e5852 order=133488
2026-09-29T14:49:54.073+08:00  INFO 4276 --- [seckill-system] [OrderListener-2] c.d.seckill.service.AsyncOrderConsumer   : order committed request=0da8043e-49a2-30f3-ae53-7c087a55c462 order=133489
2026-09-29T14:49:54.074+08:00  INFO 4276 --- [seckill-system] [OrderListener-1] c.d.seckill.service.AsyncOrderConsumer   : order committed request=adc21805-046c-3106-ad8f-e276a5180320 order=133490
2026-09-29T14:49:54.082+08:00  INFO 4276 --- [seckill-system] [OrderListener-2] c.d.seckill.service.AsyncOrderConsumer   : order committed request=1adf6055-a26f-3fc2-8f9f-ae9935f3e4ae order=133491
2026-09-29T14:49:54.107+08:00  INFO 4276 --- [seckill-system] [io-18090-exec-3] c.d.s.service.ProtectedSeckillService    : submission queued request=51371772-230d-315a-ac1e-f5a327117968
2026-09-29T14:49:54.107+08:00  INFO 4276 --- [seckill-system] [io-18090-exec-1] c.d.s.service.ProtectedSeckillService    : submission queued request=9f426333-2a29-3504-8318-2478ba43f517
2026-09-29T14:49:54.107+08:00  INFO 4276 --- [seckill-system] [io-18090-exec-6] c.d.s.service.ProtectedSeckillService    : submission queued request=012a9b13-c6b4-336a-a3ba-9cf731c7f450
2026-09-29T14:49:54.112+08:00  INFO 4276 --- [seckill-system] [io-18090-exec-2] c.d.s.service.ProtectedSeckillService    : submission queued request=fe469c07-d445-3a74-bb7c-edf8b1f62455
2026-09-29T14:49:54.112+08:00  INFO 4276 --- [seckill-system] [io-18090-exec-9] c.d.s.service.ProtectedSeckillService    : submission queued request=4ab724ef-a815-39c8-9a31-be44a72e34f2
2026-09-29T14:49:54.117+08:00  INFO 4276 --- [seckill-system] [OrderListener-1] c.d.seckill.service.AsyncOrderConsumer   : order committed request=9f426333-2a29-3504-8318-2478ba43f517 order=133492
2026-09-29T14:49:54.119+08:00  INFO 4276 --- [seckill-system] [OrderListener-2] c.d.seckill.service.AsyncOrderConsumer   : order committed request=012a9b13-c6b4-336a-a3ba-9cf731c7f450 order=133493
2026-09-29T14:49:54.127+08:00  INFO 4276 --- [seckill-system] [OrderListener-1] c.d.seckill.service.AsyncOrderConsumer   : order committed request=51371772-230d-315a-ac1e-f5a327117968 order=133494
2026-09-29T14:49:54.128+08:00  INFO 4276 --- [seckill-system] [OrderListener-2] c.d.seckill.service.AsyncOrderConsumer   : order committed request=fe469c07-d445-3a74-bb7c-edf8b1f62455 order=133495
2026-09-29T14:49:54.137+08:00  INFO 4276 --- [seckill-system] [OrderListener-1] c.d.seckill.service.AsyncOrderConsumer   : order committed request=4ab724ef-a815-39c8-9a31-be44a72e34f2 order=133496
2026-09-29T14:49:54.173+08:00  INFO 4276 --- [seckill-system] [io-18090-exec-4] c.d.s.service.ProtectedSeckillService    : submission queued request=546ad250-71fd-3d6a-82bb-75334e4a3094
2026-09-29T14:49:54.173+08:00  INFO 4276 --- [seckill-system] [io-18090-exec-5] c.d.s.service.ProtectedSeckillService    : submission queued request=e2f15e01-d0ae-3496-be9f-8c558b16135a
2026-09-29T14:49:54.173+08:00  INFO 4276 --- [seckill-system] [io-18090-exec-7] c.d.s.service.ProtectedSeckillService    : submission queued request=9d4422ef-f1f3-3f02-bc31-30ebd241b596
2026-09-29T14:49:54.173+08:00  INFO 4276 --- [seckill-system] [o-18090-exec-10] c.d.s.service.ProtectedSeckillService    : submission queued request=0d50d64f-2933-365b-b5f8-6ac1b56a08c3
2026-09-29T14:49:54.173+08:00  INFO 4276 --- [seckill-system] [io-18090-exec-8] c.d.s.service.ProtectedSeckillService    : submission queued request=b16a3fd7-51b7-313e-a1de-67ca93141b7c
2026-09-29T14:49:54.184+08:00  INFO 4276 --- [seckill-system] [OrderListener-1] c.d.seckill.service.AsyncOrderConsumer   : order committed request=546ad250-71fd-3d6a-82bb-75334e4a3094 order=133498
2026-09-29T14:49:54.184+08:00  INFO 4276 --- [seckill-system] [OrderListener-2] c.d.seckill.service.AsyncOrderConsumer   : order committed request=0d50d64f-2933-365b-b5f8-6ac1b56a08c3 order=133497
2026-09-29T14:49:54.194+08:00  INFO 4276 --- [seckill-system] [OrderListener-1] c.d.seckill.service.AsyncOrderConsumer   : order committed request=9d4422ef-f1f3-3f02-bc31-30ebd241b596 order=133499
2026-09-29T14:49:54.194+08:00  INFO 4276 --- [seckill-system] [OrderListener-2] c.d.seckill.service.AsyncOrderConsumer   : order committed request=b16a3fd7-51b7-313e-a1de-67ca93141b7c order=133500
2026-09-29T14:49:54.204+08:00  INFO 4276 --- [seckill-system] [OrderListener-2] c.d.seckill.service.AsyncOrderConsumer   : order committed request=e2f15e01-d0ae-3496-be9f-8c558b16135a order=133501
2026-09-29T14:49:54.230+08:00  INFO 4276 --- [seckill-system] [io-18090-exec-3] c.d.s.service.ProtectedSeckillService    : submission queued request=9596c0a5-cdf8-3c82-8b5e-db461f525207
2026-09-29T14:49:54.230+08:00  INFO 4276 --- [seckill-system] [io-18090-exec-2] c.d.s.service.ProtectedSeckillService    : submission queued request=5bc04fe9-af6d-361e-94cf-6ea97b175973
2026-09-29T14:49:54.234+08:00  INFO 4276 --- [seckill-system] [io-18090-exec-6] c.d.s.service.ProtectedSeckillService    : submission queued request=338a389f-61b2-3736-ab41-3713b1e3c280
2026-09-29T14:49:54.235+08:00  INFO 4276 --- [seckill-system] [io-18090-exec-9] c.d.s.service.ProtectedSeckillService    : submission queued request=2bba4173-1ee2-34f0-b6ac-98ab07f00cd5
2026-09-29T14:49:54.235+08:00  INFO 4276 --- [seckill-system] [io-18090-exec-1] c.d.s.service.ProtectedSeckillService    : submission queued request=bf7e5d55-df92-3786-b29c-2ac3b3022e8c
2026-09-29T14:49:54.240+08:00  INFO 4276 --- [seckill-system] [OrderListener-2] c.d.seckill.service.AsyncOrderConsumer   : order committed request=5bc04fe9-af6d-361e-94cf-6ea97b175973 order=133503
2026-09-29T14:49:54.240+08:00  INFO 4276 --- [seckill-system] [OrderListener-1] c.d.seckill.service.AsyncOrderConsumer   : order committed request=9596c0a5-cdf8-3c82-8b5e-db461f525207 order=133502
2026-09-29T14:49:54.251+08:00  INFO 4276 --- [seckill-system] [OrderListener-1] c.d.seckill.service.AsyncOrderConsumer   : order committed request=338a389f-61b2-3736-ab41-3713b1e3c280 order=133505
2026-09-29T14:49:54.251+08:00  INFO 4276 --- [seckill-system] [OrderListener-2] c.d.seckill.service.AsyncOrderConsumer   : order committed request=bf7e5d55-df92-3786-b29c-2ac3b3022e8c order=133504
2026-09-29T14:49:54.261+08:00  INFO 4276 --- [seckill-system] [OrderListener-1] c.d.seckill.service.AsyncOrderConsumer   : order committed request=2bba4173-1ee2-34f0-b6ac-98ab07f00cd5 order=133506
2026-09-29T14:49:54.286+08:00  INFO 4276 --- [seckill-system] [o-18090-exec-10] c.d.s.service.ProtectedSeckillService    : submission queued request=9617fd42-2065-3733-9889-94b49a86f7f7
2026-09-29T14:49:54.286+08:00  INFO 4276 --- [seckill-system] [io-18090-exec-7] c.d.s.service.ProtectedSeckillService    : submission queued request=d692fef3-6199-3440-a705-577b657fad96
2026-09-29T14:49:54.286+08:00  INFO 4276 --- [seckill-system] [io-18090-exec-5] c.d.s.service.ProtectedSeckillService    : submission queued request=6ccee7dc-7796-3067-8aff-81a777fa42b6
2026-09-29T14:49:54.291+08:00  INFO 4276 --- [seckill-system] [io-18090-exec-4] c.d.s.service.ProtectedSeckillService    : submission queued request=153a32e2-e9e6-39c4-89e6-0a109b5d741e
2026-09-29T14:49:54.292+08:00  INFO 4276 --- [seckill-system] [io-18090-exec-8] c.d.s.service.ProtectedSeckillService    : submission queued request=d720acbb-fda7-3198-af24-f669f1f74825
2026-09-29T14:49:54.296+08:00  INFO 4276 --- [seckill-system] [OrderListener-1] c.d.seckill.service.AsyncOrderConsumer   : order committed request=9617fd42-2065-3733-9889-94b49a86f7f7 order=133507
2026-09-29T14:49:54.296+08:00  INFO 4276 --- [seckill-system] [OrderListener-2] c.d.seckill.service.AsyncOrderConsumer   : order committed request=6ccee7dc-7796-3067-8aff-81a777fa42b6 order=133508
2026-09-29T14:49:54.305+08:00  INFO 4276 --- [seckill-system] [OrderListener-2] c.d.seckill.service.AsyncOrderConsumer   : order committed request=d692fef3-6199-3440-a705-577b657fad96 order=133510
2026-09-29T14:49:54.305+08:00  INFO 4276 --- [seckill-system] [OrderListener-1] c.d.seckill.service.AsyncOrderConsumer   : order committed request=153a32e2-e9e6-39c4-89e6-0a109b5d741e order=133509
2026-09-29T14:49:54.314+08:00  INFO 4276 --- [seckill-system] [OrderListener-2] c.d.seckill.service.AsyncOrderConsumer   : order committed request=d720acbb-fda7-3198-af24-f669f1f74825 order=133511
2026-09-29T14:49:54.355+08:00  INFO 4276 --- [seckill-system] [io-18090-exec-2] c.d.s.service.ProtectedSeckillService    : submission queued request=7afa357f-f6d2-3e60-bea7-a1d4c70bf55b
2026-09-29T14:49:54.356+08:00  INFO 4276 --- [seckill-system] [io-18090-exec-6] c.d.s.service.ProtectedSeckillService    : submission queued request=4039ddb6-43e0-3cbf-b0fe-0d8f97a68d9e
2026-09-29T14:49:54.356+08:00  INFO 4276 --- [seckill-system] [io-18090-exec-1] c.d.s.service.ProtectedSeckillService    : submission queued request=5614a8eb-48dc-3278-8020-3deb534ce623
2026-09-29T14:49:54.356+08:00  INFO 4276 --- [seckill-system] [io-18090-exec-9] c.d.s.service.ProtectedSeckillService    : submission queued request=2044a3e9-99a8-3509-af9e-02e3fa62285a
2026-09-29T14:49:54.356+08:00  INFO 4276 --- [seckill-system] [io-18090-exec-3] c.d.s.service.ProtectedSeckillService    : submission queued request=127c4df5-46d9-3e9d-992e-3d530ace3c00
2026-09-29T14:49:54.364+08:00  INFO 4276 --- [seckill-system] [OrderListener-1] c.d.seckill.service.AsyncOrderConsumer   : order committed request=7afa357f-f6d2-3e60-bea7-a1d4c70bf55b order=133512
2026-09-29T14:49:54.365+08:00  INFO 4276 --- [seckill-system] [OrderListener-2] c.d.seckill.service.AsyncOrderConsumer   : order committed request=4039ddb6-43e0-3cbf-b0fe-0d8f97a68d9e order=133513
2026-09-29T14:49:54.373+08:00  INFO 4276 --- [seckill-system] [OrderListener-1] c.d.seckill.service.AsyncOrderConsumer   : order committed request=5614a8eb-48dc-3278-8020-3deb534ce623 order=133514
2026-09-29T14:49:54.373+08:00  INFO 4276 --- [seckill-system] [OrderListener-2] c.d.seckill.service.AsyncOrderConsumer   : order committed request=127c4df5-46d9-3e9d-992e-3d530ace3c00 order=133515
2026-09-29T14:49:54.383+08:00  INFO 4276 --- [seckill-system] [OrderListener-1] c.d.seckill.service.AsyncOrderConsumer   : order committed request=2044a3e9-99a8-3509-af9e-02e3fa62285a order=133516
2026-09-29T14:49:54.414+08:00  INFO 4276 --- [seckill-system] [io-18090-exec-7] c.d.s.service.ProtectedSeckillService    : submission queued request=2551e72d-eaaa-33df-8a44-db4116d89970
2026-09-29T14:49:54.414+08:00  INFO 4276 --- [seckill-system] [o-18090-exec-10] c.d.s.service.ProtectedSeckillService    : submission queued request=e1f41843-dcda-3fac-9d87-b8ae04ed4167
2026-09-29T14:49:54.414+08:00  INFO 4276 --- [seckill-system] [io-18090-exec-4] c.d.s.service.ProtectedSeckillService    : submission queued request=33516668-33d5-3061-87fd-edc0b90f4205
2026-09-29T14:49:54.414+08:00  INFO 4276 --- [seckill-system] [io-18090-exec-5] c.d.s.service.ProtectedSeckillService    : submission queued request=5c51e2b2-70af-3c07-8dd1-6e7bcecff3bc
2026-09-29T14:49:54.415+08:00  INFO 4276 --- [seckill-system] [io-18090-exec-8] c.d.s.service.ProtectedSeckillService    : submission queued request=19de399c-45fc-3a8c-84d5-123d3a6041fc
2026-09-29T14:49:54.424+08:00  INFO 4276 --- [seckill-system] [OrderListener-2] c.d.seckill.service.AsyncOrderConsumer   : order committed request=e1f41843-dcda-3fac-9d87-b8ae04ed4167 order=133517
2026-09-29T14:49:54.425+08:00  INFO 4276 --- [seckill-system] [OrderListener-1] c.d.seckill.service.AsyncOrderConsumer   : order committed request=33516668-33d5-3061-87fd-edc0b90f4205 order=133518
2026-09-29T14:49:54.434+08:00  INFO 4276 --- [seckill-system] [OrderListener-2] c.d.seckill.service.AsyncOrderConsumer   : order committed request=5c51e2b2-70af-3c07-8dd1-6e7bcecff3bc order=133519
2026-09-29T14:49:54.434+08:00  INFO 4276 --- [seckill-system] [OrderListener-1] c.d.seckill.service.AsyncOrderConsumer   : order committed request=2551e72d-eaaa-33df-8a44-db4116d89970 order=133520
2026-09-29T14:49:54.444+08:00  INFO 4276 --- [seckill-system] [OrderListener-2] c.d.seckill.service.AsyncOrderConsumer   : order committed request=19de399c-45fc-3a8c-84d5-123d3a6041fc order=133521
2026-09-29T14:49:54.478+08:00  INFO 4276 --- [seckill-system] [io-18090-exec-6] c.d.s.service.ProtectedSeckillService    : submission queued request=2777010b-f619-334d-a76d-f3dabc208c71
2026-09-29T14:49:54.478+08:00  INFO 4276 --- [seckill-system] [io-18090-exec-3] c.d.s.service.ProtectedSeckillService    : submission queued request=3e9dd53e-521f-3923-b95d-0dda7bfa79d7
2026-09-29T14:49:54.478+08:00  INFO 4276 --- [seckill-system] [io-18090-exec-9] c.d.s.service.ProtectedSeckillService    : submission queued request=dbbb6751-42ee-3075-9992-0485fd52a716
2026-09-29T14:49:54.479+08:00  INFO 4276 --- [seckill-system] [io-18090-exec-5] c.d.s.service.ProtectedSeckillService    : submission queued request=cb7676ef-a61e-3c44-b9bb-74403928c44e
2026-09-29T14:49:54.479+08:00  INFO 4276 --- [seckill-system] [io-18090-exec-7] c.d.s.service.ProtectedSeckillService    : submission queued request=fa50a935-8b34-318a-ada2-0f2c87248ab0
2026-09-29T14:49:54.488+08:00  INFO 4276 --- [seckill-system] [OrderListener-1] c.d.seckill.service.AsyncOrderConsumer   : order committed request=dbbb6751-42ee-3075-9992-0485fd52a716 order=133522
2026-09-29T14:49:54.488+08:00  INFO 4276 --- [seckill-system] [OrderListener-2] c.d.seckill.service.AsyncOrderConsumer   : order committed request=3e9dd53e-521f-3923-b95d-0dda7bfa79d7 order=133523
2026-09-29T14:49:54.498+08:00  INFO 4276 --- [seckill-system] [OrderListener-2] c.d.seckill.service.AsyncOrderConsumer   : order committed request=fa50a935-8b34-318a-ada2-0f2c87248ab0 order=133525
2026-09-29T14:49:54.498+08:00  INFO 4276 --- [seckill-system] [OrderListener-1] c.d.seckill.service.AsyncOrderConsumer   : order committed request=2777010b-f619-334d-a76d-f3dabc208c71 order=133524
2026-09-29T14:49:54.508+08:00  INFO 4276 --- [seckill-system] [OrderListener-1] c.d.seckill.service.AsyncOrderConsumer   : order committed request=cb7676ef-a61e-3c44-b9bb-74403928c44e order=133526
2026-09-29T14:49:54.534+08:00  INFO 4276 --- [seckill-system] [io-18090-exec-8] c.d.s.service.ProtectedSeckillService    : submission queued request=555cf731-3f49-328b-bd4c-c4d6b2717091
2026-09-29T14:49:54.534+08:00  INFO 4276 --- [seckill-system] [io-18090-exec-1] c.d.s.service.ProtectedSeckillService    : submission queued request=57fda666-91d3-33dd-b401-838931b264da
2026-09-29T14:49:54.534+08:00  INFO 4276 --- [seckill-system] [io-18090-exec-4] c.d.s.service.ProtectedSeckillService    : submission queued request=edfb1423-93dd-3cde-a3d5-c42a8c1a3577
2026-09-29T14:49:54.544+08:00  INFO 4276 --- [seckill-system] [OrderListener-1] c.d.seckill.service.AsyncOrderConsumer   : order committed request=edfb1423-93dd-3cde-a3d5-c42a8c1a3577 order=133528
2026-09-29T14:49:54.544+08:00  INFO 4276 --- [seckill-system] [OrderListener-2] c.d.seckill.service.AsyncOrderConsumer   : order committed request=57fda666-91d3-33dd-b401-838931b264da order=133527
2026-09-29T14:49:54.554+08:00  INFO 4276 --- [seckill-system] [OrderListener-2] c.d.seckill.service.AsyncOrderConsumer   : order committed request=555cf731-3f49-328b-bd4c-c4d6b2717091 order=133529
2026-09-29T14:49:54.602+08:00  INFO 4276 --- [seckill-system] [io-18090-exec-6] c.d.s.service.ProtectedSeckillService    : submission queued request=f0d5710f-47e8-37fd-a5d6-b861a5356315
2026-09-29T14:49:54.603+08:00  INFO 4276 --- [seckill-system] [io-18090-exec-3] c.d.s.service.ProtectedSeckillService    : submission queued request=89eee36c-e124-32f0-8003-ca80a2e696a7
2026-09-29T14:49:54.603+08:00  INFO 4276 --- [seckill-system] [io-18090-exec-5] c.d.s.service.ProtectedSeckillService    : submission queued request=aa93a8b7-7098-384b-9aa7-2bf76bed3335
2026-09-29T14:49:54.603+08:00  INFO 4276 --- [seckill-system] [io-18090-exec-9] c.d.s.service.ProtectedSeckillService    : submission queued request=90149dce-ef4d-3f5c-82c4-427c7908685a
2026-09-29T14:49:54.613+08:00  INFO 4276 --- [seckill-system] [OrderListener-1] c.d.seckill.service.AsyncOrderConsumer   : order committed request=aa93a8b7-7098-384b-9aa7-2bf76bed3335 order=133531
2026-09-29T14:49:54.613+08:00  INFO 4276 --- [seckill-system] [OrderListener-2] c.d.seckill.service.AsyncOrderConsumer   : order committed request=89eee36c-e124-32f0-8003-ca80a2e696a7 order=133530
2026-09-29T14:49:54.622+08:00  INFO 4276 --- [seckill-system] [OrderListener-1] c.d.seckill.service.AsyncOrderConsumer   : order committed request=90149dce-ef4d-3f5c-82c4-427c7908685a order=133532
2026-09-29T14:49:54.623+08:00  INFO 4276 --- [seckill-system] [OrderListener-2] c.d.seckill.service.AsyncOrderConsumer   : order committed request=f0d5710f-47e8-37fd-a5d6-b861a5356315 order=133533
2026-09-29T14:49:54.658+08:00  INFO 4276 --- [seckill-system] [io-18090-exec-4] c.d.s.service.ProtectedSeckillService    : submission queued request=e5995417-628b-35e1-a107-1f2dea4f7c18
2026-09-29T14:49:54.658+08:00  INFO 4276 --- [seckill-system] [o-18090-exec-10] c.d.s.service.ProtectedSeckillService    : submission queued request=9e28831c-01fb-3748-beb5-dbebbaf270b7
2026-09-29T14:49:54.668+08:00  INFO 4276 --- [seckill-system] [OrderListener-1] c.d.seckill.service.AsyncOrderConsumer   : order committed request=e5995417-628b-35e1-a107-1f2dea4f7c18 order=133534
2026-09-29T14:49:54.668+08:00  INFO 4276 --- [seckill-system] [OrderListener-2] c.d.seckill.service.AsyncOrderConsumer   : order committed request=9e28831c-01fb-3748-beb5-dbebbaf270b7 order=133535
2026-09-29T14:49:54.729+08:00  INFO 4276 --- [seckill-system] [io-18090-exec-2] c.d.s.service.ProtectedSeckillService    : submission queued request=94e7fdd9-22c9-3547-b16b-62b197509324
2026-09-29T14:49:54.729+08:00  INFO 4276 --- [seckill-system] [io-18090-exec-8] c.d.s.service.ProtectedSeckillService    : submission queued request=d261dfc1-fadf-3e67-8f9f-8bed93b239d3
2026-09-29T14:49:54.729+08:00  INFO 4276 --- [seckill-system] [io-18090-exec-1] c.d.s.service.ProtectedSeckillService    : submission queued request=860d6cb3-52ab-36ff-8852-cd6bd112b3a4
2026-09-29T14:49:54.738+08:00  INFO 4276 --- [seckill-system] [OrderListener-2] c.d.seckill.service.AsyncOrderConsumer   : order committed request=94e7fdd9-22c9-3547-b16b-62b197509324 order=133537
2026-09-29T14:49:54.738+08:00  INFO 4276 --- [seckill-system] [OrderListener-1] c.d.seckill.service.AsyncOrderConsumer   : order committed request=d261dfc1-fadf-3e67-8f9f-8bed93b239d3 order=133536
2026-09-29T14:49:54.747+08:00  INFO 4276 --- [seckill-system] [OrderListener-1] c.d.seckill.service.AsyncOrderConsumer   : order committed request=860d6cb3-52ab-36ff-8852-cd6bd112b3a4 order=133538
2026-09-29T14:49:54.781+08:00  INFO 4276 --- [seckill-system] [io-18090-exec-3] c.d.s.service.ProtectedSeckillService    : submission queued request=55aad608-8a67-3d29-a9aa-56a0337d6ffb
2026-09-29T14:49:54.781+08:00  INFO 4276 --- [seckill-system] [io-18090-exec-9] c.d.s.service.ProtectedSeckillService    : submission queued request=0f4e5970-b8a4-3f74-8d6a-ecc645669214
2026-09-29T14:49:54.791+08:00  INFO 4276 --- [seckill-system] [OrderListener-1] c.d.seckill.service.AsyncOrderConsumer   : order committed request=0f4e5970-b8a4-3f74-8d6a-ecc645669214 order=133539
2026-09-29T14:49:54.791+08:00  INFO 4276 --- [seckill-system] [OrderListener-2] c.d.seckill.service.AsyncOrderConsumer   : order committed request=55aad608-8a67-3d29-a9aa-56a0337d6ffb order=133540
2026-09-29T14:49:54.852+08:00  INFO 4276 --- [seckill-system] [io-18090-exec-5] c.d.s.service.ProtectedSeckillService    : submission queued request=58fc4158-20af-315f-94bb-e9a1240060c6
2026-09-29T14:49:54.852+08:00  INFO 4276 --- [seckill-system] [io-18090-exec-7] c.d.s.service.ProtectedSeckillService    : submission queued request=58a1613c-b14a-327c-93a1-173bd3d4e53c
2026-09-29T14:49:54.861+08:00  INFO 4276 --- [seckill-system] [OrderListener-1] c.d.seckill.service.AsyncOrderConsumer   : order committed request=58a1613c-b14a-327c-93a1-173bd3d4e53c order=133541
2026-09-29T14:49:54.862+08:00  INFO 4276 --- [seckill-system] [OrderListener-2] c.d.seckill.service.AsyncOrderConsumer   : order committed request=58fc4158-20af-315f-94bb-e9a1240060c6 order=133542
2026-09-29T14:49:54.906+08:00  INFO 4276 --- [seckill-system] [o-18090-exec-10] c.d.s.service.ProtectedSeckillService    : submission queued request=9f1297e0-27f7-3632-b35d-d468bcb9f7c8
2026-09-29T14:49:54.906+08:00  INFO 4276 --- [seckill-system] [io-18090-exec-4] c.d.s.service.ProtectedSeckillService    : submission queued request=ffe25a1e-f469-32e8-aa30-eb1b604f9e29
2026-09-29T14:49:54.916+08:00  INFO 4276 --- [seckill-system] [OrderListener-2] c.d.seckill.service.AsyncOrderConsumer   : order committed request=ffe25a1e-f469-32e8-aa30-eb1b604f9e29 order=133544
2026-09-29T14:49:54.916+08:00  INFO 4276 --- [seckill-system] [OrderListener-1] c.d.seckill.service.AsyncOrderConsumer   : order committed request=9f1297e0-27f7-3632-b35d-d468bcb9f7c8 order=133543
2026-09-29T14:49:54.975+08:00  INFO 4276 --- [seckill-system] [io-18090-exec-1] c.d.s.service.ProtectedSeckillService    : submission queued request=3b48e77d-52b1-32dd-88cc-983f3e2f4826
2026-09-29T14:49:54.975+08:00  INFO 4276 --- [seckill-system] [io-18090-exec-2] c.d.s.service.ProtectedSeckillService    : submission queued request=deb319c3-ba94-301a-af90-14d03399d58c
2026-09-29T14:49:54.983+08:00  INFO 4276 --- [seckill-system] [OrderListener-1] c.d.seckill.service.AsyncOrderConsumer   : order committed request=3b48e77d-52b1-32dd-88cc-983f3e2f4826 order=133546
2026-09-29T14:49:54.984+08:00  INFO 4276 --- [seckill-system] [OrderListener-2] c.d.seckill.service.AsyncOrderConsumer   : order committed request=deb319c3-ba94-301a-af90-14d03399d58c order=133545
2026-09-29T14:49:55.029+08:00  INFO 4276 --- [seckill-system] [io-18090-exec-3] c.d.s.service.ProtectedSeckillService    : submission queued request=7b61f745-f504-36ac-919f-2eaff95854af
2026-09-29T14:49:55.038+08:00  INFO 4276 --- [seckill-system] [OrderListener-2] c.d.seckill.service.AsyncOrderConsumer   : order committed request=7b61f745-f504-36ac-919f-2eaff95854af order=133547
2026-09-29T14:49:55.095+08:00  INFO 4276 --- [seckill-system] [io-18090-exec-5] c.d.s.service.ProtectedSeckillService    : submission queued request=14a68b84-7c12-34b9-a2b4-6d87f80a781c
2026-09-29T14:49:55.104+08:00  INFO 4276 --- [seckill-system] [OrderListener-1] c.d.seckill.service.AsyncOrderConsumer   : order committed request=14a68b84-7c12-34b9-a2b4-6d87f80a781c order=133548
2026-09-29T14:50:15.863+08:00  INFO 4276 --- [seckill-system] [o-18090-exec-13] c.d.s.service.ProtectedSeckillService    : submission queued request=b6929059-44e6-3305-9b35-5be6680890f6
2026-09-29T14:50:15.863+08:00  INFO 4276 --- [seckill-system] [io-18090-exec-1] c.d.s.service.ProtectedSeckillService    : submission queued request=2101c33e-dec3-35fd-9e8e-f15510389cf5
2026-09-29T14:50:15.863+08:00  INFO 4276 --- [seckill-system] [o-18090-exec-10] c.d.s.service.ProtectedSeckillService    : submission queued request=8a87fe34-8f96-34bf-acc7-5fd402fcbfc5
2026-09-29T14:50:15.863+08:00  INFO 4276 --- [seckill-system] [io-18090-exec-6] c.d.s.service.ProtectedSeckillService    : submission queued request=93ad0604-8545-3d11-85a9-718590d06e68
2026-09-29T14:50:15.863+08:00  INFO 4276 --- [seckill-system] [io-18090-exec-7] c.d.s.service.ProtectedSeckillService    : submission queued request=1d7e1673-f761-3686-9179-036e1341fad2
2026-09-29T14:50:15.863+08:00  INFO 4276 --- [seckill-system] [io-18090-exec-5] c.d.s.service.ProtectedSeckillService    : submission queued request=880a6a34-2b69-3090-9cb7-0334e93d8e56
2026-09-29T14:50:15.863+08:00  INFO 4276 --- [seckill-system] [io-18090-exec-8] c.d.s.service.ProtectedSeckillService    : submission queued request=538ee142-e69e-3930-850b-28ebb184cc65
2026-09-29T14:50:15.863+08:00  INFO 4276 --- [seckill-system] [io-18090-exec-9] c.d.s.service.ProtectedSeckillService    : submission queued request=1f824bb7-d4b4-336d-916c-5d72964ccb4f
2026-09-29T14:50:15.863+08:00  INFO 4276 --- [seckill-system] [io-18090-exec-4] c.d.s.service.ProtectedSeckillService    : submission queued request=418b8846-082b-367a-8987-dfcd7787948a
2026-09-29T14:50:15.863+08:00  INFO 4276 --- [seckill-system] [io-18090-exec-3] c.d.s.service.ProtectedSeckillService    : submission queued request=750dd8f5-a8c6-3e10-9c6e-f934368ea270
2026-09-29T14:50:15.879+08:00  INFO 4276 --- [seckill-system] [OrderListener-1] c.d.seckill.service.AsyncOrderConsumer   : order committed request=538ee142-e69e-3930-850b-28ebb184cc65 order=133550
2026-09-29T14:50:15.879+08:00  INFO 4276 --- [seckill-system] [OrderListener-2] c.d.seckill.service.AsyncOrderConsumer   : order committed request=2101c33e-dec3-35fd-9e8e-f15510389cf5 order=133549
2026-09-29T14:50:15.887+08:00  INFO 4276 --- [seckill-system] [o-18090-exec-40] c.d.s.service.ProtectedSeckillService    : submission queued request=ef20b146-66e3-3c6d-9a51-d0b2dd821c93
2026-09-29T14:50:15.888+08:00  INFO 4276 --- [seckill-system] [o-18090-exec-33] c.d.s.service.ProtectedSeckillService    : submission queued request=69593287-eceb-3898-8801-f822706ece6a
2026-09-29T14:50:15.889+08:00  INFO 4276 --- [seckill-system] [o-18090-exec-37] c.d.s.service.ProtectedSeckillService    : submission queued request=5cb13b39-0965-304d-91d6-7192ac6cae6c
2026-09-29T14:50:15.889+08:00  INFO 4276 --- [seckill-system] [o-18090-exec-36] c.d.s.service.ProtectedSeckillService    : submission queued request=e1de8909-eb80-30f0-a84f-2169722a72d0
2026-09-29T14:50:15.889+08:00  INFO 4276 --- [seckill-system] [o-18090-exec-34] c.d.s.service.ProtectedSeckillService    : submission queued request=3c5ebb70-4ff1-3b26-bde1-abeee642b30b
2026-09-29T14:50:15.892+08:00  INFO 4276 --- [seckill-system] [OrderListener-2] c.d.seckill.service.AsyncOrderConsumer   : order committed request=8a87fe34-8f96-34bf-acc7-5fd402fcbfc5 order=133552
2026-09-29T14:50:15.893+08:00  INFO 4276 --- [seckill-system] [OrderListener-1] c.d.seckill.service.AsyncOrderConsumer   : order committed request=750dd8f5-a8c6-3e10-9c6e-f934368ea270 order=133551
2026-09-29T14:50:15.894+08:00  INFO 4276 --- [seckill-system] [o-18090-exec-31] c.d.s.service.ProtectedSeckillService    : submission queued request=20d88538-3f0e-359c-9132-cc37d5cc1ee8
2026-09-29T14:50:15.894+08:00  INFO 4276 --- [seckill-system] [o-18090-exec-26] c.d.s.service.ProtectedSeckillService    : submission queued request=c664c0af-caac-3939-ae6d-2b85b343551e
2026-09-29T14:50:15.895+08:00  INFO 4276 --- [seckill-system] [o-18090-exec-41] c.d.s.service.ProtectedSeckillService    : submission queued request=662740e1-3f51-3b22-b032-c9a0525916bd
2026-09-29T14:50:15.895+08:00  INFO 4276 --- [seckill-system] [o-18090-exec-25] c.d.s.service.ProtectedSeckillService    : submission queued request=974f56e9-16bd-3677-8f16-7836ba6b9302
2026-09-29T14:50:15.895+08:00  INFO 4276 --- [seckill-system] [o-18090-exec-21] c.d.s.service.ProtectedSeckillService    : submission queued request=80d87d96-9705-3cb5-9e0d-9a4edbffb7d2
2026-09-29T14:50:15.895+08:00  INFO 4276 --- [seckill-system] [o-18090-exec-39] c.d.s.service.ProtectedSeckillService    : submission queued request=0d6a1f8f-47ea-385b-9cbd-bea28fad85b8
2026-09-29T14:50:15.895+08:00  INFO 4276 --- [seckill-system] [o-18090-exec-14] c.d.s.service.ProtectedSeckillService    : submission queued request=76b93d86-1b09-35cd-8eb6-94ce51819739
2026-09-29T14:50:15.895+08:00  INFO 4276 --- [seckill-system] [o-18090-exec-28] c.d.s.service.ProtectedSeckillService    : submission queued request=85ef5a89-21a0-3279-922f-00271993a801
2026-09-29T14:50:15.895+08:00  INFO 4276 --- [seckill-system] [o-18090-exec-30] c.d.s.service.ProtectedSeckillService    : submission queued request=97e7011e-e116-3215-bed6-7a78bbfb1ca2
2026-09-29T14:50:15.895+08:00  INFO 4276 --- [seckill-system] [o-18090-exec-23] c.d.s.service.ProtectedSeckillService    : submission queued request=e8caee8b-00a0-3157-a85c-ce7e77049a58
2026-09-29T14:50:15.895+08:00  INFO 4276 --- [seckill-system] [io-18090-exec-2] c.d.s.service.ProtectedSeckillService    : submission queued request=3de773fc-3fb5-3bd7-ba06-79cf1c6fa34a
2026-09-29T14:50:15.896+08:00  INFO 4276 --- [seckill-system] [io-18090-exec-7] c.d.s.service.ProtectedSeckillService    : submission queued request=2f907210-67fb-39f5-a3dd-4b5a64079fc5
2026-09-29T14:50:15.896+08:00  INFO 4276 --- [seckill-system] [o-18090-exec-17] c.d.s.service.ProtectedSeckillService    : submission queued request=e42df528-1649-3e64-af9f-46de18d3a9be
2026-09-29T14:50:15.896+08:00  INFO 4276 --- [seckill-system] [o-18090-exec-16] c.d.s.service.ProtectedSeckillService    : submission queued request=a3922e27-0897-32d6-9478-83a1374a83ab
2026-09-29T14:50:15.895+08:00  INFO 4276 --- [seckill-system] [o-18090-exec-27] c.d.s.service.ProtectedSeckillService    : submission queued request=b7e51206-f8bb-37ca-bedd-0d1f5a59a3fa
2026-09-29T14:50:15.895+08:00  INFO 4276 --- [seckill-system] [o-18090-exec-11] c.d.s.service.ProtectedSeckillService    : submission queued request=21c825e9-7646-3be0-a9d3-eb6698e02595
2026-09-29T14:50:15.895+08:00  INFO 4276 --- [seckill-system] [o-18090-exec-19] c.d.s.service.ProtectedSeckillService    : submission queued request=30160bde-bce0-33b5-8afb-f6b6650fd824
2026-09-29T14:50:15.895+08:00  INFO 4276 --- [seckill-system] [o-18090-exec-22] c.d.s.service.ProtectedSeckillService    : submission queued request=5350a678-4187-3f03-b45a-133058b163d1
2026-09-29T14:50:15.895+08:00  INFO 4276 --- [seckill-system] [o-18090-exec-15] c.d.s.service.ProtectedSeckillService    : submission queued request=d2454cff-874f-3d3e-99c4-10aef3fd5bd7
2026-09-29T14:50:15.895+08:00  INFO 4276 --- [seckill-system] [o-18090-exec-18] c.d.s.service.ProtectedSeckillService    : submission queued request=cffdf7ef-9146-35e7-87bd-71a3eb9c65e7
2026-09-29T14:50:15.895+08:00  INFO 4276 --- [seckill-system] [o-18090-exec-12] c.d.s.service.ProtectedSeckillService    : submission queued request=ffcfeb6e-9005-3600-8fb8-7d0be9c4c4c7
2026-09-29T14:50:15.895+08:00  INFO 4276 --- [seckill-system] [io-18090-exec-5] c.d.s.service.ProtectedSeckillService    : submission queued request=bcba40d6-b622-30a5-80fc-9669d578a37d
2026-09-29T14:50:15.895+08:00  INFO 4276 --- [seckill-system] [o-18090-exec-24] c.d.s.service.ProtectedSeckillService    : submission queued request=385e4676-dd7c-3331-8dba-dab01919e8c2
2026-09-29T14:50:15.895+08:00  INFO 4276 --- [seckill-system] [o-18090-exec-20] c.d.s.service.ProtectedSeckillService    : submission queued request=7b3e23ab-0ec9-316e-bf47-ef4c669a0707
2026-09-29T14:50:15.895+08:00  INFO 4276 --- [seckill-system] [o-18090-exec-29] c.d.s.service.ProtectedSeckillService    : submission queued request=f13174ec-caa6-3ee8-a534-c92d7882b308
2026-09-29T14:50:15.895+08:00  INFO 4276 --- [seckill-system] [o-18090-exec-32] c.d.s.service.ProtectedSeckillService    : submission queued request=5cbe7f13-d619-352d-9cc2-fd008c6800cc
2026-09-29T14:50:15.895+08:00  INFO 4276 --- [seckill-system] [o-18090-exec-38] c.d.s.service.ProtectedSeckillService    : submission queued request=b177235f-6f68-354e-932c-1d8234d96162
2026-09-29T14:50:15.895+08:00  INFO 4276 --- [seckill-system] [o-18090-exec-35] c.d.s.service.ProtectedSeckillService    : submission queued request=8654ef09-76e9-339e-990f-15f8d6160bf8
2026-09-29T14:50:15.912+08:00  INFO 4276 --- [seckill-system] [io-18090-exec-1] c.d.s.service.ProtectedSeckillService    : submission queued request=dbc57d4c-4ca4-39ff-9956-60c606ee7bdc
2026-09-29T14:50:15.920+08:00  INFO 4276 --- [seckill-system] [OrderListener-1] c.d.seckill.service.AsyncOrderConsumer   : order committed request=93ad0604-8545-3d11-85a9-718590d06e68 order=133554
2026-09-29T14:50:15.920+08:00  INFO 4276 --- [seckill-system] [OrderListener-2] c.d.seckill.service.AsyncOrderConsumer   : order committed request=1f824bb7-d4b4-336d-916c-5d72964ccb4f order=133553
2026-09-29T14:50:15.926+08:00  INFO 4276 --- [seckill-system] [io-18090-exec-9] c.d.s.service.ProtectedSeckillService    : submission queued request=a2160dc8-743f-38e9-9436-3be7d6251e82
2026-09-29T14:50:15.927+08:00  INFO 4276 --- [seckill-system] [o-18090-exec-22] c.d.s.service.ProtectedSeckillService    : submission queued request=794dadf6-7ad4-3fbb-b1a7-ffaf1f290c7c
2026-09-29T14:50:15.928+08:00  INFO 4276 --- [seckill-system] [io-18090-exec-4] c.d.s.service.ProtectedSeckillService    : submission queued request=c166b036-a6f0-3a96-a258-fdb55bd638b7
2026-09-29T14:50:15.929+08:00  INFO 4276 --- [seckill-system] [o-18090-exec-13] c.d.s.service.ProtectedSeckillService    : submission queued request=d0a9d714-440e-3b19-8d40-b7ff082ec249
2026-09-29T14:50:15.929+08:00  INFO 4276 --- [seckill-system] [io-18090-exec-8] c.d.s.service.ProtectedSeckillService    : submission queued request=bd5430ee-2b40-34dd-8c7f-a569a4ab8bf4
2026-09-29T14:50:15.929+08:00  INFO 4276 --- [seckill-system] [o-18090-exec-35] c.d.s.service.ProtectedSeckillService    : submission queued request=aeec19d4-091a-3e9d-b612-bdad1ca7aafe
2026-09-29T14:50:15.929+08:00  INFO 4276 --- [seckill-system] [io-18090-exec-6] c.d.s.service.ProtectedSeckillService    : submission queued request=bbebe2b2-1c09-32e2-85b2-4711d8c6d770
2026-09-29T14:50:15.929+08:00  INFO 4276 --- [seckill-system] [o-18090-exec-18] c.d.s.service.ProtectedSeckillService    : submission queued request=a1f66c9d-2b8f-3860-9866-56d4e4d18318
2026-09-29T14:50:15.929+08:00  INFO 4276 --- [seckill-system] [io-18090-exec-3] c.d.s.service.ProtectedSeckillService    : submission queued request=3810a752-61b4-38d5-aab3-4d67a4ec88f6
2026-09-29T14:50:15.930+08:00  INFO 4276 --- [seckill-system] [o-18090-exec-10] c.d.s.service.ProtectedSeckillService    : submission queued request=ae04c3cd-4620-397a-a10b-5d13cef69e98
2026-09-29T14:50:15.930+08:00  INFO 4276 --- [seckill-system] [o-18090-exec-19] c.d.s.service.ProtectedSeckillService    : submission queued request=4ebc78bc-7634-3f74-85db-c4a0ee8ba898
2026-09-29T14:50:15.931+08:00  INFO 4276 --- [seckill-system] [o-18090-exec-12] c.d.s.service.ProtectedSeckillService    : submission queued request=80bf535e-683b-319e-9a4f-c26447358942
2026-09-29T14:50:15.937+08:00  INFO 4276 --- [seckill-system] [o-18090-exec-40] c.d.s.service.ProtectedSeckillService    : submission queued request=fb874027-0fa5-3b39-83a3-dea5e543e0a5
2026-09-29T14:50:15.938+08:00  INFO 4276 --- [seckill-system] [o-18090-exec-29] c.d.s.service.ProtectedSeckillService    : submission queued request=4c869a8d-d62f-3229-9f1c-be556343a5f4
2026-09-29T14:50:15.938+08:00  INFO 4276 --- [seckill-system] [o-18090-exec-15] c.d.s.service.ProtectedSeckillService    : submission queued request=1c69948f-bf98-389f-abdd-5145682a79c6
2026-09-29T14:50:15.938+08:00  INFO 4276 --- [seckill-system] [o-18090-exec-24] c.d.s.service.ProtectedSeckillService    : submission queued request=29ebaa00-fb4c-3cc6-bbcc-90a72d835c9c
2026-09-29T14:50:15.938+08:00  INFO 4276 --- [seckill-system] [o-18090-exec-34] c.d.s.service.ProtectedSeckillService    : submission queued request=61e85a05-8cac-3da3-ac30-7329017597c8
2026-09-29T14:50:15.938+08:00  INFO 4276 --- [seckill-system] [o-18090-exec-33] c.d.s.service.ProtectedSeckillService    : submission queued request=99029d11-b50a-3754-9ef1-49235756934a
2026-09-29T14:50:15.938+08:00  INFO 4276 --- [seckill-system] [o-18090-exec-20] c.d.s.service.ProtectedSeckillService    : submission queued request=bd858e01-c9af-3416-8388-2e42bf1a0413
2026-09-29T14:50:15.938+08:00  INFO 4276 --- [seckill-system] [o-18090-exec-38] c.d.s.service.ProtectedSeckillService    : submission queued request=4690f63e-0886-3e15-8d87-dc376d56ebf2
2026-09-29T14:50:15.938+08:00  INFO 4276 --- [seckill-system] [io-18090-exec-5] c.d.s.service.ProtectedSeckillService    : submission queued request=60a3e37b-d9b3-3a48-afa2-6454350b956c
2026-09-29T14:50:15.938+08:00  INFO 4276 --- [seckill-system] [OrderListener-1] c.d.seckill.service.AsyncOrderConsumer   : order committed request=880a6a34-2b69-3090-9cb7-0334e93d8e56 order=133555
2026-09-29T14:50:15.938+08:00  INFO 4276 --- [seckill-system] [OrderListener-2] c.d.seckill.service.AsyncOrderConsumer   : order committed request=1d7e1673-f761-3686-9179-036e1341fad2 order=133556
2026-09-29T14:50:15.939+08:00  INFO 4276 --- [seckill-system] [o-18090-exec-11] c.d.s.service.ProtectedSeckillService    : submission queued request=628c3cb3-07e0-38d3-9575-abbc550519f0
2026-09-29T14:50:15.939+08:00  INFO 4276 --- [seckill-system] [o-18090-exec-39] c.d.s.service.ProtectedSeckillService    : submission queued request=f56c7506-03df-30cd-8511-0ac32fdbd9ec
2026-09-29T14:50:15.939+08:00  INFO 4276 --- [seckill-system] [o-18090-exec-36] c.d.s.service.ProtectedSeckillService    : submission queued request=7f2365fa-1883-33e9-97c1-1b7f39d1a209
2026-09-29T14:50:15.939+08:00  INFO 4276 --- [seckill-system] [o-18090-exec-25] c.d.s.service.ProtectedSeckillService    : submission queued request=796f493a-1ab8-3504-982e-72ca4fad1637
2026-09-29T14:50:15.939+08:00  INFO 4276 --- [seckill-system] [o-18090-exec-37] c.d.s.service.ProtectedSeckillService    : submission queued request=307ec87b-4c34-38d5-9f54-de0ae6b5bbb3
2026-09-29T14:50:15.940+08:00  INFO 4276 --- [seckill-system] [o-18090-exec-32] c.d.s.service.ProtectedSeckillService    : submission queued request=006a36d6-7c88-3385-91de-d071175076db
2026-09-29T14:50:15.940+08:00  INFO 4276 --- [seckill-system] [o-18090-exec-26] c.d.s.service.ProtectedSeckillService    : submission queued request=b9737c7a-ef5e-3381-ab8b-4e539a833505
2026-09-29T14:50:15.940+08:00  INFO 4276 --- [seckill-system] [o-18090-exec-30] c.d.s.service.ProtectedSeckillService    : submission queued request=f9cfd6e1-581b-3e0d-b933-58108e581926
2026-09-29T14:50:15.940+08:00  INFO 4276 --- [seckill-system] [o-18090-exec-31] c.d.s.service.ProtectedSeckillService    : submission queued request=53892765-3b82-3ee6-9a21-30bf9b916b48
2026-09-29T14:50:15.940+08:00  INFO 4276 --- [seckill-system] [o-18090-exec-21] c.d.s.service.ProtectedSeckillService    : submission queued request=048cd3a6-ea44-3a26-a941-e78b16ff5060
2026-09-29T14:50:15.940+08:00  INFO 4276 --- [seckill-system] [o-18090-exec-17] c.d.s.service.ProtectedSeckillService    : submission queued request=d06ad324-94e3-3018-ae4a-1eaa720b32db
2026-09-29T14:50:15.940+08:00  INFO 4276 --- [seckill-system] [o-18090-exec-41] c.d.s.service.ProtectedSeckillService    : submission queued request=af86bce8-767f-38c5-8523-a4120887b3e7
2026-09-29T14:50:15.942+08:00  INFO 4276 --- [seckill-system] [o-18090-exec-14] c.d.s.service.ProtectedSeckillService    : submission queued request=790b75de-2b3f-363e-a686-fc638e02311c
2026-09-29T14:50:15.945+08:00  INFO 4276 --- [seckill-system] [io-18090-exec-7] c.d.s.service.ProtectedSeckillService    : submission queued request=e69cd9af-15da-3418-ac85-1864bc57f174
2026-09-29T14:50:15.945+08:00  INFO 4276 --- [seckill-system] [o-18090-exec-28] c.d.s.service.ProtectedSeckillService    : submission queued request=2b818ac1-e244-3844-bcf9-ed506813b7cc
2026-09-29T14:50:15.945+08:00  INFO 4276 --- [seckill-system] [o-18090-exec-44] c.d.s.service.ProtectedSeckillService    : submission queued request=c4499ce7-8ff1-3baf-a58b-e7a49b853b7a
2026-09-29T14:50:15.952+08:00  INFO 4276 --- [seckill-system] [io-18090-exec-3] c.d.s.service.ProtectedSeckillService    : submission queued request=97ac8183-0f92-3f78-aa7d-3dcd1c3cdfd4
2026-09-29T14:50:15.953+08:00  INFO 4276 --- [seckill-system] [o-18090-exec-12] c.d.s.service.ProtectedSeckillService    : submission queued request=e7e8038b-b123-3bd2-a98c-23a0175f32cb
2026-09-29T14:50:15.953+08:00  INFO 4276 --- [seckill-system] [io-18090-exec-9] c.d.s.service.ProtectedSeckillService    : submission queued request=8f776d4c-70cd-3d61-a821-6594e9bb5efc
2026-09-29T14:50:15.953+08:00  INFO 4276 --- [seckill-system] [o-18090-exec-22] c.d.s.service.ProtectedSeckillService    : submission queued request=c828fe2f-3cc2-3e5b-b093-43060cfe949e
2026-09-29T14:50:15.953+08:00  INFO 4276 --- [seckill-system] [o-18090-exec-10] c.d.s.service.ProtectedSeckillService    : submission queued request=669cf252-bddd-3e45-a225-5d997b269d5b
2026-09-29T14:50:15.953+08:00  INFO 4276 --- [seckill-system] [io-18090-exec-8] c.d.s.service.ProtectedSeckillService    : submission queued request=2950545c-154f-3155-880f-f2ccfca4b1ee
2026-09-29T14:50:15.953+08:00  INFO 4276 --- [seckill-system] [io-18090-exec-6] c.d.s.service.ProtectedSeckillService    : submission queued request=7a804ebe-0628-380a-a0c3-bad04ec77a15
2026-09-29T14:50:15.953+08:00  INFO 4276 --- [seckill-system] [o-18090-exec-35] c.d.s.service.ProtectedSeckillService    : submission queued request=e83dba93-56b5-3fd8-87d3-9940b217d7de
2026-09-29T14:50:15.954+08:00  INFO 4276 --- [seckill-system] [OrderListener-1] c.d.seckill.service.AsyncOrderConsumer   : order committed request=418b8846-082b-367a-8987-dfcd7787948a order=133557
2026-09-29T14:50:15.954+08:00  INFO 4276 --- [seckill-system] [o-18090-exec-13] c.d.s.service.ProtectedSeckillService    : submission queued request=d2d865bc-d76e-3ccc-b244-58b4f51f7245
2026-09-29T14:50:15.954+08:00  INFO 4276 --- [seckill-system] [o-18090-exec-18] c.d.s.service.ProtectedSeckillService    : submission queued request=2a3ee84e-2eab-3ca7-844c-438eee4b0b4d
2026-09-29T14:50:15.954+08:00  INFO 4276 --- [seckill-system] [o-18090-exec-48] c.d.s.service.ProtectedSeckillService    : submission queued request=661977ce-1971-37b3-87b7-22fc5db43d27
2026-09-29T14:50:15.956+08:00  INFO 4276 --- [seckill-system] [o-18090-exec-40] c.d.s.service.ProtectedSeckillService    : submission queued request=cbcc1812-46c4-36bc-969d-e257c1251c3b
2026-09-29T14:50:15.956+08:00  INFO 4276 --- [seckill-system] [o-18090-exec-19] c.d.s.service.ProtectedSeckillService    : submission queued request=241dc388-1916-30af-a8e9-379b31f2341a
2026-09-29T14:50:15.956+08:00  INFO 4276 --- [seckill-system] [OrderListener-2] c.d.seckill.service.AsyncOrderConsumer   : order committed request=b6929059-44e6-3305-9b35-5be6680890f6 order=133558
2026-09-29T14:50:15.956+08:00  INFO 4276 --- [seckill-system] [io-18090-exec-4] c.d.s.service.ProtectedSeckillService    : submission queued request=9da8904d-4997-3842-90e1-ae5fb0b03d69
2026-09-29T14:50:15.956+08:00  INFO 4276 --- [seckill-system] [o-18090-exec-24] c.d.s.service.ProtectedSeckillService    : submission queued request=e547cff9-ed08-3138-a355-54d2eca9b8e0
2026-09-29T14:50:15.957+08:00  INFO 4276 --- [seckill-system] [o-18090-exec-47] c.d.s.service.ProtectedSeckillService    : submission queued request=1c152237-bc6b-37cc-bad5-daca7828d4b2
2026-09-29T14:50:15.957+08:00  INFO 4276 --- [seckill-system] [io-18090-exec-2] c.d.s.service.ProtectedSeckillService    : submission queued request=e3683ef0-1953-31e0-82c0-1aa063220f6f
2026-09-29T14:50:15.957+08:00  INFO 4276 --- [seckill-system] [io-18090-exec-1] c.d.s.service.ProtectedSeckillService    : submission queued request=d255b6a6-0565-3d9a-bf30-9a5cb50831f7
2026-09-29T14:50:15.958+08:00  INFO 4276 --- [seckill-system] [o-18090-exec-45] c.d.s.service.ProtectedSeckillService    : submission queued request=8e031cee-307e-35b3-b729-cb546083bf1a
2026-09-29T14:50:15.958+08:00  INFO 4276 --- [seckill-system] [o-18090-exec-27] c.d.s.service.ProtectedSeckillService    : submission queued request=99331d01-ed9e-378f-ad26-64ac16931d17
2026-09-29T14:50:15.958+08:00  INFO 4276 --- [seckill-system] [o-18090-exec-42] c.d.s.service.ProtectedSeckillService    : submission queued request=6c596683-0c5c-322c-8d73-3033d543de87
2026-09-29T14:50:15.958+08:00  INFO 4276 --- [seckill-system] [o-18090-exec-43] c.d.s.service.ProtectedSeckillService    : submission queued request=3a57fe6a-94a4-36cd-9763-33b9955d6a47
2026-09-29T14:50:15.957+08:00  INFO 4276 --- [seckill-system] [o-18090-exec-16] c.d.s.service.ProtectedSeckillService    : submission queued request=6372cc3b-8e46-38dc-b732-5459b9116273
2026-09-29T14:50:15.964+08:00  INFO 4276 --- [seckill-system] [o-18090-exec-38] c.d.s.service.ProtectedSeckillService    : submission queued request=f5df6347-d9fb-3388-bc5c-88947d8fae4a
2026-09-29T14:50:15.964+08:00  INFO 4276 --- [seckill-system] [o-18090-exec-17] c.d.s.service.ProtectedSeckillService    : submission queued request=cf744150-a49c-3c67-a40e-53766eb5892c
2026-09-29T14:50:15.964+08:00  INFO 4276 --- [seckill-system] [o-18090-exec-46] c.d.s.service.ProtectedSeckillService    : submission queued request=cadea5f8-667a-3e3c-a519-6acfe4196af5
2026-09-29T14:50:15.965+08:00  INFO 4276 --- [seckill-system] [o-18090-exec-26] c.d.s.service.ProtectedSeckillService    : submission queued request=6e26d455-10ca-34ba-a477-1057f82884f9
2026-09-29T14:50:15.965+08:00  INFO 4276 --- [seckill-system] [o-18090-exec-23] c.d.s.service.ProtectedSeckillService    : submission queued request=012eac64-d3ea-38aa-a5dd-6d35a58008b1
2026-09-29T14:50:15.965+08:00  INFO 4276 --- [seckill-system] [o-18090-exec-32] c.d.s.service.ProtectedSeckillService    : submission queued request=95b641bf-7b89-36c9-ab5f-bd7d46e49fc7
2026-09-29T14:50:15.965+08:00  INFO 4276 --- [seckill-system] [o-18090-exec-37] c.d.s.service.ProtectedSeckillService    : submission queued request=4e52599c-4fe1-3a47-9cae-1f6353cb447f
2026-09-29T14:50:15.965+08:00  INFO 4276 --- [seckill-system] [o-18090-exec-33] c.d.s.service.ProtectedSeckillService    : submission queued request=0c4ec24f-7ab1-35bd-b660-a274fedc9a00
2026-09-29T14:50:15.970+08:00  INFO 4276 --- [seckill-system] [o-18090-exec-20] c.d.s.service.ProtectedSeckillService    : submission queued request=9b89aa4a-3c27-3de1-8366-7712e999a63f
2026-09-29T14:50:15.970+08:00  INFO 4276 --- [seckill-system] [o-18090-exec-34] c.d.s.service.ProtectedSeckillService    : submission queued request=48f64bb0-dd4e-3f4e-8925-4863eca1f472
2026-09-29T14:50:15.970+08:00  INFO 4276 --- [seckill-system] [o-18090-exec-15] c.d.s.service.ProtectedSeckillService    : submission queued request=dff65bb5-bb86-3918-9176-a8b1e000db1e
2026-09-29T14:50:15.970+08:00  INFO 4276 --- [seckill-system] [o-18090-exec-29] c.d.s.service.ProtectedSeckillService    : submission queued request=0d4def3c-cea9-3172-9382-86734f49d5c6
2026-09-29T14:50:15.970+08:00  INFO 4276 --- [seckill-system] [o-18090-exec-25] c.d.s.service.ProtectedSeckillService    : submission queued request=f05bd1f8-af85-356d-99f6-33a65c84cc25
2026-09-29T14:50:15.971+08:00  INFO 4276 --- [seckill-system] [o-18090-exec-39] c.d.s.service.ProtectedSeckillService    : submission queued request=6102472a-bed6-3aa6-a165-da12a7f360fc
2026-09-29T14:50:15.977+08:00  INFO 4276 --- [seckill-system] [o-18090-exec-31] c.d.s.service.ProtectedSeckillService    : submission queued request=78887e2a-cdb8-35f7-a2f6-c95cb6be0f2b
2026-09-29T14:50:15.977+08:00  INFO 4276 --- [seckill-system] [o-18090-exec-11] c.d.s.service.ProtectedSeckillService    : submission queued request=c114fb5f-251b-3db8-9ebf-40e238f935e0
2026-09-29T14:50:15.986+08:00  INFO 4276 --- [seckill-system] [o-18090-exec-30] c.d.s.service.ProtectedSeckillService    : submission queued request=e83641f7-11a5-375f-b6c3-25251d326bda
2026-09-29T14:50:15.986+08:00  INFO 4276 --- [seckill-system] [o-18090-exec-36] c.d.s.service.ProtectedSeckillService    : submission queued request=71952f51-3572-366f-9038-a3279be51008
2026-09-29T14:50:15.986+08:00  INFO 4276 --- [seckill-system] [o-18090-exec-40] c.d.s.service.ProtectedSeckillService    : submission queued request=e542119d-c38f-3890-8412-cb5885325d98
2026-09-29T14:50:15.986+08:00  INFO 4276 --- [seckill-system] [o-18090-exec-50] c.d.s.service.ProtectedSeckillService    : submission queued request=be87a921-e770-3514-a2f0-e90cdada13dc
2026-09-29T14:50:15.987+08:00  INFO 4276 --- [seckill-system] [o-18090-exec-41] c.d.s.service.ProtectedSeckillService    : submission queued request=4267648a-dcfe-391f-8731-ad33e2212aec
2026-09-29T14:50:15.987+08:00  INFO 4276 --- [seckill-system] [OrderListener-2] c.d.seckill.service.AsyncOrderConsumer   : order committed request=69593287-eceb-3898-8801-f822706ece6a order=133559
2026-09-29T14:50:15.987+08:00  INFO 4276 --- [seckill-system] [o-18090-exec-18] c.d.s.service.ProtectedSeckillService    : submission queued request=dca1e856-6d93-3ec1-a58b-88e0ee62229a
2026-09-29T14:50:15.987+08:00  INFO 4276 --- [seckill-system] [io-18090-exec-5] c.d.s.service.ProtectedSeckillService    : submission queued request=84fe63dc-0b5d-32cd-b206-3597917d7dee
2026-09-29T14:50:15.987+08:00  INFO 4276 --- [seckill-system] [o-18090-exec-16] c.d.s.service.ProtectedSeckillService    : submission queued request=186f62d5-d247-318f-b44b-507db39da3b2
2026-09-29T14:50:15.988+08:00  INFO 4276 --- [seckill-system] [OrderListener-1] c.d.seckill.service.AsyncOrderConsumer   : order committed request=3c5ebb70-4ff1-3b26-bde1-abeee642b30b order=133560
2026-09-29T14:50:16.001+08:00  INFO 4276 --- [seckill-system] [o-18090-exec-49] c.d.s.service.ProtectedSeckillService    : submission queued request=17220244-f6ef-39a5-9ccb-fb582e19de27
2026-09-29T14:50:16.001+08:00  INFO 4276 --- [seckill-system] [o-18090-exec-17] c.d.s.service.ProtectedSeckillService    : submission queued request=89f14be4-69ab-3b65-9745-f81b36a6b56e
2026-09-29T14:50:16.004+08:00  INFO 4276 --- [seckill-system] [OrderListener-2] c.d.seckill.service.AsyncOrderConsumer   : order committed request=5cb13b39-0965-304d-91d6-7192ac6cae6c order=133561
2026-09-29T14:50:16.004+08:00  INFO 4276 --- [seckill-system] [o-18090-exec-38] c.d.s.service.ProtectedSeckillService    : submission queued request=85693c52-05d7-36e9-9933-11969bd914a9
2026-09-29T14:50:16.005+08:00  INFO 4276 --- [seckill-system] [io-18090-exec-4] c.d.s.service.ProtectedSeckillService    : submission queued request=ed122039-b25f-34ed-9f0b-2f614f04fc53
2026-09-29T14:50:16.005+08:00  INFO 4276 --- [seckill-system] [o-18090-exec-18] c.d.s.service.ProtectedSeckillService    : submission queued request=93704c6c-6bef-3be5-b3b0-f98a34500bdb
2026-09-29T14:50:16.006+08:00  INFO 4276 --- [seckill-system] [OrderListener-1] c.d.seckill.service.AsyncOrderConsumer   : order committed request=ef20b146-66e3-3c6d-9a51-d0b2dd821c93 order=133562
2026-09-29T14:50:16.009+08:00  INFO 4276 --- [seckill-system] [o-18090-exec-21] c.d.s.service.ProtectedSeckillService    : submission queued request=812043ae-4a03-3498-80d7-b0e0e57df175
2026-09-29T14:50:16.012+08:00  INFO 4276 --- [seckill-system] [o-18090-exec-44] c.d.s.service.ProtectedSeckillService    : submission queued request=beb3ccad-2b18-3dca-9773-97b37605e00b
2026-09-29T14:50:16.021+08:00  INFO 4276 --- [seckill-system] [OrderListener-2] c.d.seckill.service.AsyncOrderConsumer   : order committed request=e1de8909-eb80-30f0-a84f-2169722a72d0 order=133563
2026-09-29T14:50:16.021+08:00  INFO 4276 --- [seckill-system] [o-18090-exec-54] c.d.s.service.ProtectedSeckillService    : submission queued request=930bb063-dcca-3d33-97ee-92be626ae5f8
2026-09-29T14:50:16.023+08:00  INFO 4276 --- [seckill-system] [OrderListener-1] c.d.seckill.service.AsyncOrderConsumer   : order committed request=662740e1-3f51-3b22-b032-c9a0525916bd order=133564
2026-09-29T14:50:16.025+08:00  INFO 4276 --- [seckill-system] [o-18090-exec-34] c.d.s.service.ProtectedSeckillService    : submission queued request=f3f27486-9328-3b2c-a42d-dcadc5db4447
2026-09-29T14:50:16.027+08:00  INFO 4276 --- [seckill-system] [o-18090-exec-53] c.d.s.service.ProtectedSeckillService    : submission queued request=ab2ad777-9fe0-3c62-a251-897124b77dbc
2026-09-29T14:50:16.031+08:00  INFO 4276 --- [seckill-system] [o-18090-exec-10] c.d.s.service.ProtectedSeckillService    : submission queued request=a2805862-6fe1-38f0-aed2-4022c55a409f
2026-09-29T14:50:16.038+08:00  INFO 4276 --- [seckill-system] [OrderListener-2] c.d.seckill.service.AsyncOrderConsumer   : order committed request=c664c0af-caac-3939-ae6d-2b85b343551e order=133565
2026-09-29T14:50:16.039+08:00  INFO 4276 --- [seckill-system] [io-18090-exec-1] c.d.s.service.ProtectedSeckillService    : submission queued request=8457413a-8924-3556-9993-d3de1c392f3e
2026-09-29T14:50:16.042+08:00  INFO 4276 --- [seckill-system] [OrderListener-1] c.d.seckill.service.AsyncOrderConsumer   : order committed request=20d88538-3f0e-359c-9132-cc37d5cc1ee8 order=133566
2026-09-29T14:50:16.044+08:00  INFO 4276 --- [seckill-system] [io-18090-exec-5] c.d.s.service.ProtectedSeckillService    : submission queued request=f84f9d7d-f592-3520-bbcf-77c0cde0e300
2026-09-29T14:50:16.046+08:00  INFO 4276 --- [seckill-system] [io-18090-exec-8] c.d.s.service.ProtectedSeckillService    : submission queued request=a2a94769-6637-3eac-b88f-d8dd248bb45f
2026-09-29T14:50:16.054+08:00  INFO 4276 --- [seckill-system] [o-18090-exec-57] c.d.s.service.ProtectedSeckillService    : submission queued request=8210a436-fc7d-3ea8-a5db-f3c8d3e6ced0
2026-09-29T14:50:16.057+08:00  INFO 4276 --- [seckill-system] [OrderListener-2] c.d.seckill.service.AsyncOrderConsumer   : order committed request=0d6a1f8f-47ea-385b-9cbd-bea28fad85b8 order=133567
2026-09-29T14:50:16.067+08:00  INFO 4276 --- [seckill-system] [o-18090-exec-34] c.d.s.service.ProtectedSeckillService    : submission queued request=fad172e0-1119-38fd-a929-05d9c06b78a8
2026-09-29T14:50:16.068+08:00  INFO 4276 --- [seckill-system] [OrderListener-1] c.d.seckill.service.AsyncOrderConsumer   : order committed request=b177235f-6f68-354e-932c-1d8234d96162 order=133568
2026-09-29T14:50:16.070+08:00  INFO 4276 --- [seckill-system] [io-18090-exec-7] c.d.s.service.ProtectedSeckillService    : submission queued request=4a49d1b2-79ba-3396-99a2-2c1105bc302a
2026-09-29T14:50:16.073+08:00  INFO 4276 --- [seckill-system] [OrderListener-2] c.d.seckill.service.AsyncOrderConsumer   : order committed request=21c825e9-7646-3be0-a9d3-eb6698e02595 order=133569
2026-09-29T14:50:16.076+08:00  INFO 4276 --- [seckill-system] [o-18090-exec-13] c.d.s.service.ProtectedSeckillService    : submission queued request=3735bf04-9906-302d-b5de-321884510067
2026-09-29T14:50:16.078+08:00  INFO 4276 --- [seckill-system] [o-18090-exec-25] c.d.s.service.ProtectedSeckillService    : submission queued request=67bc8904-a77e-34a5-aff1-0b5b051dbbd1
2026-09-29T14:50:16.082+08:00  INFO 4276 --- [seckill-system] [o-18090-exec-42] c.d.s.service.ProtectedSeckillService    : submission queued request=03118e1e-1f14-3d84-a315-d1ff3c1cec08
2026-09-29T14:50:16.087+08:00  INFO 4276 --- [seckill-system] [io-18090-exec-6] c.d.s.service.ProtectedSeckillService    : submission queued request=aecd712b-aef9-3463-afc4-e19d9b4da98e
2026-09-29T14:50:16.090+08:00  INFO 4276 --- [seckill-system] [OrderListener-1] c.d.seckill.service.AsyncOrderConsumer   : order committed request=ffcfeb6e-9005-3600-8fb8-7d0be9c4c4c7 order=133570
2026-09-29T14:50:16.091+08:00  INFO 4276 --- [seckill-system] [OrderListener-2] c.d.seckill.service.AsyncOrderConsumer   : order committed request=76b93d86-1b09-35cd-8eb6-94ce51819739 order=133571
2026-09-29T14:50:16.099+08:00  INFO 4276 --- [seckill-system] [o-18090-exec-57] c.d.s.service.ProtectedSeckillService    : submission queued request=c6a14412-5824-3fe2-bd3f-6ba70820cd32
2026-09-29T14:50:16.101+08:00  INFO 4276 --- [seckill-system] [o-18090-exec-16] c.d.s.service.ProtectedSeckillService    : submission queued request=ec5cb8b8-5d60-3411-af50-71baad88f716
2026-09-29T14:50:16.103+08:00  INFO 4276 --- [seckill-system] [o-18090-exec-27] c.d.s.service.ProtectedSeckillService    : submission queued request=0c70e1ce-6f23-3bca-b73e-744abb33cee1
2026-09-29T14:50:16.106+08:00  INFO 4276 --- [seckill-system] [io-18090-exec-8] c.d.s.service.ProtectedSeckillService    : submission queued request=6ff2cb88-5462-3ba5-9c7e-fe60917ce3b1
2026-09-29T14:50:16.109+08:00  INFO 4276 --- [seckill-system] [o-18090-exec-41] c.d.s.service.ProtectedSeckillService    : submission queued request=7dae1690-53f5-3cb5-aefe-2279e586a7dd
2026-09-29T14:50:16.110+08:00  INFO 4276 --- [seckill-system] [OrderListener-1] c.d.seckill.service.AsyncOrderConsumer   : order committed request=e42df528-1649-3e64-af9f-46de18d3a9be order=133573
2026-09-29T14:50:16.111+08:00  INFO 4276 --- [seckill-system] [OrderListener-2] c.d.seckill.service.AsyncOrderConsumer   : order committed request=a3922e27-0897-32d6-9478-83a1374a83ab order=133572
2026-09-29T14:50:16.117+08:00  INFO 4276 --- [seckill-system] [o-18090-exec-12] c.d.s.service.ProtectedSeckillService    : submission queued request=3715f9cc-450b-3685-9f53-cf02a43ac39e
2026-09-29T14:50:16.119+08:00  INFO 4276 --- [seckill-system] [o-18090-exec-35] c.d.s.service.ProtectedSeckillService    : submission queued request=f27d2460-efee-30fa-892a-89f72fa345ca
2026-09-29T14:50:16.122+08:00  INFO 4276 --- [seckill-system] [o-18090-exec-45] c.d.s.service.ProtectedSeckillService    : submission queued request=090c8fe8-724b-3706-b0de-c3410e1274ed
2026-09-29T14:50:16.125+08:00  INFO 4276 --- [seckill-system] [io-18090-exec-5] c.d.s.service.ProtectedSeckillService    : submission queued request=b2c2462f-2c9c-3d16-b76a-833335ab2cb9
2026-09-29T14:50:16.126+08:00  INFO 4276 --- [seckill-system] [OrderListener-1] c.d.seckill.service.AsyncOrderConsumer   : order committed request=7b3e23ab-0ec9-316e-bf47-ef4c669a0707 order=133574
2026-09-29T14:50:16.127+08:00  INFO 4276 --- [seckill-system] [OrderListener-2] c.d.seckill.service.AsyncOrderConsumer   : order committed request=30160bde-bce0-33b5-8afb-f6b6650fd824 order=133575
2026-09-29T14:50:16.138+08:00  INFO 4276 --- [seckill-system] [o-18090-exec-32] c.d.s.service.ProtectedSeckillService    : submission queued request=ced216a7-41ae-325d-99c4-290391b80338
2026-09-29T14:50:16.142+08:00  INFO 4276 --- [seckill-system] [o-18090-exec-38] c.d.s.service.ProtectedSeckillService    : submission queued request=ebe6501b-29fb-3770-98a5-349f669e1efd
2026-09-29T14:50:16.147+08:00  INFO 4276 --- [seckill-system] [o-18090-exec-28] c.d.s.service.ProtectedSeckillService    : submission queued request=a9a2c638-aada-31a3-8dc9-ae1cd10136ff
2026-09-29T14:50:16.150+08:00  INFO 4276 --- [seckill-system] [io-18090-exec-9] c.d.s.service.ProtectedSeckillService    : submission queued request=b4d411b1-2eae-3926-9843-cc54b917837b
2026-09-29T14:50:16.151+08:00  INFO 4276 --- [seckill-system] [OrderListener-1] c.d.seckill.service.AsyncOrderConsumer   : order committed request=3de773fc-3fb5-3bd7-ba06-79cf1c6fa34a order=133576
2026-09-29T14:50:16.153+08:00  INFO 4276 --- [seckill-system] [io-18090-exec-8] c.d.s.service.ProtectedSeckillService    : submission queued request=2c42fff8-248d-383f-92bc-ea48f1d8fce0
2026-09-29T14:50:16.153+08:00  INFO 4276 --- [seckill-system] [OrderListener-2] c.d.seckill.service.AsyncOrderConsumer   : order committed request=e8caee8b-00a0-3157-a85c-ce7e77049a58 order=133577
2026-09-29T14:50:16.163+08:00  INFO 4276 --- [seckill-system] [o-18090-exec-60] c.d.s.service.ProtectedSeckillService    : submission queued request=607d2287-3d5e-31d5-a2d4-cac5832551dc
2026-09-29T14:50:16.165+08:00  INFO 4276 --- [seckill-system] [io-18090-exec-3] c.d.s.service.ProtectedSeckillService    : submission queued request=8965eeb4-9c6d-3aa4-b4f2-8296166c51f0
2026-09-29T14:50:16.170+08:00  INFO 4276 --- [seckill-system] [o-18090-exec-20] c.d.s.service.ProtectedSeckillService    : submission queued request=beb1daa1-0177-389d-967b-84458e36898f
2026-09-29T14:50:16.173+08:00  INFO 4276 --- [seckill-system] [OrderListener-2] c.d.seckill.service.AsyncOrderConsumer   : order committed request=cffdf7ef-9146-35e7-87bd-71a3eb9c65e7 order=133579
2026-09-29T14:50:16.173+08:00  INFO 4276 --- [seckill-system] [OrderListener-1] c.d.seckill.service.AsyncOrderConsumer   : order committed request=d2454cff-874f-3d3e-99c4-10aef3fd5bd7 order=133578
2026-09-29T14:50:16.182+08:00  INFO 4276 --- [seckill-system] [io-18090-exec-2] c.d.s.service.ProtectedSeckillService    : submission queued request=bc9289bb-c3c2-3879-a726-3afa29b45591
2026-09-29T14:50:16.186+08:00  INFO 4276 --- [seckill-system] [o-18090-exec-68] c.d.s.service.ProtectedSeckillService    : submission queued request=605c083d-1ec6-3a98-9e14-131d8489b5b3
2026-09-29T14:50:16.189+08:00  INFO 4276 --- [seckill-system] [o-18090-exec-43] c.d.s.service.ProtectedSeckillService    : submission queued request=d4d4548a-a6c6-35c0-88fa-832ddf739556
2026-09-29T14:50:16.192+08:00  INFO 4276 --- [seckill-system] [o-18090-exec-11] c.d.s.service.ProtectedSeckillService    : submission queued request=014e6a49-540f-3260-a357-048f26004697
2026-09-29T14:50:16.194+08:00  INFO 4276 --- [seckill-system] [OrderListener-1] c.d.seckill.service.AsyncOrderConsumer   : order committed request=385e4676-dd7c-3331-8dba-dab01919e8c2 order=133580
2026-09-29T14:50:16.194+08:00  INFO 4276 --- [seckill-system] [OrderListener-2] c.d.seckill.service.AsyncOrderConsumer   : order committed request=974f56e9-16bd-3677-8f16-7836ba6b9302 order=133581
2026-09-29T14:50:16.198+08:00  INFO 4276 --- [seckill-system] [o-18090-exec-69] c.d.s.service.ProtectedSeckillService    : submission queued request=038e9fec-3baa-31aa-b73f-e9177570aaa7
2026-09-29T14:50:16.201+08:00  INFO 4276 --- [seckill-system] [io-18090-exec-7] c.d.s.service.ProtectedSeckillService    : submission queued request=1de0a22b-bdcf-3e9d-a840-22d2c7b360f4
2026-09-29T14:50:16.205+08:00  INFO 4276 --- [seckill-system] [o-18090-exec-17] c.d.s.service.ProtectedSeckillService    : submission queued request=06a9b053-d300-39f5-a2e3-49ed056256f8
2026-09-29T14:50:16.210+08:00  INFO 4276 --- [seckill-system] [o-18090-exec-27] c.d.s.service.ProtectedSeckillService    : submission queued request=70dcfa36-0b40-38a6-8f7e-67ccbe2285b2
2026-09-29T14:50:16.214+08:00  INFO 4276 --- [seckill-system] [OrderListener-2] c.d.seckill.service.AsyncOrderConsumer   : order committed request=5350a678-4187-3f03-b45a-133058b163d1 order=133582
2026-09-29T14:50:16.214+08:00  INFO 4276 --- [seckill-system] [OrderListener-1] c.d.seckill.service.AsyncOrderConsumer   : order committed request=5cbe7f13-d619-352d-9cc2-fd008c6800cc order=133583
2026-09-29T14:50:16.221+08:00  INFO 4276 --- [seckill-system] [o-18090-exec-46] c.d.s.service.ProtectedSeckillService    : submission queued request=f352bcc0-e149-3eb0-9300-841f51f830e2
2026-09-29T14:50:16.227+08:00  INFO 4276 --- [seckill-system] [o-18090-exec-13] c.d.s.service.ProtectedSeckillService    : submission queued request=5fd1b5d3-4790-32a6-9137-41d2be90c7a8
2026-09-29T14:50:16.228+08:00  INFO 4276 --- [seckill-system] [o-18090-exec-30] c.d.s.service.ProtectedSeckillService    : submission queued request=7b87ec08-4bb3-301e-8621-26c9c5542846
2026-09-29T14:50:16.233+08:00  INFO 4276 --- [seckill-system] [o-18090-exec-45] c.d.s.service.ProtectedSeckillService    : submission queued request=e323be15-e1eb-3698-ade0-bfd14c17e6e6
2026-09-29T14:50:16.236+08:00  INFO 4276 --- [seckill-system] [OrderListener-1] c.d.seckill.service.AsyncOrderConsumer   : order committed request=b7e51206-f8bb-37ca-bedd-0d1f5a59a3fa order=133585
2026-09-29T14:50:16.237+08:00  INFO 4276 --- [seckill-system] [OrderListener-2] c.d.seckill.service.AsyncOrderConsumer   : order committed request=97e7011e-e116-3215-bed6-7a78bbfb1ca2 order=133584
2026-09-29T14:50:16.242+08:00  INFO 4276 --- [seckill-system] [o-18090-exec-57] c.d.s.service.ProtectedSeckillService    : submission queued request=9a7c510f-60b5-32df-a46a-835cca3c83d4
2026-09-29T14:50:16.243+08:00  INFO 4276 --- [seckill-system] [o-18090-exec-56] c.d.s.service.ProtectedSeckillService    : submission queued request=98e3e730-f022-38af-ac42-2e535699c829
2026-09-29T14:50:16.243+08:00  INFO 4276 --- [seckill-system] [o-18090-exec-32] c.d.s.service.ProtectedSeckillService    : submission queued request=49d0d408-0c67-394d-9846-9c8689fdf7da
2026-09-29T14:50:16.250+08:00  INFO 4276 --- [seckill-system] [o-18090-exec-72] c.d.s.service.ProtectedSeckillService    : submission queued request=3791b769-671c-39d2-ba51-8408542ad94e
2026-09-29T14:50:16.254+08:00  INFO 4276 --- [seckill-system] [io-18090-exec-9] c.d.s.service.ProtectedSeckillService    : submission queued request=f71610aa-3c5d-3463-a1e9-3f8139fcea70
2026-09-29T14:50:16.258+08:00  INFO 4276 --- [seckill-system] [o-18090-exec-29] c.d.s.service.ProtectedSeckillService    : submission queued request=9688e161-b442-392f-afeb-2fab77af912c
2026-09-29T14:50:16.265+08:00  INFO 4276 --- [seckill-system] [OrderListener-1] c.d.seckill.service.AsyncOrderConsumer   : order committed request=f13174ec-caa6-3ee8-a534-c92d7882b308 order=133586
2026-09-29T14:50:16.265+08:00  INFO 4276 --- [seckill-system] [OrderListener-2] c.d.seckill.service.AsyncOrderConsumer   : order committed request=8654ef09-76e9-339e-990f-15f8d6160bf8 order=133587
2026-09-29T14:50:16.285+08:00  INFO 4276 --- [seckill-system] [o-18090-exec-70] c.d.s.service.ProtectedSeckillService    : submission queued request=39f26867-cb67-3789-b89e-e667e6d08b98
2026-09-29T14:50:16.290+08:00  INFO 4276 --- [seckill-system] [o-18090-exec-14] c.d.s.service.ProtectedSeckillService    : submission queued request=40194c06-5950-3424-a419-6947ebc34bda
2026-09-29T14:50:16.291+08:00  INFO 4276 --- [seckill-system] [o-18090-exec-27] c.d.s.service.ProtectedSeckillService    : submission queued request=25292fd4-310b-37d7-a212-9dc897c6b29f
2026-09-29T14:50:16.293+08:00  INFO 4276 --- [seckill-system] [o-18090-exec-18] c.d.s.service.ProtectedSeckillService    : submission queued request=152211e6-5a0d-32f5-8360-2b347cfd53e8
2026-09-29T14:50:16.294+08:00  INFO 4276 --- [seckill-system] [o-18090-exec-38] c.d.s.service.ProtectedSeckillService    : submission queued request=36f4fd39-753a-3a09-9d6a-defa6e1accda
2026-09-29T14:50:16.294+08:00  INFO 4276 --- [seckill-system] [o-18090-exec-50] c.d.s.service.ProtectedSeckillService    : submission queued request=d89a99c4-91aa-3fa6-ba81-7bb138d58a3e
2026-09-29T14:50:16.295+08:00  INFO 4276 --- [seckill-system] [o-18090-exec-71] c.d.s.service.ProtectedSeckillService    : submission queued request=c793529a-b1d1-3383-8078-583a185d04c2
2026-09-29T14:50:16.296+08:00  INFO 4276 --- [seckill-system] [OrderListener-2] c.d.seckill.service.AsyncOrderConsumer   : order committed request=80d87d96-9705-3cb5-9e0d-9a4edbffb7d2 order=133589
2026-09-29T14:50:16.297+08:00  INFO 4276 --- [seckill-system] [OrderListener-1] c.d.seckill.service.AsyncOrderConsumer   : order committed request=85ef5a89-21a0-3279-922f-00271993a801 order=133588
2026-09-29T14:50:16.302+08:00  INFO 4276 --- [seckill-system] [io-18090-exec-6] c.d.s.service.ProtectedSeckillService    : submission queued request=d74654a5-8b66-36f4-8c9a-59d608d8e76a
2026-09-29T14:50:16.307+08:00  INFO 4276 --- [seckill-system] [o-18090-exec-79] c.d.s.service.ProtectedSeckillService    : submission queued request=354985ec-f0da-36ca-ae0c-2f8a737b9ce0
2026-09-29T14:50:16.308+08:00  INFO 4276 --- [seckill-system] [o-18090-exec-22] c.d.s.service.ProtectedSeckillService    : submission queued request=9fbc146d-f59b-3979-b1c1-452815c86103
2026-09-29T14:50:16.362+08:00  INFO 4276 --- [seckill-system] [OrderListener-2] c.d.seckill.service.AsyncOrderConsumer   : order committed request=bcba40d6-b622-30a5-80fc-9669d578a37d order=133591
2026-09-29T14:50:16.365+08:00  INFO 4276 --- [seckill-system] [o-18090-exec-32] c.d.s.service.ProtectedSeckillService    : submission queued request=5ac8ab68-6804-3be4-97e4-6016e4b488fa
2026-09-29T14:50:16.368+08:00  INFO 4276 --- [seckill-system] [o-18090-exec-48] c.d.s.service.ProtectedSeckillService    : submission queued request=21d90c86-174e-3f5b-be8a-adde356cf55a
2026-09-29T14:50:16.369+08:00  INFO 4276 --- [seckill-system] [OrderListener-1] c.d.seckill.service.AsyncOrderConsumer   : order committed request=2f907210-67fb-39f5-a3dd-4b5a64079fc5 order=133590
2026-09-29T14:50:16.370+08:00  INFO 4276 --- [seckill-system] [o-18090-exec-80] c.d.s.service.ProtectedSeckillService    : submission queued request=91f8f8a2-f883-37b7-8d43-5d374a7ae66c
2026-09-29T14:50:16.373+08:00  INFO 4276 --- [seckill-system] [o-18090-exec-29] c.d.s.service.ProtectedSeckillService    : submission queued request=13d709bc-376e-3afd-8882-d25935c1e240
2026-09-29T14:50:16.379+08:00  INFO 4276 --- [seckill-system] [o-18090-exec-77] c.d.s.service.ProtectedSeckillService    : submission queued request=1b3dcabe-0fa5-3c1f-b8ab-1a565239ac11
2026-09-29T14:50:16.379+08:00  INFO 4276 --- [seckill-system] [o-18090-exec-43] c.d.s.service.ProtectedSeckillService    : submission queued request=8c3a5bf6-f330-39d1-ad40-ea0c6cfa96cb
2026-09-29T14:50:16.378+08:00  INFO 4276 --- [seckill-system] [o-18090-exec-81] c.d.s.service.ProtectedSeckillService    : submission queued request=a70e613e-f173-3f13-bec1-7e8bf5946c56
2026-09-29T14:50:16.379+08:00  INFO 4276 --- [seckill-system] [o-18090-exec-79] c.d.s.service.ProtectedSeckillService    : submission queued request=22607161-3de5-3276-a3a9-0ae3891497da
2026-09-29T14:50:16.379+08:00  INFO 4276 --- [seckill-system] [o-18090-exec-17] c.d.s.service.ProtectedSeckillService    : submission queued request=95087a04-1c21-32f6-9ecf-f1c9860fbba2
2026-09-29T14:50:16.379+08:00  INFO 4276 --- [seckill-system] [io-18090-exec-2] c.d.s.service.ProtectedSeckillService    : submission queued request=2e536a12-0e83-385d-9d05-6a26179d0b30
2026-09-29T14:50:16.382+08:00  INFO 4276 --- [seckill-system] [o-18090-exec-16] c.d.s.service.ProtectedSeckillService    : submission queued request=1214bf8c-0c44-3877-9834-1ccd57c08513
2026-09-29T14:50:16.385+08:00  INFO 4276 --- [seckill-system] [o-18090-exec-41] c.d.s.service.ProtectedSeckillService    : submission queued request=4c54f2ef-b02f-3c4a-bc07-f9cdb51397b6
2026-09-29T14:50:16.391+08:00  INFO 4276 --- [seckill-system] [io-18090-exec-5] c.d.s.service.ProtectedSeckillService    : submission queued request=e5c18bfe-0162-3ebf-b173-4af8f61f4e4a
2026-09-29T14:50:16.393+08:00  INFO 4276 --- [seckill-system] [o-18090-exec-61] c.d.s.service.ProtectedSeckillService    : submission queued request=ed26eac9-a8e9-33f6-bafc-aabd2e2fe240
2026-09-29T14:50:16.393+08:00  INFO 4276 --- [seckill-system] [o-18090-exec-60] c.d.s.service.ProtectedSeckillService    : submission queued request=886ffa29-82f9-341f-97fb-1478df91654d
2026-09-29T14:50:16.397+08:00  INFO 4276 --- [seckill-system] [o-18090-exec-62] c.d.s.service.ProtectedSeckillService    : submission queued request=ac77d024-e98a-355b-98b4-ff4af703b1e8
2026-09-29T14:50:16.398+08:00  INFO 4276 --- [seckill-system] [OrderListener-2] c.d.seckill.service.AsyncOrderConsumer   : order committed request=794dadf6-7ad4-3fbb-b1a7-ffaf1f290c7c order=133593
2026-09-29T14:50:16.398+08:00  INFO 4276 --- [seckill-system] [OrderListener-1] c.d.seckill.service.AsyncOrderConsumer   : order committed request=dbc57d4c-4ca4-39ff-9956-60c606ee7bdc order=133592
2026-09-29T14:50:16.401+08:00  INFO 4276 --- [seckill-system] [o-18090-exec-73] c.d.s.service.ProtectedSeckillService    : submission queued request=976ed9e9-d91c-3f25-bc5a-bf4467def3da
2026-09-29T14:50:16.414+08:00  INFO 4276 --- [seckill-system] [o-18090-exec-78] c.d.s.service.ProtectedSeckillService    : submission queued request=0212787d-a9b8-3d29-a7de-0b68e7476961
2026-09-29T14:50:16.415+08:00  INFO 4276 --- [seckill-system] [o-18090-exec-51] c.d.s.service.ProtectedSeckillService    : submission queued request=3a18e1fe-d10c-308c-b4ad-bd67d5bca0ca
2026-09-29T14:50:16.416+08:00  INFO 4276 --- [seckill-system] [o-18090-exec-31] c.d.s.service.ProtectedSeckillService    : submission queued request=0b5897f0-f9a3-31ea-90ec-6d786da6cd7d
2026-09-29T14:50:16.418+08:00  INFO 4276 --- [seckill-system] [o-18090-exec-67] c.d.s.service.ProtectedSeckillService    : submission queued request=1302bbc8-32eb-374d-9edf-71bea6458de0
2026-09-29T14:50:16.422+08:00  INFO 4276 --- [seckill-system] [OrderListener-1] c.d.seckill.service.AsyncOrderConsumer   : order committed request=a2160dc8-743f-38e9-9436-3be7d6251e82 order=133595
2026-09-29T14:50:16.423+08:00  INFO 4276 --- [seckill-system] [OrderListener-2] c.d.seckill.service.AsyncOrderConsumer   : order committed request=a1f66c9d-2b8f-3860-9866-56d4e4d18318 order=133594
2026-09-29T14:50:16.430+08:00  INFO 4276 --- [seckill-system] [o-18090-exec-72] c.d.s.service.ProtectedSeckillService    : submission queued request=ccc7baba-254e-3aae-b3db-a2f6f8241a3d
2026-09-29T14:50:16.438+08:00  INFO 4276 --- [seckill-system] [o-18090-exec-18] c.d.s.service.ProtectedSeckillService    : submission queued request=3d702a74-8d24-33e5-a95b-42e9211087e4
2026-09-29T14:50:16.439+08:00  INFO 4276 --- [seckill-system] [o-18090-exec-19] c.d.s.service.ProtectedSeckillService    : submission queued request=18100ea7-a9a5-395f-8f45-f8f97732acdb
2026-09-29T14:50:16.440+08:00  INFO 4276 --- [seckill-system] [o-18090-exec-68] c.d.s.service.ProtectedSeckillService    : submission queued request=64efd0fa-10ef-358e-ac83-550b59489281
2026-09-29T14:50:16.440+08:00  INFO 4276 --- [seckill-system] [io-18090-exec-4] c.d.s.service.ProtectedSeckillService    : submission queued request=67e82941-59ed-36c5-9f77-5a0c8e4f8ef7
2026-09-29T14:50:16.443+08:00  INFO 4276 --- [seckill-system] [OrderListener-2] c.d.seckill.service.AsyncOrderConsumer   : order committed request=aeec19d4-091a-3e9d-b612-bdad1ca7aafe order=133597
2026-09-29T14:50:16.443+08:00  INFO 4276 --- [seckill-system] [OrderListener-1] c.d.seckill.service.AsyncOrderConsumer   : order committed request=bd5430ee-2b40-34dd-8c7f-a569a4ab8bf4 order=133596
2026-09-29T14:50:16.451+08:00  INFO 4276 --- [seckill-system] [o-18090-exec-55] c.d.s.service.ProtectedSeckillService    : submission queued request=edd77ba2-ce09-3d40-9d44-72d2ee8a9f89
2026-09-29T14:50:16.455+08:00  INFO 4276 --- [seckill-system] [io-18090-exec-7] c.d.s.service.ProtectedSeckillService    : submission queued request=928cd372-b834-321f-b2f7-eb866c10f179
2026-09-29T14:50:16.457+08:00  INFO 4276 --- [seckill-system] [o-18090-exec-17] c.d.s.service.ProtectedSeckillService    : submission queued request=230c4d98-678d-37a1-ba33-7e14037089bd
2026-09-29T14:50:16.458+08:00  INFO 4276 --- [seckill-system] [o-18090-exec-93] c.d.s.service.ProtectedSeckillService    : submission queued request=c1f23ebc-d2aa-3761-ba44-603274a2a67c
2026-09-29T14:50:16.462+08:00  INFO 4276 --- [seckill-system] [OrderListener-2] c.d.seckill.service.AsyncOrderConsumer   : order committed request=3810a752-61b4-38d5-aab3-4d67a4ec88f6 order=133598
2026-09-29T14:50:16.463+08:00  INFO 4276 --- [seckill-system] [OrderListener-1] c.d.seckill.service.AsyncOrderConsumer   : order committed request=c166b036-a6f0-3a96-a258-fdb55bd638b7 order=133599
2026-09-29T14:50:16.463+08:00  INFO 4276 --- [seckill-system] [o-18090-exec-14] c.d.s.service.ProtectedSeckillService    : submission queued request=1123cd35-187b-35d9-9fe9-8d470479d7b1
2026-09-29T14:50:16.468+08:00  INFO 4276 --- [seckill-system] [o-18090-exec-27] c.d.s.service.ProtectedSeckillService    : submission queued request=6e78c832-4a4f-3b19-95b9-e2ffa84442ec
2026-09-29T14:50:16.477+08:00  INFO 4276 --- [seckill-system] [o-18090-exec-75] c.d.s.service.ProtectedSeckillService    : submission queued request=5bfe906b-250e-3e8e-930f-d6a116ef110c
2026-09-29T14:50:16.480+08:00  INFO 4276 --- [seckill-system] [o-18090-exec-78] c.d.s.service.ProtectedSeckillService    : submission queued request=03773f17-b6a6-34ee-acb5-b397d4e0a230
2026-09-29T14:50:16.485+08:00  INFO 4276 --- [seckill-system] [o-18090-exec-96] c.d.s.service.ProtectedSeckillService    : submission queued request=1aea60bc-6c05-3ed6-a567-36542c7289b2
2026-09-29T14:50:16.486+08:00  INFO 4276 --- [seckill-system] [OrderListener-2] c.d.seckill.service.AsyncOrderConsumer   : order committed request=bbebe2b2-1c09-32e2-85b2-4711d8c6d770 order=133600
2026-09-29T14:50:16.488+08:00  INFO 4276 --- [seckill-system] [OrderListener-1] c.d.seckill.service.AsyncOrderConsumer   : order committed request=d0a9d714-440e-3b19-8d40-b7ff082ec249 order=133601
2026-09-29T14:50:16.492+08:00  INFO 4276 --- [seckill-system] [o-18090-exec-37] c.d.s.service.ProtectedSeckillService    : submission queued request=9a1ba543-876d-3736-9d9c-35db81cd82bd
2026-09-29T14:50:16.495+08:00  INFO 4276 --- [seckill-system] [o-18090-exec-23] c.d.s.service.ProtectedSeckillService    : submission queued request=b55cf37e-19a0-3f61-8721-1f3a2537ac7f
2026-09-29T14:50:16.497+08:00  INFO 4276 --- [seckill-system] [o-18090-exec-40] c.d.s.service.ProtectedSeckillService    : submission queued request=e1c1e611-9e2d-3818-9d64-5509abc869fe
2026-09-29T14:50:16.501+08:00  INFO 4276 --- [seckill-system] [o-18090-exec-19] c.d.s.service.ProtectedSeckillService    : submission queued request=45906147-e899-36f5-954c-89ee1cc0c9bf
2026-09-29T14:50:16.505+08:00  INFO 4276 --- [seckill-system] [OrderListener-2] c.d.seckill.service.AsyncOrderConsumer   : order committed request=80bf535e-683b-319e-9a4f-c26447358942 order=133602
2026-09-29T14:50:16.505+08:00  INFO 4276 --- [seckill-system] [OrderListener-1] c.d.seckill.service.AsyncOrderConsumer   : order committed request=ae04c3cd-4620-397a-a10b-5d13cef69e98 order=133603
2026-09-29T14:50:16.506+08:00  INFO 4276 --- [seckill-system] [o-18090-exec-28] c.d.s.service.ProtectedSeckillService    : submission queued request=42b615d4-8b84-3607-b150-2f20c5044b42
2026-09-29T14:50:16.513+08:00  INFO 4276 --- [seckill-system] [o-18090-exec-47] c.d.s.service.ProtectedSeckillService    : submission queued request=eb9f3cc0-543e-3adb-a8e5-988227336d84
2026-09-29T14:50:16.516+08:00  INFO 4276 --- [seckill-system] [o-18090-exec-99] c.d.s.service.ProtectedSeckillService    : submission queued request=9f10f603-cbc0-3071-b850-009009b7577f
2026-09-29T14:50:16.521+08:00  INFO 4276 --- [seckill-system] [OrderListener-1] c.d.seckill.service.AsyncOrderConsumer   : order committed request=4ebc78bc-7634-3f74-85db-c4a0ee8ba898 order=133605
2026-09-29T14:50:16.521+08:00  INFO 4276 --- [seckill-system] [OrderListener-2] c.d.seckill.service.AsyncOrderConsumer   : order committed request=29ebaa00-fb4c-3cc6-bbcc-90a72d835c9c order=133604
2026-09-29T14:50:16.522+08:00  INFO 4276 --- [seckill-system] [io-18090-exec-6] c.d.s.service.ProtectedSeckillService    : submission queued request=6aef6521-adda-34fe-a27e-97f88c7a7ae7
2026-09-29T14:50:16.526+08:00  INFO 4276 --- [seckill-system] [o-18090-exec-34] c.d.s.service.ProtectedSeckillService    : submission queued request=3e198d23-fbab-3605-896d-ad36ffe61b1f
2026-09-29T14:50:16.530+08:00  INFO 4276 --- [seckill-system] [o-18090-exec-29] c.d.s.service.ProtectedSeckillService    : submission queued request=aa223b43-1e83-39e5-82ce-ac1b40fd3ee2
2026-09-29T14:50:16.536+08:00  INFO 4276 --- [seckill-system] [OrderListener-2] c.d.seckill.service.AsyncOrderConsumer   : order committed request=fb874027-0fa5-3b39-83a3-dea5e543e0a5 order=133606
2026-09-29T14:50:16.536+08:00  INFO 4276 --- [seckill-system] [OrderListener-1] c.d.seckill.service.AsyncOrderConsumer   : order committed request=60a3e37b-d9b3-3a48-afa2-6454350b956c order=133607
2026-09-29T14:50:16.539+08:00  INFO 4276 --- [seckill-system] [o-18090-exec-79] c.d.s.service.ProtectedSeckillService    : submission queued request=c802bc3a-e2c8-3380-a204-680a43afd1c4
2026-09-29T14:50:16.544+08:00  INFO 4276 --- [seckill-system] [o-18090-exec-23] c.d.s.service.ProtectedSeckillService    : submission queued request=c112ae89-1e47-3c18-ad35-c667373e3dfc
2026-09-29T14:50:16.547+08:00  INFO 4276 --- [seckill-system] [o-18090-exec-19] c.d.s.service.ProtectedSeckillService    : submission queued request=7fdd2f08-cf3c-3a65-a5c0-ba0ac9bb8b0a
2026-09-29T14:50:16.554+08:00  INFO 4276 --- [seckill-system] [OrderListener-1] c.d.seckill.service.AsyncOrderConsumer   : order committed request=99029d11-b50a-3754-9ef1-49235756934a order=133609
2026-09-29T14:50:16.554+08:00  INFO 4276 --- [seckill-system] [o-18090-exec-92] c.d.s.service.ProtectedSeckillService    : submission queued request=0de1653a-ee68-3182-9715-496c0d8b9076
2026-09-29T14:50:16.556+08:00  INFO 4276 --- [seckill-system] [OrderListener-2] c.d.seckill.service.AsyncOrderConsumer   : order committed request=bd858e01-c9af-3416-8388-2e42bf1a0413 order=133608
2026-09-29T14:50:16.561+08:00  INFO 4276 --- [seckill-system] [o-18090-exec-62] c.d.s.service.ProtectedSeckillService    : submission queued request=c6cd074c-ba20-3921-bb08-af311cedb54f
2026-09-29T14:50:16.564+08:00  INFO 4276 --- [seckill-system] [io-18090-exec-8] c.d.s.service.ProtectedSeckillService    : submission queued request=c469048b-d58d-3afb-96d2-b177d4f484db
2026-09-29T14:50:16.573+08:00  INFO 4276 --- [seckill-system] [OrderListener-1] c.d.seckill.service.AsyncOrderConsumer   : order committed request=4c869a8d-d62f-3229-9f1c-be556343a5f4 order=133610
2026-09-29T14:50:16.579+08:00  INFO 4276 --- [seckill-system] [o-18090-exec-87] c.d.s.service.ProtectedSeckillService    : submission queued request=5af6eecc-87e8-3ac2-9892-ba504947070a
2026-09-29T14:50:16.581+08:00  INFO 4276 --- [seckill-system] [OrderListener-2] c.d.seckill.service.AsyncOrderConsumer   : order committed request=61e85a05-8cac-3da3-ac30-7329017597c8 order=133611
2026-09-29T14:50:16.582+08:00  INFO 4276 --- [seckill-system] [o-18090-exec-11] c.d.s.service.ProtectedSeckillService    : submission queued request=e8a8d624-818f-35d9-bccc-6d0fe9993bc0
2026-09-29T14:50:16.585+08:00  INFO 4276 --- [seckill-system] [o-18090-exec-42] c.d.s.service.ProtectedSeckillService    : submission queued request=13618218-7bc0-3d79-a45e-666e50f884b1
2026-09-29T14:50:16.588+08:00  INFO 4276 --- [seckill-system] [o-18090-exec-63] c.d.s.service.ProtectedSeckillService    : submission queued request=8620279c-747e-3c10-af86-a219e8d50100
2026-09-29T14:50:16.588+08:00  INFO 4276 --- [seckill-system] [o-18090-exec-97] c.d.s.service.ProtectedSeckillService    : submission queued request=b2af680b-4657-3fc8-937c-f0b1c604b83d
2026-09-29T14:50:16.588+08:00  INFO 4276 --- [seckill-system] [OrderListener-1] c.d.seckill.service.AsyncOrderConsumer   : order committed request=4690f63e-0886-3e15-8d87-dc376d56ebf2 order=133612
2026-09-29T14:50:16.592+08:00  INFO 4276 --- [seckill-system] [io-18090-exec-5] c.d.s.service.ProtectedSeckillService    : submission queued request=4c1a6bf4-4c32-3278-9377-d98bf2a0d066
2026-09-29T14:50:16.595+08:00  INFO 4276 --- [seckill-system] [o-18090-exec-94] c.d.s.service.ProtectedSeckillService    : submission queued request=de0c22f0-12ae-36fb-9be6-fa48d89de24b
2026-09-29T14:50:16.597+08:00  INFO 4276 --- [seckill-system] [OrderListener-2] c.d.seckill.service.AsyncOrderConsumer   : order committed request=1c69948f-bf98-389f-abdd-5145682a79c6 order=133613
2026-09-29T14:50:16.605+08:00  INFO 4276 --- [seckill-system] [o-18090-exec-66] c.d.s.service.ProtectedSeckillService    : submission queued request=9ccdf6a5-4353-3880-acfb-eee91ee764b5
2026-09-29T14:50:16.608+08:00  INFO 4276 --- [seckill-system] [OrderListener-1] c.d.seckill.service.AsyncOrderConsumer   : order committed request=307ec87b-4c34-38d5-9f54-de0ae6b5bbb3 order=133614
2026-09-29T14:50:16.609+08:00  INFO 4276 --- [seckill-system] [io-18090-exec-2] c.d.s.service.ProtectedSeckillService    : submission queued request=ff0866bc-9e0f-3e86-9cfb-433c81f4285e
2026-09-29T14:50:16.611+08:00  INFO 4276 --- [seckill-system] [o-18090-exec-81] c.d.s.service.ProtectedSeckillService    : submission queued request=5cab835c-05a0-3a36-8bf6-48e1af20256f
2026-09-29T14:50:16.616+08:00  INFO 4276 --- [seckill-system] [o-18090-exec-10] c.d.s.service.ProtectedSeckillService    : submission queued request=758dcf1e-280d-3b0c-a218-8ad7c26cf62d
2026-09-29T14:50:16.618+08:00  INFO 4276 --- [seckill-system] [OrderListener-2] c.d.seckill.service.AsyncOrderConsumer   : order committed request=7f2365fa-1883-33e9-97c1-1b7f39d1a209 order=133615
2026-09-29T14:50:16.622+08:00  INFO 4276 --- [seckill-system] [o-18090-exec-91] c.d.s.service.ProtectedSeckillService    : submission queued request=89a32b17-22fb-38d9-a068-0aafd472e24e
2026-09-29T14:50:16.625+08:00  INFO 4276 --- [seckill-system] [OrderListener-1] c.d.seckill.service.AsyncOrderConsumer   : order committed request=f56c7506-03df-30cd-8511-0ac32fdbd9ec order=133616
2026-09-29T14:50:16.626+08:00  INFO 4276 --- [seckill-system] [o-18090-exec-43] c.d.s.service.ProtectedSeckillService    : submission queued request=455a8894-f04a-3621-bd6d-a39a314cc78b
2026-09-29T14:50:16.631+08:00  INFO 4276 --- [seckill-system] [o-18090-exec-79] c.d.s.service.ProtectedSeckillService    : submission queued request=34be7d4f-1fea-32fa-bf08-a3ac8da0e9cc
2026-09-29T14:50:16.632+08:00  INFO 4276 --- [seckill-system] [OrderListener-2] c.d.seckill.service.AsyncOrderConsumer   : order committed request=628c3cb3-07e0-38d3-9575-abbc550519f0 order=133617
2026-09-29T14:50:16.637+08:00  INFO 4276 --- [seckill-system] [io-18090-exec-5] c.d.s.service.ProtectedSeckillService    : submission queued request=d61489a6-4b9a-3031-b9f1-57dcd8488e58
2026-09-29T14:50:16.639+08:00  INFO 4276 --- [seckill-system] [OrderListener-1] c.d.seckill.service.AsyncOrderConsumer   : order committed request=796f493a-1ab8-3504-982e-72ca4fad1637 order=133618
2026-09-29T14:50:16.640+08:00  INFO 4276 --- [seckill-system] [o-18090-exec-92] c.d.s.service.ProtectedSeckillService    : submission queued request=17cc71b1-2f01-3dd7-8ee9-6e5de79d3394
2026-09-29T14:50:16.647+08:00  INFO 4276 --- [seckill-system] [o-18090-exec-88] c.d.s.service.ProtectedSeckillService    : submission queued request=244590e9-ebb6-37fd-a4ac-a75bd8fd3628
2026-09-29T14:50:16.648+08:00  INFO 4276 --- [seckill-system] [OrderListener-2] c.d.seckill.service.AsyncOrderConsumer   : order committed request=006a36d6-7c88-3385-91de-d071175076db order=133619
2026-09-29T14:50:16.651+08:00  INFO 4276 --- [seckill-system] [o-18090-exec-96] c.d.s.service.ProtectedSeckillService    : submission queued request=a0cd197a-c82f-362a-b45b-00c8c3880b3e
2026-09-29T14:50:16.654+08:00  INFO 4276 --- [seckill-system] [OrderListener-1] c.d.seckill.service.AsyncOrderConsumer   : order committed request=af86bce8-767f-38c5-8523-a4120887b3e7 order=133620
2026-09-29T14:50:16.656+08:00  INFO 4276 --- [seckill-system] [o-18090-exec-61] c.d.s.service.ProtectedSeckillService    : submission queued request=15f091f3-03db-3031-bb91-e2bcc9277615
2026-09-29T14:50:16.662+08:00  INFO 4276 --- [seckill-system] [o-18090-exec-20] c.d.s.service.ProtectedSeckillService    : submission queued request=14807cf1-1e31-3f79-948d-68ad898b0f6f
2026-09-29T14:50:16.664+08:00  INFO 4276 --- [seckill-system] [OrderListener-2] c.d.seckill.service.AsyncOrderConsumer   : order committed request=b9737c7a-ef5e-3381-ab8b-4e539a833505 order=133621
2026-09-29T14:50:16.666+08:00  INFO 4276 --- [seckill-system] [o-18090-exec-28] c.d.s.service.ProtectedSeckillService    : submission queued request=eeecfc5d-b14d-32b5-82a2-adf38a4ad6ac
2026-09-29T14:50:16.670+08:00  INFO 4276 --- [seckill-system] [OrderListener-1] c.d.seckill.service.AsyncOrderConsumer   : order committed request=d06ad324-94e3-3018-ae4a-1eaa720b32db order=133622
2026-09-29T14:50:16.672+08:00  INFO 4276 --- [seckill-system] [o-18090-exec-97] c.d.s.service.ProtectedSeckillService    : submission queued request=bf0459af-352f-3ded-88d2-1e3e18c921ad
2026-09-29T14:50:16.681+08:00  INFO 4276 --- [seckill-system] [o-18090-exec-71] c.d.s.service.ProtectedSeckillService    : submission queued request=49062dd9-914b-364d-96d2-eb6863a06188
2026-09-29T14:50:16.683+08:00  INFO 4276 --- [seckill-system] [OrderListener-2] c.d.seckill.service.AsyncOrderConsumer   : order committed request=53892765-3b82-3ee6-9a21-30bf9b916b48 order=133623
2026-09-29T14:50:16.689+08:00  INFO 4276 --- [seckill-system] [o-18090-exec-49] c.d.s.service.ProtectedSeckillService    : submission queued request=454da622-fcee-3e69-87b9-e477570a51c8
2026-09-29T14:50:16.692+08:00  INFO 4276 --- [seckill-system] [o-18090-exec-34] c.d.s.service.ProtectedSeckillService    : submission queued request=ace1c82c-75cc-3222-93e5-fb37b475285a
2026-09-29T14:50:16.692+08:00  INFO 4276 --- [seckill-system] [o-18090-exec-46] c.d.s.service.ProtectedSeckillService    : submission queued request=4a66f47f-be78-3d32-8af9-32ac4017134b
2026-09-29T14:50:16.696+08:00  INFO 4276 --- [seckill-system] [o-18090-exec-92] c.d.s.service.ProtectedSeckillService    : submission queued request=0c27c0bd-6a99-39a2-9d4a-b8187d559ff9
2026-09-29T14:50:16.696+08:00  INFO 4276 --- [seckill-system] [OrderListener-1] c.d.seckill.service.AsyncOrderConsumer   : order committed request=048cd3a6-ea44-3a26-a941-e78b16ff5060 order=133624
2026-09-29T14:50:16.702+08:00  INFO 4276 --- [seckill-system] [o-18090-exec-62] c.d.s.service.ProtectedSeckillService    : submission queued request=ab963ae4-ed0e-369a-8ecc-a7a64bd5a251
2026-09-29T14:50:16.706+08:00  INFO 4276 --- [seckill-system] [o-18090-exec-15] c.d.s.service.ProtectedSeckillService    : submission queued request=d65cbeb7-5cc9-3a23-be08-407c7af92d1c
2026-09-29T14:50:16.708+08:00  INFO 4276 --- [seckill-system] [OrderListener-2] c.d.seckill.service.AsyncOrderConsumer   : order committed request=790b75de-2b3f-363e-a686-fc638e02311c order=133625
2026-09-29T14:50:16.712+08:00  INFO 4276 --- [seckill-system] [o-18090-exec-72] c.d.s.service.ProtectedSeckillService    : submission queued request=0350d2e0-eb87-328f-aaf0-14fd306bf352
2026-09-29T14:50:16.736+08:00  INFO 4276 --- [seckill-system] [OrderListener-1] c.d.seckill.service.AsyncOrderConsumer   : order committed request=c4499ce7-8ff1-3baf-a58b-e7a49b853b7a order=133626
2026-09-29T14:50:16.739+08:00  INFO 4276 --- [seckill-system] [-18090-exec-100] c.d.s.service.ProtectedSeckillService    : submission queued request=184f0a52-cad6-35d2-adf1-43f21651e3fa
2026-09-29T14:50:16.743+08:00  INFO 4276 --- [seckill-system] [o-18090-exec-70] c.d.s.service.ProtectedSeckillService    : submission queued request=b5c3d210-07bf-3cea-9aa4-3a11a7882fca
2026-09-29T14:50:16.745+08:00  INFO 4276 --- [seckill-system] [o-18090-exec-27] c.d.s.service.ProtectedSeckillService    : submission queued request=6330e7f4-e6b8-3760-8e41-38e71a4ecc0c
2026-09-29T14:50:16.751+08:00  INFO 4276 --- [seckill-system] [OrderListener-2] c.d.seckill.service.AsyncOrderConsumer   : order committed request=f9cfd6e1-581b-3e0d-b933-58108e581926 order=133627
2026-09-29T14:50:16.756+08:00  INFO 4276 --- [seckill-system] [o-18090-exec-54] c.d.s.service.ProtectedSeckillService    : submission queued request=d9713af7-c2cc-3598-9d05-e43a3f8e7e7e
2026-09-29T14:50:16.758+08:00  INFO 4276 --- [seckill-system] [o-18090-exec-22] c.d.s.service.ProtectedSeckillService    : submission queued request=08f65ad0-e77f-3983-8039-00fe8e82b60b
2026-09-29T14:50:16.759+08:00  INFO 4276 --- [seckill-system] [o-18090-exec-42] c.d.s.service.ProtectedSeckillService    : submission queued request=c590002c-9325-3e1a-8721-2a9edc8807a0
2026-09-29T14:50:16.761+08:00  INFO 4276 --- [seckill-system] [io-18090-exec-3] c.d.s.service.ProtectedSeckillService    : submission queued request=665a6696-df6b-3151-8444-1d6783ab1221
2026-09-29T14:50:16.764+08:00  INFO 4276 --- [seckill-system] [OrderListener-1] c.d.seckill.service.AsyncOrderConsumer   : order committed request=e69cd9af-15da-3418-ac85-1864bc57f174 order=133628
2026-09-29T14:50:16.764+08:00  INFO 4276 --- [seckill-system] [o-18090-exec-36] c.d.s.service.ProtectedSeckillService    : submission queued request=b088a5cb-5ba9-381e-89ab-80d9a252e470
2026-09-29T14:50:16.766+08:00  INFO 4276 --- [seckill-system] [o-18090-exec-43] c.d.s.service.ProtectedSeckillService    : submission queued request=484eef82-9774-3e13-b46a-b8cf09ac032d
2026-09-29T14:50:16.769+08:00  INFO 4276 --- [seckill-system] [o-18090-exec-48] c.d.s.service.ProtectedSeckillService    : submission queued request=40724053-c9e7-358b-8840-ae5c3acdb524
2026-09-29T14:50:16.769+08:00  INFO 4276 --- [seckill-system] [o-18090-exec-64] c.d.s.service.ProtectedSeckillService    : submission queued request=34ebed47-6802-3817-ae7c-386f602274e3
2026-09-29T14:50:16.780+08:00  INFO 4276 --- [seckill-system] [OrderListener-2] c.d.seckill.service.AsyncOrderConsumer   : order committed request=2b818ac1-e244-3844-bcf9-ed506813b7cc order=133629
2026-09-29T14:50:16.792+08:00  INFO 4276 --- [seckill-system] [o-18090-exec-84] c.d.s.service.ProtectedSeckillService    : submission queued request=b820e1f8-0572-351c-8e16-69ec8dfc6609
2026-09-29T14:50:16.794+08:00  INFO 4276 --- [seckill-system] [o-18090-exec-38] c.d.s.service.ProtectedSeckillService    : submission queued request=c29ea15a-191b-39ab-af0d-061ee867ff70
2026-09-29T14:50:16.796+08:00  INFO 4276 --- [seckill-system] [OrderListener-1] c.d.seckill.service.AsyncOrderConsumer   : order committed request=8f776d4c-70cd-3d61-a821-6594e9bb5efc order=133630
2026-09-29T14:50:16.796+08:00  INFO 4276 --- [seckill-system] [io-18090-exec-2] c.d.s.service.ProtectedSeckillService    : submission queued request=30847491-9465-3d2f-ae97-f2acb30d79e6
2026-09-29T14:50:16.797+08:00  INFO 4276 --- [seckill-system] [OrderListener-2] c.d.seckill.service.AsyncOrderConsumer   : order committed request=c828fe2f-3cc2-3e5b-b093-43060cfe949e order=133631
2026-09-29T14:50:16.797+08:00  INFO 4276 --- [seckill-system] [o-18090-exec-95] c.d.s.service.ProtectedSeckillService    : submission queued request=f521893a-963f-3faa-a92d-2fa615ce32af
2026-09-29T14:50:16.800+08:00  INFO 4276 --- [seckill-system] [o-18090-exec-98] c.d.s.service.ProtectedSeckillService    : submission queued request=04cbba14-bb1c-3b4b-a8b6-ce1acc0d6d20
2026-09-29T14:50:16.801+08:00  INFO 4276 --- [seckill-system] [o-18090-exec-73] c.d.s.service.ProtectedSeckillService    : submission queued request=5b7f3f71-1e9d-3a17-8d60-521c766257e5
2026-09-29T14:50:16.802+08:00  INFO 4276 --- [seckill-system] [o-18090-exec-12] c.d.s.service.ProtectedSeckillService    : submission queued request=cce06ba2-7914-30ee-a892-1e609aea319a
2026-09-29T14:50:16.805+08:00  INFO 4276 --- [seckill-system] [o-18090-exec-59] c.d.s.service.ProtectedSeckillService    : submission queued request=47032ec8-21c9-3ddf-aad9-4da1967a1f44
2026-09-29T14:50:16.811+08:00  INFO 4276 --- [seckill-system] [io-18090-exec-5] c.d.s.service.ProtectedSeckillService    : submission queued request=41831fca-0323-36df-954e-00721b964d20
2026-09-29T14:50:16.813+08:00  INFO 4276 --- [seckill-system] [OrderListener-1] c.d.seckill.service.AsyncOrderConsumer   : order committed request=2950545c-154f-3155-880f-f2ccfca4b1ee order=133632
2026-09-29T14:50:16.814+08:00  INFO 4276 --- [seckill-system] [OrderListener-2] c.d.seckill.service.AsyncOrderConsumer   : order committed request=7a804ebe-0628-380a-a0c3-bad04ec77a15 order=133633
2026-09-29T14:50:16.818+08:00  INFO 4276 --- [seckill-system] [o-18090-exec-69] c.d.s.service.ProtectedSeckillService    : submission queued request=db69eea5-3f19-3592-8db8-a8807b94c737
2026-09-29T14:50:16.820+08:00  INFO 4276 --- [seckill-system] [o-18090-exec-66] c.d.s.service.ProtectedSeckillService    : submission queued request=6821ad4e-47cf-3705-8877-2b8b5c0b4790
2026-09-29T14:50:16.828+08:00  INFO 4276 --- [seckill-system] [o-18090-exec-63] c.d.s.service.ProtectedSeckillService    : submission queued request=f523f059-0240-3e9c-b077-ec737610684e
2026-09-29T14:50:16.829+08:00  INFO 4276 --- [seckill-system] [OrderListener-1] c.d.seckill.service.AsyncOrderConsumer   : order committed request=97ac8183-0f92-3f78-aa7d-3dcd1c3cdfd4 order=133634
2026-09-29T14:50:16.831+08:00  INFO 4276 --- [seckill-system] [OrderListener-2] c.d.seckill.service.AsyncOrderConsumer   : order committed request=669cf252-bddd-3e45-a225-5d997b269d5b order=133635
2026-09-29T14:50:16.833+08:00  INFO 4276 --- [seckill-system] [o-18090-exec-88] c.d.s.service.ProtectedSeckillService    : submission queued request=4a04f16c-d909-3fb0-9926-d3cf9c6a8dfa
2026-09-29T14:50:16.838+08:00  INFO 4276 --- [seckill-system] [o-18090-exec-15] c.d.s.service.ProtectedSeckillService    : submission queued request=4da574b5-2829-332c-b5b0-b244d3767888
2026-09-29T14:50:16.842+08:00  INFO 4276 --- [seckill-system] [o-18090-exec-49] c.d.s.service.ProtectedSeckillService    : submission queued request=690b0922-768f-36fa-be78-61abba00c401
2026-09-29T14:50:16.846+08:00  INFO 4276 --- [seckill-system] [OrderListener-2] c.d.seckill.service.AsyncOrderConsumer   : order committed request=e7e8038b-b123-3bd2-a98c-23a0175f32cb order=133637
2026-09-29T14:50:16.846+08:00  INFO 4276 --- [seckill-system] [OrderListener-1] c.d.seckill.service.AsyncOrderConsumer   : order committed request=e83dba93-56b5-3fd8-87d3-9940b217d7de order=133636
2026-09-29T14:50:16.847+08:00  INFO 4276 --- [seckill-system] [o-18090-exec-26] c.d.s.service.ProtectedSeckillService    : submission queued request=a9253411-329a-3c3b-ad4f-c673f0a0e15c
2026-09-29T14:50:16.853+08:00  INFO 4276 --- [seckill-system] [o-18090-exec-65] c.d.s.service.ProtectedSeckillService    : submission queued request=6da37016-cc00-31fe-a99f-c2f82a70c6c1
2026-09-29T14:50:16.858+08:00  INFO 4276 --- [seckill-system] [o-18090-exec-79] c.d.s.service.ProtectedSeckillService    : submission queued request=32944f8b-5925-3401-9cb3-29ed610878c4
2026-09-29T14:50:16.863+08:00  INFO 4276 --- [seckill-system] [io-18090-exec-1] c.d.s.service.ProtectedSeckillService    : submission queued request=70cb4ecc-15e1-3497-a580-9fec649d7f17
2026-09-29T14:50:16.865+08:00  INFO 4276 --- [seckill-system] [OrderListener-2] c.d.seckill.service.AsyncOrderConsumer   : order committed request=1c152237-bc6b-37cc-bad5-daca7828d4b2 order=133639
2026-09-29T14:50:16.865+08:00  INFO 4276 --- [seckill-system] [OrderListener-1] c.d.seckill.service.AsyncOrderConsumer   : order committed request=241dc388-1916-30af-a8e9-379b31f2341a order=133638
2026-09-29T14:50:16.876+08:00  INFO 4276 --- [seckill-system] [o-18090-exec-80] c.d.s.service.ProtectedSeckillService    : submission queued request=2c89efff-720b-3d0b-8e2f-135d75736a82
2026-09-29T14:50:16.880+08:00  INFO 4276 --- [seckill-system] [o-18090-exec-57] c.d.s.service.ProtectedSeckillService    : submission queued request=8ee3a93a-506b-3b55-a240-ac1261838462
2026-09-29T14:50:16.880+08:00  INFO 4276 --- [seckill-system] [io-18090-exec-7] c.d.s.service.ProtectedSeckillService    : submission queued request=aadbc53c-a9ee-3c07-9cbe-6941e250b792
2026-09-29T14:50:16.881+08:00  INFO 4276 --- [seckill-system] [-18090-exec-100] c.d.s.service.ProtectedSeckillService    : submission queued request=f4e34167-3a0c-3e2f-9db3-4e761e3ec286
2026-09-29T14:50:16.883+08:00  INFO 4276 --- [seckill-system] [OrderListener-1] c.d.seckill.service.AsyncOrderConsumer   : order committed request=2a3ee84e-2eab-3ca7-844c-438eee4b0b4d order=133640
2026-09-29T14:50:16.883+08:00  INFO 4276 --- [seckill-system] [OrderListener-2] c.d.seckill.service.AsyncOrderConsumer   : order committed request=9da8904d-4997-3842-90e1-ae5fb0b03d69 order=133641
2026-09-29T14:50:16.888+08:00  INFO 4276 --- [seckill-system] [o-18090-exec-24] c.d.s.service.ProtectedSeckillService    : submission queued request=7968e296-d44a-33b8-8990-ec4a4a73c9ce
2026-09-29T14:50:16.891+08:00  INFO 4276 --- [seckill-system] [o-18090-exec-86] c.d.s.service.ProtectedSeckillService    : submission queued request=2c1d80c5-93ef-3ade-9eff-c2da8142201a
2026-09-29T14:50:16.897+08:00  INFO 4276 --- [seckill-system] [o-18090-exec-27] c.d.s.service.ProtectedSeckillService    : submission queued request=9f9266c5-175a-3a73-84aa-8210332e5ca3
2026-09-29T14:50:16.905+08:00  INFO 4276 --- [seckill-system] [OrderListener-1] c.d.seckill.service.AsyncOrderConsumer   : order committed request=661977ce-1971-37b3-87b7-22fc5db43d27 order=133642
2026-09-29T14:50:16.905+08:00  INFO 4276 --- [seckill-system] [OrderListener-2] c.d.seckill.service.AsyncOrderConsumer   : order committed request=d2d865bc-d76e-3ccc-b244-58b4f51f7245 order=133643
2026-09-29T14:50:16.913+08:00  INFO 4276 --- [seckill-system] [io-18090-exec-9] c.d.s.service.ProtectedSeckillService    : submission queued request=74e024de-1aa6-38d0-a7be-20ac7431247f
2026-09-29T14:50:16.917+08:00  INFO 4276 --- [seckill-system] [o-18090-exec-20] c.d.s.service.ProtectedSeckillService    : submission queued request=4936c086-cf63-3e38-bbb0-5f21d06c95a2
2026-09-29T14:50:16.918+08:00  INFO 4276 --- [seckill-system] [o-18090-exec-98] c.d.s.service.ProtectedSeckillService    : submission queued request=e5620075-e0b9-39e1-b693-7afcf14d6384
2026-09-29T14:50:16.919+08:00  INFO 4276 --- [seckill-system] [o-18090-exec-82] c.d.s.service.ProtectedSeckillService    : submission queued request=c9d0501b-dbfa-3228-aaa4-4f4a2c7d6116
2026-09-29T14:50:16.921+08:00  INFO 4276 --- [seckill-system] [o-18090-exec-18] c.d.s.service.ProtectedSeckillService    : submission queued request=79d50d2b-be96-337b-bf67-b51d491e42ee
2026-09-29T14:50:16.924+08:00  INFO 4276 --- [seckill-system] [OrderListener-2] c.d.seckill.service.AsyncOrderConsumer   : order committed request=cbcc1812-46c4-36bc-969d-e257c1251c3b order=133645
2026-09-29T14:50:16.924+08:00  INFO 4276 --- [seckill-system] [OrderListener-1] c.d.seckill.service.AsyncOrderConsumer   : order committed request=e547cff9-ed08-3138-a355-54d2eca9b8e0 order=133644
2026-09-29T14:50:16.925+08:00  INFO 4276 --- [seckill-system] [o-18090-exec-92] c.d.s.service.ProtectedSeckillService    : submission queued request=b7f6ae50-d5a7-3a99-a8a8-cac0191732a2
2026-09-29T14:50:16.933+08:00  INFO 4276 --- [seckill-system] [-18090-exec-100] c.d.s.service.ProtectedSeckillService    : submission queued request=9a2803a3-65eb-333c-8f69-83a3ef0a909e
2026-09-29T14:50:16.939+08:00  INFO 4276 --- [seckill-system] [o-18090-exec-30] c.d.s.service.ProtectedSeckillService    : submission queued request=0df5f75f-bb20-32ca-b17d-44bf8be3806b
2026-09-29T14:50:16.942+08:00  INFO 4276 --- [seckill-system] [OrderListener-2] c.d.seckill.service.AsyncOrderConsumer   : order committed request=6372cc3b-8e46-38dc-b732-5459b9116273 order=133647
2026-09-29T14:50:16.943+08:00  INFO 4276 --- [seckill-system] [OrderListener-1] c.d.seckill.service.AsyncOrderConsumer   : order committed request=99331d01-ed9e-378f-ad26-64ac16931d17 order=133646
2026-09-29T14:50:16.943+08:00  INFO 4276 --- [seckill-system] [o-18090-exec-49] c.d.s.service.ProtectedSeckillService    : submission queued request=79215719-854d-32e4-a38c-84b5969a8763
2026-09-29T14:50:16.946+08:00  INFO 4276 --- [seckill-system] [o-18090-exec-73] c.d.s.service.ProtectedSeckillService    : submission queued request=ab0d532e-a9e3-36e3-98df-be3560ec6833
2026-09-29T14:50:16.951+08:00  INFO 4276 --- [seckill-system] [io-18090-exec-3] c.d.s.service.ProtectedSeckillService    : submission queued request=1cf5e12f-0abb-3e18-b6b9-4f99345ba6ce
2026-09-29T14:50:16.958+08:00  INFO 4276 --- [seckill-system] [o-18090-exec-12] c.d.s.service.ProtectedSeckillService    : submission queued request=547e9fa6-af1b-360e-9653-4c2ebeaf2c8d
2026-09-29T14:50:16.958+08:00  INFO 4276 --- [seckill-system] [OrderListener-2] c.d.seckill.service.AsyncOrderConsumer   : order committed request=e3683ef0-1953-31e0-82c0-1aa063220f6f order=133648
2026-09-29T14:50:16.960+08:00  INFO 4276 --- [seckill-system] [OrderListener-1] c.d.seckill.service.AsyncOrderConsumer   : order committed request=6c596683-0c5c-322c-8d73-3033d543de87 order=133649
2026-09-29T14:50:16.963+08:00  INFO 4276 --- [seckill-system] [o-18090-exec-69] c.d.s.service.ProtectedSeckillService    : submission queued request=fda09c06-234f-3664-811a-b51c6f4b204f
2026-09-29T14:50:16.965+08:00  INFO 4276 --- [seckill-system] [o-18090-exec-10] c.d.s.service.ProtectedSeckillService    : submission queued request=496e6c5b-a112-3d2d-8d47-3fcb5b6c7ffb
2026-09-29T14:50:16.970+08:00  INFO 4276 --- [seckill-system] [o-18090-exec-21] c.d.s.service.ProtectedSeckillService    : submission queued request=d7fe4074-7591-3905-9ea9-0e1de2bbd4c2
2026-09-29T14:50:16.978+08:00  INFO 4276 --- [seckill-system] [o-18090-exec-25] c.d.s.service.ProtectedSeckillService    : submission queued request=49125270-0a71-3932-9d0c-cd115359c9d4
2026-09-29T14:50:16.979+08:00  INFO 4276 --- [seckill-system] [OrderListener-1] c.d.seckill.service.AsyncOrderConsumer   : order committed request=d255b6a6-0565-3d9a-bf30-9a5cb50831f7 order=133651
2026-09-29T14:50:16.979+08:00  INFO 4276 --- [seckill-system] [OrderListener-2] c.d.seckill.service.AsyncOrderConsumer   : order committed request=8e031cee-307e-35b3-b729-cb546083bf1a order=133650
2026-09-29T14:50:16.986+08:00  INFO 4276 --- [seckill-system] [o-18090-exec-23] c.d.s.service.ProtectedSeckillService    : submission queued request=08c0554a-d1eb-37e9-907f-824494df6346
2026-09-29T14:50:16.988+08:00  INFO 4276 --- [seckill-system] [o-18090-exec-59] c.d.s.service.ProtectedSeckillService    : submission queued request=78f3aaf8-d589-3e20-8967-dd4797aa46df
2026-09-29T14:50:16.990+08:00  INFO 4276 --- [seckill-system] [o-18090-exec-89] c.d.s.service.ProtectedSeckillService    : submission queued request=85c41f39-590f-3484-bc64-36f80e79b7ba
2026-09-29T14:50:16.995+08:00  INFO 4276 --- [seckill-system] [o-18090-exec-42] c.d.s.service.ProtectedSeckillService    : submission queued request=8c694479-0627-3a59-8980-b9626d363ef0
2026-09-29T14:50:16.998+08:00  INFO 4276 --- [seckill-system] [OrderListener-1] c.d.seckill.service.AsyncOrderConsumer   : order committed request=3a57fe6a-94a4-36cd-9763-33b9955d6a47 order=133652
2026-09-29T14:50:16.998+08:00  INFO 4276 --- [seckill-system] [OrderListener-2] c.d.seckill.service.AsyncOrderConsumer   : order committed request=012eac64-d3ea-38aa-a5dd-6d35a58008b1 order=133653
2026-09-29T14:50:17.002+08:00  INFO 4276 --- [seckill-system] [o-18090-exec-36] c.d.s.service.ProtectedSeckillService    : submission queued request=2b907d2f-5a1e-31c2-8121-c35ef6a1cd26
2026-09-29T14:50:17.006+08:00  INFO 4276 --- [seckill-system] [o-18090-exec-83] c.d.s.service.ProtectedSeckillService    : submission queued request=e3af3d5f-5e44-3087-93d7-dbfcdf192bab
2026-09-29T14:50:17.011+08:00  INFO 4276 --- [seckill-system] [o-18090-exec-63] c.d.s.service.ProtectedSeckillService    : submission queued request=485b8c31-aa0c-3072-bb05-68db64ad0cfd
2026-09-29T14:50:17.013+08:00  INFO 4276 --- [seckill-system] [OrderListener-2] c.d.seckill.service.AsyncOrderConsumer   : order committed request=0c4ec24f-7ab1-35bd-b660-a274fedc9a00 order=133654
2026-09-29T14:50:17.014+08:00  INFO 4276 --- [seckill-system] [OrderListener-1] c.d.seckill.service.AsyncOrderConsumer   : order committed request=cadea5f8-667a-3e3c-a519-6acfe4196af5 order=133655
2026-09-29T14:50:17.017+08:00  INFO 4276 --- [seckill-system] [o-18090-exec-13] c.d.s.service.ProtectedSeckillService    : submission queued request=5f901f76-eee6-3be6-832e-c4633eebf3d0
2026-09-29T14:50:17.021+08:00  INFO 4276 --- [seckill-system] [o-18090-exec-19] c.d.s.service.ProtectedSeckillService    : submission queued request=3ac71545-ca52-3fa9-a1d3-ec8250cf20ac
2026-09-29T14:50:17.025+08:00  INFO 4276 --- [seckill-system] [o-18090-exec-27] c.d.s.service.ProtectedSeckillService    : submission queued request=dc84ac1d-d913-3054-a053-0fb381ec40bf
2026-09-29T14:50:17.029+08:00  INFO 4276 --- [seckill-system] [OrderListener-2] c.d.seckill.service.AsyncOrderConsumer   : order committed request=95b641bf-7b89-36c9-ab5f-bd7d46e49fc7 order=133657
2026-09-29T14:50:17.029+08:00  INFO 4276 --- [seckill-system] [OrderListener-1] c.d.seckill.service.AsyncOrderConsumer   : order committed request=6e26d455-10ca-34ba-a477-1057f82884f9 order=133656
2026-09-29T14:50:17.030+08:00  INFO 4276 --- [seckill-system] [o-18090-exec-61] c.d.s.service.ProtectedSeckillService    : submission queued request=0a7add43-a37d-3650-9165-b37cf5d4cf55
2026-09-29T14:50:17.037+08:00  INFO 4276 --- [seckill-system] [o-18090-exec-14] c.d.s.service.ProtectedSeckillService    : submission queued request=07674d0a-b2e5-3e96-9bcf-9f75c4e23edd
2026-09-29T14:50:17.042+08:00  INFO 4276 --- [seckill-system] [o-18090-exec-64] c.d.s.service.ProtectedSeckillService    : submission queued request=dbfb0f23-7746-3849-a4b5-4b314aaec408
2026-09-29T14:50:17.046+08:00  INFO 4276 --- [seckill-system] [o-18090-exec-82] c.d.s.service.ProtectedSeckillService    : submission queued request=d58fa160-b783-3a05-b8ce-741cb51e470f
2026-09-29T14:50:17.050+08:00  INFO 4276 --- [seckill-system] [OrderListener-1] c.d.seckill.service.AsyncOrderConsumer   : order committed request=4e52599c-4fe1-3a47-9cae-1f6353cb447f order=133658
2026-09-29T14:50:17.051+08:00  INFO 4276 --- [seckill-system] [OrderListener-2] c.d.seckill.service.AsyncOrderConsumer   : order committed request=f5df6347-d9fb-3388-bc5c-88947d8fae4a order=133659
2026-09-29T14:50:17.051+08:00  INFO 4276 --- [seckill-system] [o-18090-exec-60] c.d.s.service.ProtectedSeckillService    : submission queued request=ae11a50b-4e47-3715-a8dd-bdac939fe10c
2026-09-29T14:50:17.058+08:00  INFO 4276 --- [seckill-system] [o-18090-exec-99] c.d.s.service.ProtectedSeckillService    : submission queued request=d1907b3b-9419-360b-81b5-730229b425bd
2026-09-29T14:50:17.061+08:00  INFO 4276 --- [seckill-system] [o-18090-exec-38] c.d.s.service.ProtectedSeckillService    : submission queued request=c13f1535-20b3-3205-83bc-422958679b66
2026-09-29T14:50:17.066+08:00  INFO 4276 --- [seckill-system] [OrderListener-1] c.d.seckill.service.AsyncOrderConsumer   : order committed request=cf744150-a49c-3c67-a40e-53766eb5892c order=133660
2026-09-29T14:50:17.066+08:00  INFO 4276 --- [seckill-system] [OrderListener-2] c.d.seckill.service.AsyncOrderConsumer   : order committed request=6102472a-bed6-3aa6-a165-da12a7f360fc order=133661
2026-09-29T14:50:17.067+08:00  INFO 4276 --- [seckill-system] [o-18090-exec-19] c.d.s.service.ProtectedSeckillService    : submission queued request=7101d769-6524-3646-9256-1b1bf8d20ff0
2026-09-29T14:50:17.070+08:00  INFO 4276 --- [seckill-system] [io-18090-exec-4] c.d.s.service.ProtectedSeckillService    : submission queued request=0ef38d09-0a2d-344b-b119-6e3a52859fff
2026-09-29T14:50:17.075+08:00  INFO 4276 --- [seckill-system] [o-18090-exec-93] c.d.s.service.ProtectedSeckillService    : submission queued request=794e4533-5e18-3b31-923e-b37d8195f451
2026-09-29T14:50:17.080+08:00  INFO 4276 --- [seckill-system] [o-18090-exec-87] c.d.s.service.ProtectedSeckillService    : submission queued request=ee8a44e9-6c6a-3c3e-aa87-50f31ec1b518
2026-09-29T14:50:17.080+08:00  INFO 4276 --- [seckill-system] [OrderListener-2] c.d.seckill.service.AsyncOrderConsumer   : order committed request=f05bd1f8-af85-356d-99f6-33a65c84cc25 order=133662
2026-09-29T14:50:17.081+08:00  INFO 4276 --- [seckill-system] [OrderListener-1] c.d.seckill.service.AsyncOrderConsumer   : order committed request=dff65bb5-bb86-3918-9176-a8b1e000db1e order=133663
2026-09-29T14:50:17.084+08:00  INFO 4276 --- [seckill-system] [o-18090-exec-64] c.d.s.service.ProtectedSeckillService    : submission queued request=8f4dcaa3-631d-344d-a86a-3cf5e14cf6e8
2026-09-29T14:50:17.091+08:00  INFO 4276 --- [seckill-system] [o-18090-exec-47] c.d.s.service.ProtectedSeckillService    : submission queued request=3620149f-1e26-349b-8500-b87be834b9dd
2026-09-29T14:50:17.096+08:00  INFO 4276 --- [seckill-system] [OrderListener-2] c.d.seckill.service.AsyncOrderConsumer   : order committed request=0d4def3c-cea9-3172-9382-86734f49d5c6 order=133664
2026-09-29T14:50:17.097+08:00  INFO 4276 --- [seckill-system] [OrderListener-1] c.d.seckill.service.AsyncOrderConsumer   : order committed request=9b89aa4a-3c27-3de1-8366-7712e999a63f order=133665
2026-09-29T14:50:17.097+08:00  INFO 4276 --- [seckill-system] [o-18090-exec-75] c.d.s.service.ProtectedSeckillService    : submission queued request=67c83f00-7268-3070-81cf-fd6d599b56c2
2026-09-29T14:50:17.101+08:00  INFO 4276 --- [seckill-system] [o-18090-exec-23] c.d.s.service.ProtectedSeckillService    : submission queued request=77e12001-6bcc-3ffa-a1d1-2436d441f053
2026-09-29T14:50:17.106+08:00  INFO 4276 --- [seckill-system] [o-18090-exec-49] c.d.s.service.ProtectedSeckillService    : submission queued request=b64443c8-8423-3a64-8494-cc6433508999
2026-09-29T14:50:17.110+08:00  INFO 4276 --- [seckill-system] [o-18090-exec-42] c.d.s.service.ProtectedSeckillService    : submission queued request=8eaba7e5-6410-3841-857c-2b94481ad1b9
2026-09-29T14:50:17.113+08:00  INFO 4276 --- [seckill-system] [OrderListener-1] c.d.seckill.service.AsyncOrderConsumer   : order committed request=78887e2a-cdb8-35f7-a2f6-c95cb6be0f2b order=133666
2026-09-29T14:50:17.114+08:00  INFO 4276 --- [seckill-system] [o-18090-exec-18] c.d.s.service.ProtectedSeckillService    : submission queued request=0b8fd84d-081b-3e3b-acd3-645b4186f1f7
2026-09-29T14:50:17.114+08:00  INFO 4276 --- [seckill-system] [OrderListener-2] c.d.seckill.service.AsyncOrderConsumer   : order committed request=48f64bb0-dd4e-3f4e-8925-4863eca1f472 order=133667
2026-09-29T14:50:17.120+08:00  INFO 4276 --- [seckill-system] [o-18090-exec-56] c.d.s.service.ProtectedSeckillService    : submission queued request=85cf8b51-d567-3109-beed-dbe6ff1331e1
2026-09-29T14:50:17.125+08:00  INFO 4276 --- [seckill-system] [o-18090-exec-86] c.d.s.service.ProtectedSeckillService    : submission queued request=7583779c-0d59-3ebb-9888-ce775271ac0d
2026-09-29T14:50:17.128+08:00  INFO 4276 --- [seckill-system] [OrderListener-1] c.d.seckill.service.AsyncOrderConsumer   : order committed request=c114fb5f-251b-3db8-9ebf-40e238f935e0 order=133669
2026-09-29T14:50:17.128+08:00  INFO 4276 --- [seckill-system] [OrderListener-2] c.d.seckill.service.AsyncOrderConsumer   : order committed request=84fe63dc-0b5d-32cd-b206-3597917d7dee order=133668
2026-09-29T14:50:17.130+08:00  INFO 4276 --- [seckill-system] [o-18090-exec-54] c.d.s.service.ProtectedSeckillService    : submission queued request=ecdca16d-8981-333c-a1c3-720aa9d4d241
2026-09-29T14:50:17.136+08:00  INFO 4276 --- [seckill-system] [o-18090-exec-79] c.d.s.service.ProtectedSeckillService    : submission queued request=c7b65a3c-f226-3665-bb2a-006e67f64372
2026-09-29T14:50:17.140+08:00  INFO 4276 --- [seckill-system] [o-18090-exec-97] c.d.s.service.ProtectedSeckillService    : submission queued request=367627f4-211a-347d-91f2-2c150ef3e101
2026-09-29T14:50:17.142+08:00  INFO 4276 --- [seckill-system] [OrderListener-1] c.d.seckill.service.AsyncOrderConsumer   : order committed request=4267648a-dcfe-391f-8731-ad33e2212aec order=133671
2026-09-29T14:50:17.143+08:00  INFO 4276 --- [seckill-system] [OrderListener-2] c.d.seckill.service.AsyncOrderConsumer   : order committed request=71952f51-3572-366f-9038-a3279be51008 order=133670
2026-09-29T14:50:17.148+08:00  INFO 4276 --- [seckill-system] [o-18090-exec-44] c.d.s.service.ProtectedSeckillService    : submission queued request=4ec5f6a6-5c24-35e7-ad1e-4ec7da05a1bc
2026-09-29T14:50:17.151+08:00  INFO 4276 --- [seckill-system] [o-18090-exec-76] c.d.s.service.ProtectedSeckillService    : submission queued request=6a73e012-f83c-3eb9-b57b-6a95d4933d2f
2026-09-29T14:50:17.155+08:00  INFO 4276 --- [seckill-system] [o-18090-exec-50] c.d.s.service.ProtectedSeckillService    : submission queued request=0cd79ec1-fa49-318d-a43e-5ddf9c89d83f
2026-09-29T14:50:17.157+08:00  INFO 4276 --- [seckill-system] [OrderListener-1] c.d.seckill.service.AsyncOrderConsumer   : order committed request=e83641f7-11a5-375f-b6c3-25251d326bda order=133672
2026-09-29T14:50:17.158+08:00  INFO 4276 --- [seckill-system] [OrderListener-2] c.d.seckill.service.AsyncOrderConsumer   : order committed request=be87a921-e770-3514-a2f0-e90cdada13dc order=133673
2026-09-29T14:50:17.160+08:00  INFO 4276 --- [seckill-system] [o-18090-exec-17] c.d.s.service.ProtectedSeckillService    : submission queued request=d2944380-2f94-3c85-8136-37156b3c8f50
2026-09-29T14:50:17.166+08:00  INFO 4276 --- [seckill-system] [o-18090-exec-39] c.d.s.service.ProtectedSeckillService    : submission queued request=0c943409-226e-30f2-b307-f0b8dd6ea941
2026-09-29T14:50:17.170+08:00  INFO 4276 --- [seckill-system] [o-18090-exec-85] c.d.s.service.ProtectedSeckillService    : submission queued request=7397adb4-6a96-3fef-82e9-04b9b79a4d00
2026-09-29T14:50:17.174+08:00  INFO 4276 --- [seckill-system] [OrderListener-1] c.d.seckill.service.AsyncOrderConsumer   : order committed request=186f62d5-d247-318f-b44b-507db39da3b2 order=133675
2026-09-29T14:50:17.174+08:00  INFO 4276 --- [seckill-system] [OrderListener-2] c.d.seckill.service.AsyncOrderConsumer   : order committed request=e542119d-c38f-3890-8412-cb5885325d98 order=133674
2026-09-29T14:50:17.176+08:00  INFO 4276 --- [seckill-system] [o-18090-exec-37] c.d.s.service.ProtectedSeckillService    : submission queued request=cd52d7cc-bc4c-37a0-9a8a-0a859fbd4c45
2026-09-29T14:50:17.181+08:00  INFO 4276 --- [seckill-system] [io-18090-exec-3] c.d.s.service.ProtectedSeckillService    : submission queued request=918f5f6c-7f43-34b9-b806-baf2e99734ff
2026-09-29T14:50:17.186+08:00  INFO 4276 --- [seckill-system] [o-18090-exec-69] c.d.s.service.ProtectedSeckillService    : submission queued request=7a39d939-8168-34cd-af0d-7527c9e5745a
2026-09-29T14:50:17.188+08:00  INFO 4276 --- [seckill-system] [OrderListener-1] c.d.seckill.service.AsyncOrderConsumer   : order committed request=89f14be4-69ab-3b65-9745-f81b36a6b56e order=133676
2026-09-29T14:50:17.188+08:00  INFO 4276 --- [seckill-system] [OrderListener-2] c.d.seckill.service.AsyncOrderConsumer   : order committed request=dca1e856-6d93-3ec1-a58b-88e0ee62229a order=133677
2026-09-29T14:50:17.189+08:00  INFO 4276 --- [seckill-system] [o-18090-exec-12] c.d.s.service.ProtectedSeckillService    : submission queued request=bf3f6a88-78b2-3f21-90f2-a3b69ca6adc2
2026-09-29T14:50:17.198+08:00  INFO 4276 --- [seckill-system] [o-18090-exec-50] c.d.s.service.ProtectedSeckillService    : submission queued request=8873e4b7-ea1f-36bb-91c3-8465d5332e39
2026-09-29T14:50:17.204+08:00  INFO 4276 --- [seckill-system] [o-18090-exec-29] c.d.s.service.ProtectedSeckillService    : submission queued request=9559744d-76ad-3aa7-b8ce-129034861f78
2026-09-29T14:50:17.207+08:00  INFO 4276 --- [seckill-system] [OrderListener-1] c.d.seckill.service.AsyncOrderConsumer   : order committed request=17220244-f6ef-39a5-9ccb-fb582e19de27 order=133678
2026-09-29T14:50:17.207+08:00  INFO 4276 --- [seckill-system] [OrderListener-2] c.d.seckill.service.AsyncOrderConsumer   : order committed request=85693c52-05d7-36e9-9933-11969bd914a9 order=133679
2026-09-29T14:50:17.211+08:00  INFO 4276 --- [seckill-system] [o-18090-exec-27] c.d.s.service.ProtectedSeckillService    : submission queued request=1ed70b87-0faf-382c-a560-5d73f4a9dffd
2026-09-29T14:50:17.212+08:00  INFO 4276 --- [seckill-system] [o-18090-exec-46] c.d.s.service.ProtectedSeckillService    : submission queued request=102d108d-d95b-3ef2-8bd2-f9111310071f
2026-09-29T14:50:17.222+08:00  INFO 4276 --- [seckill-system] [o-18090-exec-49] c.d.s.service.ProtectedSeckillService    : submission queued request=9355bf07-cd2f-3038-9a0b-1f75f7170400
2026-09-29T14:50:17.225+08:00  INFO 4276 --- [seckill-system] [o-18090-exec-11] c.d.s.service.ProtectedSeckillService    : submission queued request=00e8ab63-5f3b-3a02-90d9-b460505c6d03
2026-09-29T14:50:17.227+08:00  INFO 4276 --- [seckill-system] [o-18090-exec-42] c.d.s.service.ProtectedSeckillService    : submission queued request=34f0bff3-0d47-3378-9f4f-809a6ed9ae2d
2026-09-29T14:50:17.228+08:00  INFO 4276 --- [seckill-system] [OrderListener-1] c.d.seckill.service.AsyncOrderConsumer   : order committed request=ed122039-b25f-34ed-9f0b-2f614f04fc53 order=133681
2026-09-29T14:50:17.228+08:00  INFO 4276 --- [seckill-system] [OrderListener-2] c.d.seckill.service.AsyncOrderConsumer   : order committed request=93704c6c-6bef-3be5-b3b0-f98a34500bdb order=133680
2026-09-29T14:50:17.229+08:00  INFO 4276 --- [seckill-system] [o-18090-exec-24] c.d.s.service.ProtectedSeckillService    : submission queued request=227d2fdb-654c-3496-9ad1-478288ee0e73
2026-09-29T14:50:17.234+08:00  INFO 4276 --- [seckill-system] [o-18090-exec-84] c.d.s.service.ProtectedSeckillService    : submission queued request=f1e4c798-d561-3cbf-88fa-fd8fed34585d
2026-09-29T14:50:17.240+08:00  INFO 4276 --- [seckill-system] [o-18090-exec-94] c.d.s.service.ProtectedSeckillService    : submission queued request=2488a746-c1ad-3a31-9a43-bb83d5150c16
2026-09-29T14:50:17.242+08:00  INFO 4276 --- [seckill-system] [OrderListener-1] c.d.seckill.service.AsyncOrderConsumer   : order committed request=beb3ccad-2b18-3dca-9773-97b37605e00b order=133682
2026-09-29T14:50:17.244+08:00  INFO 4276 --- [seckill-system] [o-18090-exec-51] c.d.s.service.ProtectedSeckillService    : submission queued request=1f000144-416a-32dc-a124-603b6d5a4d62
2026-09-29T14:50:17.244+08:00  INFO 4276 --- [seckill-system] [OrderListener-2] c.d.seckill.service.AsyncOrderConsumer   : order committed request=812043ae-4a03-3498-80d7-b0e0e57df175 order=133683
2026-09-29T14:50:17.250+08:00  INFO 4276 --- [seckill-system] [io-18090-exec-6] c.d.s.service.ProtectedSeckillService    : submission queued request=ce4c2f79-360b-3c37-8a60-767102d6eb99
2026-09-29T14:50:17.255+08:00  INFO 4276 --- [seckill-system] [o-18090-exec-66] c.d.s.service.ProtectedSeckillService    : submission queued request=07ea222e-c7c6-3c3f-ac7c-04193e8b5949
2026-09-29T14:50:17.260+08:00  INFO 4276 --- [seckill-system] [OrderListener-1] c.d.seckill.service.AsyncOrderConsumer   : order committed request=f3f27486-9328-3b2c-a42d-dcadc5db4447 order=133684
2026-09-29T14:50:17.260+08:00  INFO 4276 --- [seckill-system] [o-18090-exec-70] c.d.s.service.ProtectedSeckillService    : submission queued request=a690b0bb-b496-3581-9dba-bf9aa6cd231a
2026-09-29T14:50:17.261+08:00  INFO 4276 --- [seckill-system] [OrderListener-2] c.d.seckill.service.AsyncOrderConsumer   : order committed request=930bb063-dcca-3d33-97ee-92be626ae5f8 order=133685
2026-09-29T14:50:17.265+08:00  INFO 4276 --- [seckill-system] [o-18090-exec-60] c.d.s.service.ProtectedSeckillService    : submission queued request=5b192836-15c2-3a7c-ab86-cbb325feeb81
2026-09-29T14:50:17.270+08:00  INFO 4276 --- [seckill-system] [o-18090-exec-69] c.d.s.service.ProtectedSeckillService    : submission queued request=be4d48a4-3f27-3453-9c58-5c565692380a
2026-09-29T14:50:17.275+08:00  INFO 4276 --- [seckill-system] [OrderListener-1] c.d.seckill.service.AsyncOrderConsumer   : order committed request=ab2ad777-9fe0-3c62-a251-897124b77dbc order=133687
2026-09-29T14:50:17.276+08:00  INFO 4276 --- [seckill-system] [o-18090-exec-91] c.d.s.service.ProtectedSeckillService    : submission queued request=bec54663-2b9a-35e7-9882-4121b996d8b0
2026-09-29T14:50:17.277+08:00  INFO 4276 --- [seckill-system] [OrderListener-2] c.d.seckill.service.AsyncOrderConsumer   : order committed request=a2805862-6fe1-38f0-aed2-4022c55a409f order=133686
2026-09-29T14:50:17.280+08:00  INFO 4276 --- [seckill-system] [o-18090-exec-89] c.d.s.service.ProtectedSeckillService    : submission queued request=2dd64945-7e02-3c29-b381-0890a9d3d423
2026-09-29T14:50:17.284+08:00  INFO 4276 --- [seckill-system] [o-18090-exec-53] c.d.s.service.ProtectedSeckillService    : submission queued request=1903c08f-197b-35b0-a044-1fd1dbf20953
2026-09-29T14:50:17.290+08:00  INFO 4276 --- [seckill-system] [o-18090-exec-97] c.d.s.service.ProtectedSeckillService    : submission queued request=a1fdaa29-6425-3c57-be2a-d49e2f000b26
2026-09-29T14:50:17.290+08:00  INFO 4276 --- [seckill-system] [OrderListener-1] c.d.seckill.service.AsyncOrderConsumer   : order committed request=8457413a-8924-3556-9993-d3de1c392f3e order=133688
2026-09-29T14:50:17.291+08:00  INFO 4276 --- [seckill-system] [OrderListener-2] c.d.seckill.service.AsyncOrderConsumer   : order committed request=f84f9d7d-f592-3520-bbcf-77c0cde0e300 order=133689
2026-09-29T14:50:17.295+08:00  INFO 4276 --- [seckill-system] [o-18090-exec-76] c.d.s.service.ProtectedSeckillService    : submission queued request=3b21e7d7-6d1e-3902-8807-78a7919ee6a6
2026-09-29T14:50:17.300+08:00  INFO 4276 --- [seckill-system] [o-18090-exec-87] c.d.s.service.ProtectedSeckillService    : submission queued request=b7027f50-f91b-3645-bf8c-8cc4cca3c358
2026-09-29T14:50:17.304+08:00  INFO 4276 --- [seckill-system] [OrderListener-2] c.d.seckill.service.AsyncOrderConsumer   : order committed request=8210a436-fc7d-3ea8-a5db-f3c8d3e6ced0 order=133691
2026-09-29T14:50:17.305+08:00  INFO 4276 --- [seckill-system] [OrderListener-1] c.d.seckill.service.AsyncOrderConsumer   : order committed request=a2a94769-6637-3eac-b88f-d8dd248bb45f order=133690
2026-09-29T14:50:17.305+08:00  INFO 4276 --- [seckill-system] [o-18090-exec-25] c.d.s.service.ProtectedSeckillService    : submission queued request=2681e9e0-23c5-37eb-babb-f6c1c5f61e28
2026-09-29T14:50:17.312+08:00  INFO 4276 --- [seckill-system] [o-18090-exec-96] c.d.s.service.ProtectedSeckillService    : submission queued request=61325a76-2642-31b2-92a7-2d1ac43a26cd
2026-09-29T14:50:17.315+08:00  INFO 4276 --- [seckill-system] [o-18090-exec-43] c.d.s.service.ProtectedSeckillService    : submission queued request=7bbe2d94-0031-3249-b5ef-d0afd8ad34cd
2026-09-29T14:50:17.320+08:00  INFO 4276 --- [seckill-system] [o-18090-exec-33] c.d.s.service.ProtectedSeckillService    : submission queued request=e0702a6b-5773-3960-a2bb-9938eeece555
2026-09-29T14:50:17.344+08:00  INFO 4276 --- [seckill-system] [OrderListener-2] c.d.seckill.service.AsyncOrderConsumer   : order committed request=4a49d1b2-79ba-3396-99a2-2c1105bc302a order=133693
2026-09-29T14:50:17.344+08:00  INFO 4276 --- [seckill-system] [OrderListener-1] c.d.seckill.service.AsyncOrderConsumer   : order committed request=fad172e0-1119-38fd-a929-05d9c06b78a8 order=133692
2026-09-29T14:50:17.357+08:00  INFO 4276 --- [seckill-system] [o-18090-exec-85] c.d.s.service.ProtectedSeckillService    : submission queued request=7b32a81d-780f-3e48-aa27-c1bdb368832d
2026-09-29T14:50:17.361+08:00  INFO 4276 --- [seckill-system] [o-18090-exec-92] c.d.s.service.ProtectedSeckillService    : submission queued request=0c0de98d-b35b-3852-9b4f-c1412ebab4c4
2026-09-29T14:50:17.362+08:00  INFO 4276 --- [seckill-system] [o-18090-exec-50] c.d.s.service.ProtectedSeckillService    : submission queued request=dbaef735-1a54-3ca4-a4be-17eff65ae079
2026-09-29T14:50:17.364+08:00  INFO 4276 --- [seckill-system] [o-18090-exec-86] c.d.s.service.ProtectedSeckillService    : submission queued request=27ad4073-8a39-3d0b-b369-9f957d27c28f
2026-09-29T14:50:17.365+08:00  INFO 4276 --- [seckill-system] [o-18090-exec-89] c.d.s.service.ProtectedSeckillService    : submission queued request=295c7380-3256-3875-83a8-c08be44bd30c
2026-09-29T14:50:17.365+08:00  INFO 4276 --- [seckill-system] [o-18090-exec-71] c.d.s.service.ProtectedSeckillService    : submission queued request=f159ca07-581a-3c59-af76-b8e281ed4bcc
2026-09-29T14:50:17.367+08:00  INFO 4276 --- [seckill-system] [OrderListener-2] c.d.seckill.service.AsyncOrderConsumer   : order committed request=67bc8904-a77e-34a5-aff1-0b5b051dbbd1 order=133694
2026-09-29T14:50:17.367+08:00  INFO 4276 --- [seckill-system] [o-18090-exec-38] c.d.s.service.ProtectedSeckillService    : submission queued request=7ea4aecc-b616-39b3-8a21-75661c86ac14
2026-09-29T14:50:17.367+08:00  INFO 4276 --- [seckill-system] [o-18090-exec-80] c.d.s.service.ProtectedSeckillService    : submission queued request=bfdedf56-4589-3e7c-8751-217690ce470b
2026-09-29T14:50:17.368+08:00  INFO 4276 --- [seckill-system] [OrderListener-1] c.d.seckill.service.AsyncOrderConsumer   : order committed request=3735bf04-9906-302d-b5de-321884510067 order=133695
2026-09-29T14:50:17.369+08:00  INFO 4276 --- [seckill-system] [o-18090-exec-98] c.d.s.service.ProtectedSeckillService    : submission queued request=afa7c92e-87ba-3dfa-9dc5-ba02a926c9dc
2026-09-29T14:50:17.372+08:00  INFO 4276 --- [seckill-system] [o-18090-exec-48] c.d.s.service.ProtectedSeckillService    : submission queued request=56960fcd-f712-3215-b50f-affb1fa939bb
2026-09-29T14:50:17.377+08:00  INFO 4276 --- [seckill-system] [o-18090-exec-49] c.d.s.service.ProtectedSeckillService    : submission queued request=04d4d3c1-6d9b-3b6a-9c42-3e06aee68a17
2026-09-29T14:50:17.382+08:00  INFO 4276 --- [seckill-system] [o-18090-exec-87] c.d.s.service.ProtectedSeckillService    : submission queued request=51c48625-8835-31c3-88a3-0b0a43afb4d1
2026-09-29T14:50:17.388+08:00  INFO 4276 --- [seckill-system] [OrderListener-2] c.d.seckill.service.AsyncOrderConsumer   : order committed request=aecd712b-aef9-3463-afc4-e19d9b4da98e order=133696
2026-09-29T14:50:17.389+08:00  INFO 4276 --- [seckill-system] [OrderListener-1] c.d.seckill.service.AsyncOrderConsumer   : order committed request=03118e1e-1f14-3d84-a315-d1ff3c1cec08 order=133697
2026-09-29T14:50:17.393+08:00  INFO 4276 --- [seckill-system] [o-18090-exec-36] c.d.s.service.ProtectedSeckillService    : submission queued request=8aa29999-4330-36bc-9ce1-8d6b13a3440d
2026-09-29T14:50:17.395+08:00  INFO 4276 --- [seckill-system] [o-18090-exec-34] c.d.s.service.ProtectedSeckillService    : submission queued request=7ab7fd56-4f8b-32fb-a245-7ceeeb96ce3e
2026-09-29T14:50:17.396+08:00  INFO 4276 --- [seckill-system] [o-18090-exec-12] c.d.s.service.ProtectedSeckillService    : submission queued request=0303ca3d-547a-3050-8f6f-5a6336cb64d3
2026-09-29T14:50:17.400+08:00  INFO 4276 --- [seckill-system] [o-18090-exec-60] c.d.s.service.ProtectedSeckillService    : submission queued request=ecd0d6fe-277c-3b87-a8fe-62940ee7bda8
2026-09-29T14:50:17.402+08:00  INFO 4276 --- [seckill-system] [OrderListener-2] c.d.seckill.service.AsyncOrderConsumer   : order committed request=ec5cb8b8-5d60-3411-af50-71baad88f716 order=133698
2026-09-29T14:50:17.403+08:00  INFO 4276 --- [seckill-system] [OrderListener-1] c.d.seckill.service.AsyncOrderConsumer   : order committed request=c6a14412-5824-3fe2-bd3f-6ba70820cd32 order=133699
2026-09-29T14:50:17.405+08:00  INFO 4276 --- [seckill-system] [o-18090-exec-82] c.d.s.service.ProtectedSeckillService    : submission queued request=ad25a79d-5a47-3db8-b6eb-6549ce1195a3
2026-09-29T14:50:17.411+08:00  INFO 4276 --- [seckill-system] [o-18090-exec-14] c.d.s.service.ProtectedSeckillService    : submission queued request=9671e878-1224-3620-adde-053336e56f7a
2026-09-29T14:50:17.415+08:00  INFO 4276 --- [seckill-system] [o-18090-exec-64] c.d.s.service.ProtectedSeckillService    : submission queued request=fb88f5a3-1a78-3b93-aa1f-f1a884bda06d
2026-09-29T14:50:17.417+08:00  INFO 4276 --- [seckill-system] [OrderListener-2] c.d.seckill.service.AsyncOrderConsumer   : order committed request=6ff2cb88-5462-3ba5-9c7e-fe60917ce3b1 order=133700
2026-09-29T14:50:17.418+08:00  INFO 4276 --- [seckill-system] [OrderListener-1] c.d.seckill.service.AsyncOrderConsumer   : order committed request=0c70e1ce-6f23-3bca-b73e-744abb33cee1 order=133701
2026-09-29T14:50:17.422+08:00  INFO 4276 --- [seckill-system] [o-18090-exec-26] c.d.s.service.ProtectedSeckillService    : submission queued request=50dd6a15-07f0-360b-bfb6-c590c42b4e3c
2026-09-29T14:50:17.424+08:00  INFO 4276 --- [seckill-system] [o-18090-exec-72] c.d.s.service.ProtectedSeckillService    : submission queued request=80d33917-f3e4-335f-b91d-64bf2a93d2f3
2026-09-29T14:50:17.432+08:00  INFO 4276 --- [seckill-system] [o-18090-exec-49] c.d.s.service.ProtectedSeckillService    : submission queued request=a08600b7-df3e-3a83-9b70-fae417b414fd
2026-09-29T14:50:17.433+08:00  INFO 4276 --- [seckill-system] [OrderListener-1] c.d.seckill.service.AsyncOrderConsumer   : order committed request=7dae1690-53f5-3cb5-aefe-2279e586a7dd order=133702
2026-09-29T14:50:17.435+08:00  INFO 4276 --- [seckill-system] [o-18090-exec-24] c.d.s.service.ProtectedSeckillService    : submission queued request=48a36884-28f2-3062-bdaa-071d5d4b3d74
2026-09-29T14:50:17.435+08:00  INFO 4276 --- [seckill-system] [OrderListener-2] c.d.seckill.service.AsyncOrderConsumer   : order committed request=3715f9cc-450b-3685-9f53-cf02a43ac39e order=133703
2026-09-29T14:50:17.441+08:00  INFO 4276 --- [seckill-system] [o-18090-exec-96] c.d.s.service.ProtectedSeckillService    : submission queued request=c0d3d1e7-e141-35d8-a6a7-ae2a19a360a7
2026-09-29T14:50:17.445+08:00  INFO 4276 --- [seckill-system] [o-18090-exec-90] c.d.s.service.ProtectedSeckillService    : submission queued request=736594d3-869c-3920-a2d4-bc7d181ddaf6
2026-09-29T14:50:17.449+08:00  INFO 4276 --- [seckill-system] [OrderListener-1] c.d.seckill.service.AsyncOrderConsumer   : order committed request=f27d2460-efee-30fa-892a-89f72fa345ca order=133704
2026-09-29T14:50:17.450+08:00  INFO 4276 --- [seckill-system] [OrderListener-2] c.d.seckill.service.AsyncOrderConsumer   : order committed request=090c8fe8-724b-3706-b0de-c3410e1274ed order=133705
2026-09-29T14:50:17.451+08:00  INFO 4276 --- [seckill-system] [o-18090-exec-82] c.d.s.service.ProtectedSeckillService    : submission queued request=f6df7558-10ec-3c2a-98df-efae130a7604
2026-09-29T14:50:17.456+08:00  INFO 4276 --- [seckill-system] [o-18090-exec-74] c.d.s.service.ProtectedSeckillService    : submission queued request=5f04aa03-ae3a-3638-b4f4-f1d3307e0904
2026-09-29T14:50:17.462+08:00  INFO 4276 --- [seckill-system] [o-18090-exec-27] c.d.s.service.ProtectedSeckillService    : submission queued request=1ed74848-2522-3755-9a1d-52035897a464
2026-09-29T14:50:17.466+08:00  INFO 4276 --- [seckill-system] [o-18090-exec-99] c.d.s.service.ProtectedSeckillService    : submission queued request=2d252850-b86b-36f5-94de-5090c0ef6fc9
2026-09-29T14:50:17.466+08:00  INFO 4276 --- [seckill-system] [OrderListener-1] c.d.seckill.service.AsyncOrderConsumer   : order committed request=b2c2462f-2c9c-3d16-b76a-833335ab2cb9 order=133707
2026-09-29T14:50:17.467+08:00  INFO 4276 --- [seckill-system] [OrderListener-2] c.d.seckill.service.AsyncOrderConsumer   : order committed request=ced216a7-41ae-325d-99c4-290391b80338 order=133706
2026-09-29T14:50:17.474+08:00  INFO 4276 --- [seckill-system] [o-18090-exec-32] c.d.s.service.ProtectedSeckillService    : submission queued request=036b333f-1bda-3eb6-b2de-8930c0bf1b65
2026-09-29T14:50:17.485+08:00  INFO 4276 --- [seckill-system] [o-18090-exec-78] c.d.s.service.ProtectedSeckillService    : submission queued request=688c5d7b-cc8b-3bef-b266-b45e1933119a
2026-09-29T14:50:17.488+08:00  INFO 4276 --- [seckill-system] [o-18090-exec-69] c.d.s.service.ProtectedSeckillService    : submission queued request=0a573cc1-cb08-3e75-915c-cb891ffa8114
2026-09-29T14:50:17.488+08:00  INFO 4276 --- [seckill-system] [o-18090-exec-83] c.d.s.service.ProtectedSeckillService    : submission queued request=dd11cb0c-1c9c-3108-b179-682d1ace3ace
2026-09-29T14:50:17.492+08:00  INFO 4276 --- [seckill-system] [-18090-exec-100] c.d.s.service.ProtectedSeckillService    : submission queued request=34387423-9249-3f1b-953d-8548c445b267
2026-09-29T14:50:17.496+08:00  INFO 4276 --- [seckill-system] [OrderListener-2] c.d.seckill.service.AsyncOrderConsumer   : order committed request=a9a2c638-aada-31a3-8dc9-ae1cd10136ff order=133708
2026-09-29T14:50:17.497+08:00  INFO 4276 --- [seckill-system] [OrderListener-1] c.d.seckill.service.AsyncOrderConsumer   : order committed request=ebe6501b-29fb-3770-98a5-349f669e1efd order=133709
2026-09-29T14:50:17.500+08:00  INFO 4276 --- [seckill-system] [o-18090-exec-93] c.d.s.service.ProtectedSeckillService    : submission queued request=f3a5e475-a516-3086-ba27-302de7852d3d
2026-09-29T14:50:17.501+08:00  INFO 4276 --- [seckill-system] [o-18090-exec-75] c.d.s.service.ProtectedSeckillService    : submission queued request=d33f26fd-c9f4-3252-9979-705bc6326f4b
2026-09-29T14:50:17.507+08:00  INFO 4276 --- [seckill-system] [o-18090-exec-98] c.d.s.service.ProtectedSeckillService    : submission queued request=f7667548-517a-34f0-9589-ec08e94650e7
2026-09-29T14:50:17.531+08:00  INFO 4276 --- [seckill-system] [o-18090-exec-57] c.d.s.service.ProtectedSeckillService    : submission queued request=62fabf93-4788-3533-96a7-0abc79628088
2026-09-29T14:50:17.544+08:00  INFO 4276 --- [seckill-system] [OrderListener-1] c.d.seckill.service.AsyncOrderConsumer   : order committed request=2c42fff8-248d-383f-92bc-ea48f1d8fce0 order=133711
2026-09-29T14:50:17.544+08:00  INFO 4276 --- [seckill-system] [OrderListener-2] c.d.seckill.service.AsyncOrderConsumer   : order committed request=b4d411b1-2eae-3926-9843-cc54b917837b order=133710
2026-09-29T14:50:17.557+08:00  INFO 4276 --- [seckill-system] [o-18090-exec-81] c.d.s.service.ProtectedSeckillService    : submission queued request=67107a77-0113-3f39-bf01-013e21ac6ca8
2026-09-29T14:50:17.557+08:00  INFO 4276 --- [seckill-system] [o-18090-exec-64] c.d.s.service.ProtectedSeckillService    : submission queued request=a4458fe7-4a0e-3eff-92b6-2b0eb2bff207
2026-09-29T14:50:17.560+08:00  INFO 4276 --- [seckill-system] [o-18090-exec-73] c.d.s.service.ProtectedSeckillService    : submission queued request=5bfca992-d7b0-338b-8ae6-b4880861611d
2026-09-29T14:50:17.560+08:00  INFO 4276 --- [seckill-system] [o-18090-exec-72] c.d.s.service.ProtectedSeckillService    : submission queued request=871f53ec-5077-3e3e-8893-42d1af7860a7
2026-09-29T14:50:17.561+08:00  INFO 4276 --- [seckill-system] [o-18090-exec-14] c.d.s.service.ProtectedSeckillService    : submission queued request=5d4bdb50-ab60-3845-a5db-4b40a4d308b0
2026-09-29T14:50:17.561+08:00  INFO 4276 --- [seckill-system] [o-18090-exec-31] c.d.s.service.ProtectedSeckillService    : submission queued request=0893bb77-b9de-379a-bf8b-34230885aa57
2026-09-29T14:50:17.562+08:00  INFO 4276 --- [seckill-system] [o-18090-exec-53] c.d.s.service.ProtectedSeckillService    : submission queued request=d33dc670-60bc-3062-92e4-b238bcb140cc
2026-09-29T14:50:17.563+08:00  INFO 4276 --- [seckill-system] [o-18090-exec-90] c.d.s.service.ProtectedSeckillService    : submission queued request=d9f74382-2921-33a0-a028-15950ee57535
2026-09-29T14:50:17.563+08:00  INFO 4276 --- [seckill-system] [o-18090-exec-58] c.d.s.service.ProtectedSeckillService    : submission queued request=e71a3153-3fbe-39d6-8519-d72e6fc8ed1b
2026-09-29T14:50:17.565+08:00  INFO 4276 --- [seckill-system] [o-18090-exec-96] c.d.s.service.ProtectedSeckillService    : submission queued request=9d493684-9db7-3be5-bc02-0d038454f459
2026-09-29T14:50:17.568+08:00  INFO 4276 --- [seckill-system] [OrderListener-2] c.d.seckill.service.AsyncOrderConsumer   : order committed request=8965eeb4-9c6d-3aa4-b4f2-8296166c51f0 order=133712
2026-09-29T14:50:17.568+08:00  INFO 4276 --- [seckill-system] [o-18090-exec-18] c.d.s.service.ProtectedSeckillService    : submission queued request=babe5275-58ea-3831-9d76-77892facfbf3
2026-09-29T14:50:17.568+08:00  INFO 4276 --- [seckill-system] [OrderListener-1] c.d.seckill.service.AsyncOrderConsumer   : order committed request=607d2287-3d5e-31d5-a2d4-cac5832551dc order=133713
2026-09-29T14:50:17.572+08:00  INFO 4276 --- [seckill-system] [o-18090-exec-71] c.d.s.service.ProtectedSeckillService    : submission queued request=53d7e00c-1809-3ba0-a83a-ad2be99684be
2026-09-29T14:50:17.577+08:00  INFO 4276 --- [seckill-system] [o-18090-exec-98] c.d.s.service.ProtectedSeckillService    : submission queued request=caf8849b-ac86-3538-bd94-8bef2b545797
2026-09-29T14:50:17.580+08:00  INFO 4276 --- [seckill-system] [o-18090-exec-85] c.d.s.service.ProtectedSeckillService    : submission queued request=f3f48157-8371-3bcf-a159-99eb8a36f8e8
2026-09-29T14:50:17.583+08:00  INFO 4276 --- [seckill-system] [OrderListener-1] c.d.seckill.service.AsyncOrderConsumer   : order committed request=bc9289bb-c3c2-3879-a726-3afa29b45591 order=133715
2026-09-29T14:50:17.584+08:00  INFO 4276 --- [seckill-system] [OrderListener-2] c.d.seckill.service.AsyncOrderConsumer   : order committed request=beb1daa1-0177-389d-967b-84458e36898f order=133714
2026-09-29T14:50:17.585+08:00  INFO 4276 --- [seckill-system] [o-18090-exec-78] c.d.s.service.ProtectedSeckillService    : submission queued request=b3a41890-7252-38b5-9d91-3586306e425d
2026-09-29T14:50:17.589+08:00  INFO 4276 --- [seckill-system] [io-18090-exec-6] c.d.s.service.ProtectedSeckillService    : submission queued request=72eae052-3345-31e6-82db-4eacf6a4649d
2026-09-29T14:50:17.596+08:00  INFO 4276 --- [seckill-system] [o-18090-exec-79] c.d.s.service.ProtectedSeckillService    : submission queued request=36811fde-85c9-3d3a-949a-9c039f19848e
2026-09-29T14:50:17.599+08:00  INFO 4276 --- [seckill-system] [OrderListener-1] c.d.seckill.service.AsyncOrderConsumer   : order committed request=d4d4548a-a6c6-35c0-88fa-832ddf739556 order=133717
2026-09-29T14:50:17.599+08:00  INFO 4276 --- [seckill-system] [OrderListener-2] c.d.seckill.service.AsyncOrderConsumer   : order committed request=605c083d-1ec6-3a98-9e14-131d8489b5b3 order=133716
2026-09-29T14:50:17.600+08:00  INFO 4276 --- [seckill-system] [o-18090-exec-73] c.d.s.service.ProtectedSeckillService    : submission queued request=a26301a2-5bb8-3fc3-a0c1-ab4327193ae9
2026-09-29T14:50:17.605+08:00  INFO 4276 --- [seckill-system] [o-18090-exec-40] c.d.s.service.ProtectedSeckillService    : submission queued request=f77a7899-0030-3be6-a1c3-46cc91c8671e
2026-09-29T14:50:17.612+08:00  INFO 4276 --- [seckill-system] [o-18090-exec-19] c.d.s.service.ProtectedSeckillService    : submission queued request=6942f0eb-8d40-3fcd-880d-0adeb474f8ad
2026-09-29T14:50:17.616+08:00  INFO 4276 --- [seckill-system] [OrderListener-2] c.d.seckill.service.AsyncOrderConsumer   : order committed request=014e6a49-540f-3260-a357-048f26004697 order=133718
2026-09-29T14:50:17.616+08:00  INFO 4276 --- [seckill-system] [OrderListener-1] c.d.seckill.service.AsyncOrderConsumer   : order committed request=038e9fec-3baa-31aa-b73f-e9177570aaa7 order=133719
2026-09-29T14:50:17.620+08:00  INFO 4276 --- [seckill-system] [o-18090-exec-21] c.d.s.service.ProtectedSeckillService    : submission queued request=7309eda0-bf23-3689-8d34-9eb4e83cb323
2026-09-29T14:50:17.621+08:00  INFO 4276 --- [seckill-system] [o-18090-exec-29] c.d.s.service.ProtectedSeckillService    : submission queued request=b0df414a-0de9-3c73-b7c9-9c7bbc994e57
2026-09-29T14:50:17.625+08:00  INFO 4276 --- [seckill-system] [o-18090-exec-78] c.d.s.service.ProtectedSeckillService    : submission queued request=6eeb3b78-b06b-3440-95c2-5c160dc3a708
2026-09-29T14:50:17.630+08:00  INFO 4276 --- [seckill-system] [OrderListener-1] c.d.seckill.service.AsyncOrderConsumer   : order committed request=06a9b053-d300-39f5-a2e3-49ed056256f8 order=133720
2026-09-29T14:50:17.632+08:00  INFO 4276 --- [seckill-system] [o-18090-exec-33] c.d.s.service.ProtectedSeckillService    : submission queued request=08a58eea-b05f-39ee-bc87-8712baa9cfeb
2026-09-29T14:50:17.632+08:00  INFO 4276 --- [seckill-system] [OrderListener-2] c.d.seckill.service.AsyncOrderConsumer   : order committed request=1de0a22b-bdcf-3e9d-a840-22d2c7b360f4 order=133721
2026-09-29T14:50:17.638+08:00  INFO 4276 --- [seckill-system] [o-18090-exec-31] c.d.s.service.ProtectedSeckillService    : submission queued request=bc2351fc-6eb0-392e-867c-27cb468a5fd0
2026-09-29T14:50:17.642+08:00  INFO 4276 --- [seckill-system] [o-18090-exec-70] c.d.s.service.ProtectedSeckillService    : submission queued request=6146a036-174a-3f1c-8889-de3793e96219
2026-09-29T14:50:17.646+08:00  INFO 4276 --- [seckill-system] [o-18090-exec-73] c.d.s.service.ProtectedSeckillService    : submission queued request=fbb2acbc-75da-3d0a-9919-9c8dad9b5412
2026-09-29T14:50:17.648+08:00  INFO 4276 --- [seckill-system] [OrderListener-1] c.d.seckill.service.AsyncOrderConsumer   : order committed request=70dcfa36-0b40-38a6-8f7e-67ccbe2285b2 order=133722
2026-09-29T14:50:17.648+08:00  INFO 4276 --- [seckill-system] [OrderListener-2] c.d.seckill.service.AsyncOrderConsumer   : order committed request=f352bcc0-e149-3eb0-9300-841f51f830e2 order=133723
2026-09-29T14:50:17.652+08:00  INFO 4276 --- [seckill-system] [o-18090-exec-69] c.d.s.service.ProtectedSeckillService    : submission queued request=b449af8e-6435-321f-8e29-faa5e7863196
2026-09-29T14:50:17.656+08:00  INFO 4276 --- [seckill-system] [o-18090-exec-44] c.d.s.service.ProtectedSeckillService    : submission queued request=26ddc4f7-f38e-3732-b57f-1997259aafe0
2026-09-29T14:50:17.660+08:00  INFO 4276 --- [seckill-system] [o-18090-exec-62] c.d.s.service.ProtectedSeckillService    : submission queued request=487400e7-3fae-398a-98de-282430b4cea7
2026-09-29T14:50:17.663+08:00  INFO 4276 --- [seckill-system] [OrderListener-1] c.d.seckill.service.AsyncOrderConsumer   : order committed request=5fd1b5d3-4790-32a6-9137-41d2be90c7a8 order=133724
2026-09-29T14:50:17.663+08:00  INFO 4276 --- [seckill-system] [OrderListener-2] c.d.seckill.service.AsyncOrderConsumer   : order committed request=7b87ec08-4bb3-301e-8621-26c9c5542846 order=133725
2026-09-29T14:50:17.666+08:00  INFO 4276 --- [seckill-system] [o-18090-exec-50] c.d.s.service.ProtectedSeckillService    : submission queued request=12ba8d4c-75a1-3a73-86f5-a534c3e1b6f8
2026-09-29T14:50:17.672+08:00  INFO 4276 --- [seckill-system] [o-18090-exec-17] c.d.s.service.ProtectedSeckillService    : submission queued request=888df1ca-9338-3f43-aa66-d37172e046de
2026-09-29T14:50:17.677+08:00  INFO 4276 --- [seckill-system] [o-18090-exec-12] c.d.s.service.ProtectedSeckillService    : submission queued request=c07626fb-430b-37c4-b241-bffc7a05e438
2026-09-29T14:50:17.680+08:00  INFO 4276 --- [seckill-system] [OrderListener-2] c.d.seckill.service.AsyncOrderConsumer   : order committed request=9a7c510f-60b5-32df-a46a-835cca3c83d4 order=133726
2026-09-29T14:50:17.680+08:00  INFO 4276 --- [seckill-system] [OrderListener-1] c.d.seckill.service.AsyncOrderConsumer   : order committed request=e323be15-e1eb-3698-ade0-bfd14c17e6e6 order=133727
2026-09-29T14:50:17.681+08:00  INFO 4276 --- [seckill-system] [o-18090-exec-49] c.d.s.service.ProtectedSeckillService    : submission queued request=cc0cc5a6-9afd-3af5-ae10-bcfa0819b0ad
2026-09-29T14:50:17.685+08:00  INFO 4276 --- [seckill-system] [o-18090-exec-74] c.d.s.service.ProtectedSeckillService    : submission queued request=4175a00b-9030-38a7-bacd-995134ea900e
2026-09-29T14:50:17.691+08:00  INFO 4276 --- [seckill-system] [o-18090-exec-20] c.d.s.service.ProtectedSeckillService    : submission queued request=fbc515f5-33f9-30c1-b567-5664b0022031
2026-09-29T14:50:17.696+08:00  INFO 4276 --- [seckill-system] [o-18090-exec-71] c.d.s.service.ProtectedSeckillService    : submission queued request=fa9493ef-8c97-38a7-b15d-ca1678086444
2026-09-29T14:50:17.698+08:00  INFO 4276 --- [seckill-system] [OrderListener-2] c.d.seckill.service.AsyncOrderConsumer   : order committed request=49d0d408-0c67-394d-9846-9c8689fdf7da order=133729
2026-09-29T14:50:17.700+08:00  INFO 4276 --- [seckill-system] [OrderListener-1] c.d.seckill.service.AsyncOrderConsumer   : order committed request=98e3e730-f022-38af-ac42-2e535699c829 order=133728
2026-09-29T14:50:17.703+08:00  INFO 4276 --- [seckill-system] [o-18090-exec-61] c.d.s.service.ProtectedSeckillService    : submission queued request=68d5bd77-8997-37b1-b5b5-dda67a6dc195
2026-09-29T14:50:17.706+08:00  INFO 4276 --- [seckill-system] [o-18090-exec-83] c.d.s.service.ProtectedSeckillService    : submission queued request=860687a5-6501-340b-8ba0-86a52d761c4b
2026-09-29T14:50:17.712+08:00  INFO 4276 --- [seckill-system] [o-18090-exec-92] c.d.s.service.ProtectedSeckillService    : submission queued request=e23a2df1-c89d-3f8f-8510-ea8bddb6b26f
2026-09-29T14:50:17.717+08:00  INFO 4276 --- [seckill-system] [OrderListener-2] c.d.seckill.service.AsyncOrderConsumer   : order committed request=3791b769-671c-39d2-ba51-8408542ad94e order=133730
2026-09-29T14:50:17.719+08:00  INFO 4276 --- [seckill-system] [OrderListener-1] c.d.seckill.service.AsyncOrderConsumer   : order committed request=f71610aa-3c5d-3463-a1e9-3f8139fcea70 order=133731
2026-09-29T14:50:17.725+08:00  INFO 4276 --- [seckill-system] [o-18090-exec-64] c.d.s.service.ProtectedSeckillService    : submission queued request=c66aaf07-39fc-33e5-9680-d8fe31fb0583
2026-09-29T14:50:17.728+08:00  INFO 4276 --- [seckill-system] [o-18090-exec-45] c.d.s.service.ProtectedSeckillService    : submission queued request=6245cff5-88f8-3b51-9f68-378c1d47aea9
2026-09-29T14:50:17.728+08:00  INFO 4276 --- [seckill-system] [o-18090-exec-12] c.d.s.service.ProtectedSeckillService    : submission queued request=ba757696-da88-3a63-a640-de77d81b44f0
2026-09-29T14:50:17.732+08:00  INFO 4276 --- [seckill-system] [o-18090-exec-57] c.d.s.service.ProtectedSeckillService    : submission queued request=9735f42e-1cb3-37b8-a274-62d09348b704
2026-09-29T14:50:17.734+08:00  INFO 4276 --- [seckill-system] [OrderListener-2] c.d.seckill.service.AsyncOrderConsumer   : order committed request=9688e161-b442-392f-afeb-2fab77af912c order=133732
2026-09-29T14:50:17.735+08:00  INFO 4276 --- [seckill-system] [OrderListener-1] c.d.seckill.service.AsyncOrderConsumer   : order committed request=39f26867-cb67-3789-b89e-e667e6d08b98 order=133733
2026-09-29T14:50:17.738+08:00  INFO 4276 --- [seckill-system] [io-18090-exec-8] c.d.s.service.ProtectedSeckillService    : submission queued request=fc0fb942-7195-3a59-b406-638105b2d51e
2026-09-29T14:50:17.741+08:00  INFO 4276 --- [seckill-system] [o-18090-exec-20] c.d.s.service.ProtectedSeckillService    : submission queued request=31c4dc9d-7ff8-32bf-b583-bef745b9c62f
2026-09-29T14:50:17.747+08:00  INFO 4276 --- [seckill-system] [o-18090-exec-19] c.d.s.service.ProtectedSeckillService    : submission queued request=789d5ef4-94f1-3df9-95f2-73256b26c0c3
2026-09-29T14:50:17.750+08:00  INFO 4276 --- [seckill-system] [io-18090-exec-2] c.d.s.service.ProtectedSeckillService    : submission queued request=1f446e7f-0144-3b8f-a33d-03ad04e8f015
2026-09-29T14:50:17.750+08:00  INFO 4276 --- [seckill-system] [OrderListener-2] c.d.seckill.service.AsyncOrderConsumer   : order committed request=25292fd4-310b-37d7-a212-9dc897c6b29f order=133735
2026-09-29T14:50:17.751+08:00  INFO 4276 --- [seckill-system] [OrderListener-1] c.d.seckill.service.AsyncOrderConsumer   : order committed request=40194c06-5950-3424-a419-6947ebc34bda order=133734
2026-09-29T14:50:17.756+08:00  INFO 4276 --- [seckill-system] [o-18090-exec-67] c.d.s.service.ProtectedSeckillService    : submission queued request=6e0af157-8725-33a9-81f5-74ceb5b2310c
2026-09-29T14:50:17.762+08:00  INFO 4276 --- [seckill-system] [o-18090-exec-36] c.d.s.service.ProtectedSeckillService    : submission queued request=90a97665-6596-3be5-9cfe-1b81076e7e2b
2026-09-29T14:50:17.774+08:00  INFO 4276 --- [seckill-system] [OrderListener-2] c.d.seckill.service.AsyncOrderConsumer   : order committed request=d89a99c4-91aa-3fa6-ba81-7bb138d58a3e order=133736
2026-09-29T14:50:17.774+08:00  INFO 4276 --- [seckill-system] [OrderListener-1] c.d.seckill.service.AsyncOrderConsumer   : order committed request=36f4fd39-753a-3a09-9d6a-defa6e1accda order=133737
2026-09-29T14:50:17.790+08:00  INFO 4276 --- [seckill-system] [o-18090-exec-53] c.d.s.service.ProtectedSeckillService    : submission queued request=71e3737a-af4d-3da1-9940-03a085996355
2026-09-29T14:50:17.792+08:00  INFO 4276 --- [seckill-system] [o-18090-exec-96] c.d.s.service.ProtectedSeckillService    : submission queued request=31ba150e-0b4f-3ae2-a403-e24b092e1505
2026-09-29T14:50:17.796+08:00  INFO 4276 --- [seckill-system] [o-18090-exec-39] c.d.s.service.ProtectedSeckillService    : submission queued request=0567db88-a30a-36c4-8c5e-a0f7b6d1c75e
2026-09-29T14:50:17.797+08:00  INFO 4276 --- [seckill-system] [o-18090-exec-66] c.d.s.service.ProtectedSeckillService    : submission queued request=1b354813-7495-3d50-a549-c69669d46176
2026-09-29T14:50:17.797+08:00  INFO 4276 --- [seckill-system] [o-18090-exec-56] c.d.s.service.ProtectedSeckillService    : submission queued request=c56b1e5a-cb33-3b0e-aa60-c3ef36332a31
2026-09-29T14:50:17.799+08:00  INFO 4276 --- [seckill-system] [OrderListener-2] c.d.seckill.service.AsyncOrderConsumer   : order committed request=152211e6-5a0d-32f5-8360-2b347cfd53e8 order=133739
2026-09-29T14:50:17.799+08:00  INFO 4276 --- [seckill-system] [o-18090-exec-65] c.d.s.service.ProtectedSeckillService    : submission queued request=09e46d7e-c7d0-3f86-baaa-6a2754675230
2026-09-29T14:50:17.799+08:00  INFO 4276 --- [seckill-system] [o-18090-exec-27] c.d.s.service.ProtectedSeckillService    : submission queued request=96a94680-9c49-326f-8a05-a7d5ff99df47
2026-09-29T14:50:17.800+08:00  INFO 4276 --- [seckill-system] [OrderListener-1] c.d.seckill.service.AsyncOrderConsumer   : order committed request=c793529a-b1d1-3383-8078-583a185d04c2 order=133738
2026-09-29T14:50:17.801+08:00  INFO 4276 --- [seckill-system] [o-18090-exec-19] c.d.s.service.ProtectedSeckillService    : submission queued request=f1e68578-e191-3c2f-adbc-800e38d0b32e
2026-09-29T14:50:17.808+08:00  INFO 4276 --- [seckill-system] [o-18090-exec-75] c.d.s.service.ProtectedSeckillService    : submission queued request=1d86fcff-82df-3719-9ef6-7c10b281f56b
2026-09-29T14:50:17.812+08:00  INFO 4276 --- [seckill-system] [o-18090-exec-63] c.d.s.service.ProtectedSeckillService    : submission queued request=3d51ea42-bd43-3280-ad85-4fdd4dfd8973
2026-09-29T14:50:17.816+08:00  INFO 4276 --- [seckill-system] [o-18090-exec-90] c.d.s.service.ProtectedSeckillService    : submission queued request=c347db74-d507-3348-9934-0eaa65e41877
2026-09-29T14:50:17.816+08:00  INFO 4276 --- [seckill-system] [OrderListener-1] c.d.seckill.service.AsyncOrderConsumer   : order committed request=d74654a5-8b66-36f4-8c9a-59d608d8e76a order=133741
2026-09-29T14:50:17.817+08:00  INFO 4276 --- [seckill-system] [OrderListener-2] c.d.seckill.service.AsyncOrderConsumer   : order committed request=354985ec-f0da-36ca-ae0c-2f8a737b9ce0 order=133740
2026-09-29T14:50:17.820+08:00  INFO 4276 --- [seckill-system] [o-18090-exec-12] c.d.s.service.ProtectedSeckillService    : submission queued request=6b226b75-1ff8-30f6-b2f7-e4274e444577
2026-09-29T14:50:17.826+08:00  INFO 4276 --- [seckill-system] [o-18090-exec-80] c.d.s.service.ProtectedSeckillService    : submission queued request=d4a27ba6-4244-3b76-b253-8b13bc398f47
2026-09-29T14:50:17.831+08:00  INFO 4276 --- [seckill-system] [o-18090-exec-25] c.d.s.service.ProtectedSeckillService    : submission queued request=413219c8-7fd4-3376-8ef4-35a4018d7e8d
2026-09-29T14:50:17.835+08:00  INFO 4276 --- [seckill-system] [OrderListener-1] c.d.seckill.service.AsyncOrderConsumer   : order committed request=9fbc146d-f59b-3979-b1c1-452815c86103 order=133743
2026-09-29T14:50:17.835+08:00  INFO 4276 --- [seckill-system] [OrderListener-2] c.d.seckill.service.AsyncOrderConsumer   : order committed request=5ac8ab68-6804-3be4-97e4-6016e4b488fa order=133742
2026-09-29T14:50:17.835+08:00  INFO 4276 --- [seckill-system] [o-18090-exec-46] c.d.s.service.ProtectedSeckillService    : submission queued request=78c23f10-ecf4-3fa5-a6d3-e6112b03f9c6
2026-09-29T14:50:17.840+08:00  INFO 4276 --- [seckill-system] [o-18090-exec-78] c.d.s.service.ProtectedSeckillService    : submission queued request=0d890a58-7498-3c10-a080-0f59e93b1b64
2026-09-29T14:50:17.846+08:00  INFO 4276 --- [seckill-system] [o-18090-exec-38] c.d.s.service.ProtectedSeckillService    : submission queued request=5f1452f1-b678-3917-8241-769f007dbede
2026-09-29T14:50:17.851+08:00  INFO 4276 --- [seckill-system] [o-18090-exec-18] c.d.s.service.ProtectedSeckillService    : submission queued request=bed35f19-8bfe-3a28-be4d-aed5d1b4dcbd
2026-09-29T14:50:17.852+08:00  INFO 4276 --- [seckill-system] [OrderListener-1] c.d.seckill.service.AsyncOrderConsumer   : order committed request=21d90c86-174e-3f5b-be8a-adde356cf55a order=133745
2026-09-29T14:50:17.853+08:00  INFO 4276 --- [seckill-system] [OrderListener-2] c.d.seckill.service.AsyncOrderConsumer   : order committed request=91f8f8a2-f883-37b7-8d43-5d374a7ae66c order=133744
2026-09-29T14:50:17.857+08:00  INFO 4276 --- [seckill-system] [o-18090-exec-34] c.d.s.service.ProtectedSeckillService    : submission queued request=effb1913-5507-3036-bbd8-1bdc0e1f901d
2026-09-29T14:50:17.861+08:00  INFO 4276 --- [seckill-system] [o-18090-exec-11] c.d.s.service.ProtectedSeckillService    : submission queued request=0b17c117-03d7-3c98-a072-2a69cf6e36dd
2026-09-29T14:50:17.870+08:00  INFO 4276 --- [seckill-system] [o-18090-exec-59] c.d.s.service.ProtectedSeckillService    : submission queued request=61b8c1e5-fc44-3fab-8e2c-e23ea1847527
2026-09-29T14:50:17.874+08:00  INFO 4276 --- [seckill-system] [OrderListener-1] c.d.seckill.service.AsyncOrderConsumer   : order committed request=a70e613e-f173-3f13-bec1-7e8bf5946c56 order=133747
2026-09-29T14:50:17.875+08:00  INFO 4276 --- [seckill-system] [o-18090-exec-41] c.d.s.service.ProtectedSeckillService    : submission queued request=3ff48392-9ac2-3c9d-b538-b5363d818962
2026-09-29T14:50:17.876+08:00  INFO 4276 --- [seckill-system] [OrderListener-2] c.d.seckill.service.AsyncOrderConsumer   : order committed request=13d709bc-376e-3afd-8882-d25935c1e240 order=133746
2026-09-29T14:50:17.877+08:00  INFO 4276 --- [seckill-system] [o-18090-exec-60] c.d.s.service.ProtectedSeckillService    : submission queued request=7f2eb69e-6f0d-3386-91f1-d6e299991908
2026-09-29T14:50:17.882+08:00  INFO 4276 --- [seckill-system] [o-18090-exec-25] c.d.s.service.ProtectedSeckillService    : submission queued request=ec5a8434-91db-3d3e-9abe-812660578331
2026-09-29T14:50:17.889+08:00  INFO 4276 --- [seckill-system] [o-18090-exec-22] c.d.s.service.ProtectedSeckillService    : submission queued request=dad4c31c-278c-37a1-ab95-df724a22ba82
2026-09-29T14:50:17.894+08:00  INFO 4276 --- [seckill-system] [OrderListener-1] c.d.seckill.service.AsyncOrderConsumer   : order committed request=22607161-3de5-3276-a3a9-0ae3891497da order=133748
2026-09-29T14:50:17.896+08:00  INFO 4276 --- [seckill-system] [OrderListener-2] c.d.seckill.service.AsyncOrderConsumer   : order committed request=2e536a12-0e83-385d-9d05-6a26179d0b30 order=133749
2026-09-29T14:50:17.896+08:00  INFO 4276 --- [seckill-system] [o-18090-exec-67] c.d.s.service.ProtectedSeckillService    : submission queued request=c5928647-c298-305c-82a5-9b04daf03a51
2026-09-29T14:50:17.898+08:00  INFO 4276 --- [seckill-system] [o-18090-exec-28] c.d.s.service.ProtectedSeckillService    : submission queued request=0d9b85ac-e568-38e2-a761-004c2254001f
2026-09-29T14:50:17.904+08:00  INFO 4276 --- [seckill-system] [o-18090-exec-72] c.d.s.service.ProtectedSeckillService    : submission queued request=d6719242-2637-3ef6-9b62-96d63896f64d
2026-09-29T14:50:17.907+08:00  INFO 4276 --- [seckill-system] [o-18090-exec-95] c.d.s.service.ProtectedSeckillService    : submission queued request=b46e6467-d761-3e53-911f-e63813536bf0
2026-09-29T14:50:17.911+08:00  INFO 4276 --- [seckill-system] [io-18090-exec-7] c.d.s.service.ProtectedSeckillService    : submission queued request=636e81e8-defb-3898-95c3-e10426415901
2026-09-29T14:50:17.911+08:00  INFO 4276 --- [seckill-system] [OrderListener-2] c.d.seckill.service.AsyncOrderConsumer   : order committed request=8c3a5bf6-f330-39d1-ad40-ea0c6cfa96cb order=133750
2026-09-29T14:50:17.912+08:00  INFO 4276 --- [seckill-system] [OrderListener-1] c.d.seckill.service.AsyncOrderConsumer   : order committed request=1b3dcabe-0fa5-3c1f-b8ab-1a565239ac11 order=133751
2026-09-29T14:50:17.915+08:00  INFO 4276 --- [seckill-system] [o-18090-exec-98] c.d.s.service.ProtectedSeckillService    : submission queued request=f12bd14c-1719-3836-92c8-898f5f14f7e7
2026-09-29T14:50:17.924+08:00  INFO 4276 --- [seckill-system] [o-18090-exec-61] c.d.s.service.ProtectedSeckillService    : submission queued request=7bf3e36d-43a0-3685-97ac-bf33ae1274bd
2026-09-29T14:50:17.929+08:00  INFO 4276 --- [seckill-system] [io-18090-exec-4] c.d.s.service.ProtectedSeckillService    : submission queued request=3dc130f3-8a01-306d-8d51-57458d565dac
2026-09-29T14:50:17.929+08:00  INFO 4276 --- [seckill-system] [OrderListener-1] c.d.seckill.service.AsyncOrderConsumer   : order committed request=1214bf8c-0c44-3877-9834-1ccd57c08513 order=133752
2026-09-29T14:50:17.930+08:00  INFO 4276 --- [seckill-system] [OrderListener-2] c.d.seckill.service.AsyncOrderConsumer   : order committed request=95087a04-1c21-32f6-9ecf-f1c9860fbba2 order=133753
2026-09-29T14:50:17.931+08:00  INFO 4276 --- [seckill-system] [o-18090-exec-27] c.d.s.service.ProtectedSeckillService    : submission queued request=fb740535-c29f-3526-8cee-6069062ab570
2026-09-29T14:50:17.936+08:00  INFO 4276 --- [seckill-system] [o-18090-exec-25] c.d.s.service.ProtectedSeckillService    : submission queued request=659ccc57-cffc-3ed5-a61c-3ff9f553d256
2026-09-29T14:50:17.942+08:00  INFO 4276 --- [seckill-system] [o-18090-exec-15] c.d.s.service.ProtectedSeckillService    : submission queued request=8988137d-744d-3656-b822-8a0649836eae
2026-09-29T14:50:17.948+08:00  INFO 4276 --- [seckill-system] [OrderListener-1] c.d.seckill.service.AsyncOrderConsumer   : order committed request=e5c18bfe-0162-3ebf-b173-4af8f61f4e4a order=133754
2026-09-29T14:50:17.951+08:00  INFO 4276 --- [seckill-system] [o-18090-exec-28] c.d.s.service.ProtectedSeckillService    : submission queued request=3bb97b7e-2509-3dfc-a7a2-9d9fb01fa775
2026-09-29T14:50:17.951+08:00  INFO 4276 --- [seckill-system] [OrderListener-2] c.d.seckill.service.AsyncOrderConsumer   : order committed request=4c54f2ef-b02f-3c4a-bc07-f9cdb51397b6 order=133755
2026-09-29T14:50:17.958+08:00  INFO 4276 --- [seckill-system] [o-18090-exec-34] c.d.s.service.ProtectedSeckillService    : submission queued request=4e014674-e394-3f5f-8e00-51c6c70007ad
2026-09-29T14:50:17.960+08:00  INFO 4276 --- [seckill-system] [o-18090-exec-70] c.d.s.service.ProtectedSeckillService    : submission queued request=3b0ec4cd-b2c2-3ccb-b87c-7d87350f70d6
2026-09-29T14:50:17.964+08:00  INFO 4276 --- [seckill-system] [o-18090-exec-20] c.d.s.service.ProtectedSeckillService    : submission queued request=4ebfcd5d-bb5e-35df-8e17-c5473f6efee2
2026-09-29T14:50:17.967+08:00  INFO 4276 --- [seckill-system] [o-18090-exec-66] c.d.s.service.ProtectedSeckillService    : submission queued request=2983a78b-f72e-3304-9711-d6cdf275fcf2
2026-09-29T14:50:17.967+08:00  INFO 4276 --- [seckill-system] [OrderListener-1] c.d.seckill.service.AsyncOrderConsumer   : order committed request=886ffa29-82f9-341f-97fb-1478df91654d order=133756
2026-09-29T14:50:17.968+08:00  INFO 4276 --- [seckill-system] [OrderListener-2] c.d.seckill.service.AsyncOrderConsumer   : order committed request=ed26eac9-a8e9-33f6-bafc-aabd2e2fe240 order=133757
2026-09-29T14:50:17.972+08:00  INFO 4276 --- [seckill-system] [o-18090-exec-79] c.d.s.service.ProtectedSeckillService    : submission queued request=b4898ebc-e0dd-3187-a365-3d69874da216
2026-09-29T14:50:17.976+08:00  INFO 4276 --- [seckill-system] [o-18090-exec-62] c.d.s.service.ProtectedSeckillService    : submission queued request=9149ad72-963a-3995-9123-ed910e90e64b
2026-09-29T14:50:17.982+08:00  INFO 4276 --- [seckill-system] [o-18090-exec-46] c.d.s.service.ProtectedSeckillService    : submission queued request=03162227-b65d-349b-80d3-ab53a615ca11
2026-09-29T14:50:17.985+08:00  INFO 4276 --- [seckill-system] [o-18090-exec-43] c.d.s.service.ProtectedSeckillService    : submission queued request=2a06048c-a15a-3f36-abc3-187e82726bd5
2026-09-29T14:50:17.996+08:00  INFO 4276 --- [seckill-system] [OrderListener-1] c.d.seckill.service.AsyncOrderConsumer   : order committed request=976ed9e9-d91c-3f25-bc5a-bf4467def3da order=133759
2026-09-29T14:50:17.996+08:00  INFO 4276 --- [seckill-system] [OrderListener-2] c.d.seckill.service.AsyncOrderConsumer   : order committed request=ac77d024-e98a-355b-98b4-ff4af703b1e8 order=133758
2026-09-29T14:50:18.009+08:00  INFO 4276 --- [seckill-system] [o-18090-exec-90] c.d.s.service.ProtectedSeckillService    : submission queued request=a3acdb89-8ee4-3908-a543-ea3a0f2a1f03
2026-09-29T14:50:18.011+08:00  INFO 4276 --- [seckill-system] [io-18090-exec-1] c.d.s.service.ProtectedSeckillService    : submission queued request=b5cd7e5f-bd04-3098-822c-b365d0a48e29
2026-09-29T14:50:18.011+08:00  INFO 4276 --- [seckill-system] [o-18090-exec-28] c.d.s.service.ProtectedSeckillService    : submission queued request=9dfcef27-8198-328e-b3ce-c09f1fa0842c
2026-09-29T14:50:18.013+08:00  INFO 4276 --- [seckill-system] [o-18090-exec-92] c.d.s.service.ProtectedSeckillService    : submission queued request=56c43911-d68e-3978-8f43-4bee30c71393
2026-09-29T14:50:18.013+08:00  INFO 4276 --- [seckill-system] [o-18090-exec-82] c.d.s.service.ProtectedSeckillService    : submission queued request=72019b36-4e56-3d29-9ac7-46f4fe1661db
2026-09-29T14:50:18.015+08:00  INFO 4276 --- [seckill-system] [OrderListener-1] c.d.seckill.service.AsyncOrderConsumer   : order committed request=0212787d-a9b8-3d29-a7de-0b68e7476961 order=133760
2026-09-29T14:50:18.016+08:00  INFO 4276 --- [seckill-system] [o-18090-exec-79] c.d.s.service.ProtectedSeckillService    : submission queued request=8b809cc7-8e9d-302d-a43d-d3f9bd80b36e
2026-09-29T14:50:18.017+08:00  INFO 4276 --- [seckill-system] [OrderListener-2] c.d.seckill.service.AsyncOrderConsumer   : order committed request=3a18e1fe-d10c-308c-b4ad-bd67d5bca0ca order=133761
2026-09-29T14:50:18.021+08:00  INFO 4276 --- [seckill-system] [o-18090-exec-69] c.d.s.service.ProtectedSeckillService    : submission queued request=e651e0af-8385-3d09-b982-4855a5b47f90
2026-09-29T14:50:18.025+08:00  INFO 4276 --- [seckill-system] [o-18090-exec-17] c.d.s.service.ProtectedSeckillService    : submission queued request=d4545afe-0d82-36a8-883a-16d4c3a1d879
2026-09-29T14:50:18.030+08:00  INFO 4276 --- [seckill-system] [OrderListener-1] c.d.seckill.service.AsyncOrderConsumer   : order committed request=0b5897f0-f9a3-31ea-90ec-6d786da6cd7d order=133762
2026-09-29T14:50:18.031+08:00  INFO 4276 --- [seckill-system] [-18090-exec-100] c.d.s.service.ProtectedSeckillService    : submission queued request=758c035a-fd0f-31d5-ac2c-3f86f2113ae5
2026-09-29T14:50:18.032+08:00  INFO 4276 --- [seckill-system] [OrderListener-2] c.d.seckill.service.AsyncOrderConsumer   : order committed request=1302bbc8-32eb-374d-9edf-71bea6458de0 order=133763
2026-09-29T14:50:18.034+08:00  INFO 4276 --- [seckill-system] [o-18090-exec-47] c.d.s.service.ProtectedSeckillService    : submission queued request=179ca9a4-2861-311b-97d1-d1589769f976
2026-09-29T14:50:18.043+08:00  INFO 4276 --- [seckill-system] [o-18090-exec-81] c.d.s.service.ProtectedSeckillService    : submission queued request=dd08dbe3-c0b3-3b44-bf5a-89922e9fffae
2026-09-29T14:50:18.046+08:00  INFO 4276 --- [seckill-system] [o-18090-exec-65] c.d.s.service.ProtectedSeckillService    : submission queued request=ccb2b7df-95d1-3268-a308-e62f6f5368e1
2026-09-29T14:50:18.047+08:00  INFO 4276 --- [seckill-system] [OrderListener-1] c.d.seckill.service.AsyncOrderConsumer   : order committed request=ccc7baba-254e-3aae-b3db-a2f6f8241a3d order=133765
2026-09-29T14:50:18.047+08:00  INFO 4276 --- [seckill-system] [OrderListener-2] c.d.seckill.service.AsyncOrderConsumer   : order committed request=3d702a74-8d24-33e5-a95b-42e9211087e4 order=133764
2026-09-29T14:50:18.051+08:00  INFO 4276 --- [seckill-system] [io-18090-exec-6] c.d.s.service.ProtectedSeckillService    : submission queued request=d9d80e80-45a2-3303-b463-902be5298c73
2026-09-29T14:50:18.057+08:00  INFO 4276 --- [seckill-system] [o-18090-exec-67] c.d.s.service.ProtectedSeckillService    : submission queued request=3e8ed7e3-7c5d-3500-8bbf-63a1b538ce26
2026-09-29T14:50:18.069+08:00  INFO 4276 --- [seckill-system] [o-18090-exec-92] c.d.s.service.ProtectedSeckillService    : submission queued request=b4782b5c-8b67-33c9-97e9-10adaba27d05
2026-09-29T14:50:18.070+08:00  INFO 4276 --- [seckill-system] [OrderListener-1] c.d.seckill.service.AsyncOrderConsumer   : order committed request=18100ea7-a9a5-395f-8f45-f8f97732acdb order=133767
2026-09-29T14:50:18.071+08:00  INFO 4276 --- [seckill-system] [OrderListener-2] c.d.seckill.service.AsyncOrderConsumer   : order committed request=67e82941-59ed-36c5-9f77-5a0c8e4f8ef7 order=133766
2026-09-29T14:50:18.076+08:00  INFO 4276 --- [seckill-system] [o-18090-exec-69] c.d.s.service.ProtectedSeckillService    : submission queued request=a42e4dba-c85d-3d79-a514-7d6a9a49c43f
2026-09-29T14:50:18.077+08:00  INFO 4276 --- [seckill-system] [o-18090-exec-91] c.d.s.service.ProtectedSeckillService    : submission queued request=82bb6ea1-b54f-370b-8b59-5b9c4ce0317f
2026-09-29T14:50:18.077+08:00  INFO 4276 --- [seckill-system] [o-18090-exec-97] c.d.s.service.ProtectedSeckillService    : submission queued request=3dd09164-2706-3b73-8217-d4ca1f7aecb9
2026-09-29T14:50:18.089+08:00  INFO 4276 --- [seckill-system] [io-18090-exec-5] c.d.s.service.ProtectedSeckillService    : submission queued request=b7caee5b-f486-3077-bf83-c1c27ee1387f
2026-09-29T14:50:18.093+08:00  INFO 4276 --- [seckill-system] [o-18090-exec-16] c.d.s.service.ProtectedSeckillService    : submission queued request=8decc72b-efc4-39a7-8cf0-5336b5a72201
2026-09-29T14:50:18.094+08:00  INFO 4276 --- [seckill-system] [o-18090-exec-68] c.d.s.service.ProtectedSeckillService    : submission queued request=5e0f0088-13de-3907-ba9f-bdb00821794a
2026-09-29T14:50:18.096+08:00  INFO 4276 --- [seckill-system] [o-18090-exec-74] c.d.s.service.ProtectedSeckillService    : submission queued request=df4efbca-e9bc-38f9-8c44-173af91c9a6a
2026-09-29T14:50:18.100+08:00  INFO 4276 --- [seckill-system] [o-18090-exec-46] c.d.s.service.ProtectedSeckillService    : submission queued request=c8aa1501-3a71-3567-ab5a-ad50cff44d5d
2026-09-29T14:50:18.100+08:00  INFO 4276 --- [seckill-system] [OrderListener-1] c.d.seckill.service.AsyncOrderConsumer   : order committed request=64efd0fa-10ef-358e-ac83-550b59489281 order=133768
2026-09-29T14:50:18.101+08:00  INFO 4276 --- [seckill-system] [OrderListener-2] c.d.seckill.service.AsyncOrderConsumer   : order committed request=edd77ba2-ce09-3d40-9d44-72d2ee8a9f89 order=133769
2026-09-29T14:50:18.105+08:00  INFO 4276 --- [seckill-system] [o-18090-exec-12] c.d.s.service.ProtectedSeckillService    : submission queued request=79b1f71d-2896-36db-a695-9a576350291b
2026-09-29T14:50:18.111+08:00  INFO 4276 --- [seckill-system] [o-18090-exec-55] c.d.s.service.ProtectedSeckillService    : submission queued request=0c94c09b-d39f-3487-9358-415a62f6e714
2026-09-29T14:50:18.117+08:00  INFO 4276 --- [seckill-system] [o-18090-exec-90] c.d.s.service.ProtectedSeckillService    : submission queued request=ff9fadef-aa08-3f65-99a0-53ae906800a5
2026-09-29T14:50:18.117+08:00  INFO 4276 --- [seckill-system] [OrderListener-2] c.d.seckill.service.AsyncOrderConsumer   : order committed request=928cd372-b834-321f-b2f7-eb866c10f179 order=133771
2026-09-29T14:50:18.118+08:00  INFO 4276 --- [seckill-system] [OrderListener-1] c.d.seckill.service.AsyncOrderConsumer   : order committed request=230c4d98-678d-37a1-ba33-7e14037089bd order=133770
2026-09-29T14:50:18.121+08:00  INFO 4276 --- [seckill-system] [o-18090-exec-85] c.d.s.service.ProtectedSeckillService    : submission queued request=b0ad6852-0ba8-300e-bbf7-ef9c329679e4
2026-09-29T14:50:18.125+08:00  INFO 4276 --- [seckill-system] [o-18090-exec-99] c.d.s.service.ProtectedSeckillService    : submission queued request=73ed5689-c846-3178-9b49-712f492338a2
2026-09-29T14:50:18.130+08:00  INFO 4276 --- [seckill-system] [o-18090-exec-62] c.d.s.service.ProtectedSeckillService    : submission queued request=2a038769-46b7-35b7-89f7-e26b73b209d6
2026-09-29T14:50:18.133+08:00  INFO 4276 --- [seckill-system] [OrderListener-2] c.d.seckill.service.AsyncOrderConsumer   : order committed request=1123cd35-187b-35d9-9fe9-8d470479d7b1 order=133772
2026-09-29T14:50:18.133+08:00  INFO 4276 --- [seckill-system] [OrderListener-1] c.d.seckill.service.AsyncOrderConsumer   : order committed request=c1f23ebc-d2aa-3761-ba44-603274a2a67c order=133773
2026-09-29T14:50:18.136+08:00  INFO 4276 --- [seckill-system] [o-18090-exec-60] c.d.s.service.ProtectedSeckillService    : submission queued request=4c7e669d-9766-3279-9007-4bb5db27cbc6
2026-09-29T14:50:18.141+08:00  INFO 4276 --- [seckill-system] [o-18090-exec-76] c.d.s.service.ProtectedSeckillService    : submission queued request=bd21faf0-427d-3383-8f4f-879553e26b86
2026-09-29T14:50:18.149+08:00  INFO 4276 --- [seckill-system] [o-18090-exec-43] c.d.s.service.ProtectedSeckillService    : submission queued request=a5f55663-82f1-3926-994f-fe13c15568d5
2026-09-29T14:50:18.150+08:00  INFO 4276 --- [seckill-system] [OrderListener-1] c.d.seckill.service.AsyncOrderConsumer   : order committed request=6e78c832-4a4f-3b19-95b9-e2ffa84442ec order=133774
2026-09-29T14:50:18.150+08:00  INFO 4276 --- [seckill-system] [OrderListener-2] c.d.seckill.service.AsyncOrderConsumer   : order committed request=5bfe906b-250e-3e8e-930f-d6a116ef110c order=133775
2026-09-29T14:50:18.151+08:00  INFO 4276 --- [seckill-system] [o-18090-exec-12] c.d.s.service.ProtectedSeckillService    : submission queued request=237eafbe-e8d4-3193-9a75-63fc5b494417
2026-09-29T14:50:18.154+08:00  INFO 4276 --- [seckill-system] [o-18090-exec-52] c.d.s.service.ProtectedSeckillService    : submission queued request=f6650ad9-6a0e-37c4-8e26-5ef988b8b757
2026-09-29T14:50:18.173+08:00  INFO 4276 --- [seckill-system] [OrderListener-1] c.d.seckill.service.AsyncOrderConsumer   : order committed request=03773f17-b6a6-34ee-acb5-b397d4e0a230 order=133777
2026-09-29T14:50:18.173+08:00  INFO 4276 --- [seckill-system] [o-18090-exec-75] c.d.s.service.ProtectedSeckillService    : submission queued request=677ffc50-973a-34a4-a84d-7a0458843eff
2026-09-29T14:50:18.173+08:00  INFO 4276 --- [seckill-system] [OrderListener-2] c.d.seckill.service.AsyncOrderConsumer   : order committed request=1aea60bc-6c05-3ed6-a567-36542c7289b2 order=133776
2026-09-29T14:50:18.181+08:00  INFO 4276 --- [seckill-system] [o-18090-exec-82] c.d.s.service.ProtectedSeckillService    : submission queued request=ae5a72bf-02a0-3179-86cb-64bfdcd02254
2026-09-29T14:50:18.183+08:00  INFO 4276 --- [seckill-system] [o-18090-exec-66] c.d.s.service.ProtectedSeckillService    : submission queued request=9f96e1a7-5c64-3487-9af8-ebc56e670d07
2026-09-29T14:50:18.184+08:00  INFO 4276 --- [seckill-system] [o-18090-exec-44] c.d.s.service.ProtectedSeckillService    : submission queued request=e1c00f83-f7f8-3399-9f35-10bf185b0c5c
2026-09-29T14:50:18.185+08:00  INFO 4276 --- [seckill-system] [o-18090-exec-72] c.d.s.service.ProtectedSeckillService    : submission queued request=16e4c7f3-1e71-3ad7-81bc-14ed10bd7785
2026-09-29T14:50:18.185+08:00  INFO 4276 --- [seckill-system] [o-18090-exec-46] c.d.s.service.ProtectedSeckillService    : submission queued request=7b6ccfc4-486e-36b8-b36d-7fc799b2d4e5
2026-09-29T14:50:18.191+08:00  INFO 4276 --- [seckill-system] [OrderListener-1] c.d.seckill.service.AsyncOrderConsumer   : order committed request=9a1ba543-876d-3736-9d9c-35db81cd82bd order=133778
2026-09-29T14:50:18.191+08:00  INFO 4276 --- [seckill-system] [o-18090-exec-74] c.d.s.service.ProtectedSeckillService    : submission queued request=78e30080-b9ad-37e8-a9b1-7606a03d3fbb
2026-09-29T14:50:18.192+08:00  INFO 4276 --- [seckill-system] [OrderListener-2] c.d.seckill.service.AsyncOrderConsumer   : order committed request=b55cf37e-19a0-3f61-8721-1f3a2537ac7f order=133779
2026-09-29T14:50:18.197+08:00  INFO 4276 --- [seckill-system] [o-18090-exec-39] c.d.s.service.ProtectedSeckillService    : submission queued request=98a32d4c-9ee8-376a-b8c8-484af7896031
2026-09-29T14:50:18.201+08:00  INFO 4276 --- [seckill-system] [o-18090-exec-31] c.d.s.service.ProtectedSeckillService    : submission queued request=6c6b8d32-d87c-36d3-b939-f902b11c07d7
2026-09-29T14:50:18.204+08:00  INFO 4276 --- [seckill-system] [o-18090-exec-88] c.d.s.service.ProtectedSeckillService    : submission queued request=27bd0850-d17c-3ce0-939f-f25bc509a9b1
2026-09-29T14:50:18.208+08:00  INFO 4276 --- [seckill-system] [OrderListener-1] c.d.seckill.service.AsyncOrderConsumer   : order committed request=e1c1e611-9e2d-3818-9d64-5509abc869fe order=133781
2026-09-29T14:50:18.208+08:00  INFO 4276 --- [seckill-system] [OrderListener-2] c.d.seckill.service.AsyncOrderConsumer   : order committed request=45906147-e899-36f5-954c-89ee1cc0c9bf order=133780
2026-09-29T14:50:18.214+08:00  INFO 4276 --- [seckill-system] [o-18090-exec-85] c.d.s.service.ProtectedSeckillService    : submission queued request=457c0aed-f29f-36f8-a0e1-cd574fe921bb
2026-09-29T14:50:18.218+08:00  INFO 4276 --- [seckill-system] [o-18090-exec-59] c.d.s.service.ProtectedSeckillService    : submission queued request=c76c9a03-3aa3-3ad8-ba86-252d8643997f
2026-09-29T14:50:18.223+08:00  INFO 4276 --- [seckill-system] [o-18090-exec-34] c.d.s.service.ProtectedSeckillService    : submission queued request=7aa9f37a-c82b-3b1a-8961-b1e9b5345d15
2026-09-29T14:50:18.227+08:00  INFO 4276 --- [seckill-system] [OrderListener-1] c.d.seckill.service.AsyncOrderConsumer   : order committed request=42b615d4-8b84-3607-b150-2f20c5044b42 order=133783
2026-09-29T14:50:18.227+08:00  INFO 4276 --- [seckill-system] [io-18090-exec-7] c.d.s.service.ProtectedSeckillService    : submission queued request=ad5c8a37-080c-3689-bfd8-24c3d478d4ff
2026-09-29T14:50:18.228+08:00  INFO 4276 --- [seckill-system] [OrderListener-2] c.d.seckill.service.AsyncOrderConsumer   : order committed request=eb9f3cc0-543e-3adb-a8e5-988227336d84 order=133782
2026-09-29T14:50:18.231+08:00  INFO 4276 --- [seckill-system] [-18090-exec-100] c.d.s.service.ProtectedSeckillService    : submission queued request=05114aa7-e20f-37a9-9b8c-214abc57da96
2026-09-29T14:50:18.238+08:00  INFO 4276 --- [seckill-system] [o-18090-exec-97] c.d.s.service.ProtectedSeckillService    : submission queued request=fe9a7c63-2fba-3c3b-bfd7-f1c2512e3415
2026-09-29T14:50:18.240+08:00  INFO 4276 --- [seckill-system] [o-18090-exec-27] c.d.s.service.ProtectedSeckillService    : submission queued request=ddb27733-b794-3026-af4b-1e014e7010dd
2026-09-29T14:50:18.242+08:00  INFO 4276 --- [seckill-system] [OrderListener-1] c.d.seckill.service.AsyncOrderConsumer   : order committed request=9f10f603-cbc0-3071-b850-009009b7577f order=133784
2026-09-29T14:50:18.244+08:00  INFO 4276 --- [seckill-system] [OrderListener-2] c.d.seckill.service.AsyncOrderConsumer   : order committed request=6aef6521-adda-34fe-a27e-97f88c7a7ae7 order=133785
2026-09-29T14:50:18.246+08:00  INFO 4276 --- [seckill-system] [o-18090-exec-64] c.d.s.service.ProtectedSeckillService    : submission queued request=343532a5-102d-376f-ad7c-1d1ec99db9dc
2026-09-29T14:50:18.250+08:00  INFO 4276 --- [seckill-system] [o-18090-exec-78] c.d.s.service.ProtectedSeckillService    : submission queued request=e26d894b-fcf1-3533-a618-9f3c3203ee2e
2026-09-29T14:50:18.256+08:00  INFO 4276 --- [seckill-system] [o-18090-exec-70] c.d.s.service.ProtectedSeckillService    : submission queued request=b614e048-09c5-3e47-894f-231dbf1585b8
2026-09-29T14:50:18.258+08:00  INFO 4276 --- [seckill-system] [OrderListener-1] c.d.seckill.service.AsyncOrderConsumer   : order committed request=3e198d23-fbab-3605-896d-ad36ffe61b1f order=133786
2026-09-29T14:50:18.260+08:00  INFO 4276 --- [seckill-system] [OrderListener-2] c.d.seckill.service.AsyncOrderConsumer   : order committed request=aa223b43-1e83-39e5-82ce-ac1b40fd3ee2 order=133787
2026-09-29T14:50:18.260+08:00  INFO 4276 --- [seckill-system] [o-18090-exec-82] c.d.s.service.ProtectedSeckillService    : submission queued request=109de199-4620-334d-aa02-717ec87c2580
2026-09-29T14:50:18.265+08:00  INFO 4276 --- [seckill-system] [o-18090-exec-34] c.d.s.service.ProtectedSeckillService    : submission queued request=8d3aa1da-f83f-3918-a9fc-35e707079313
2026-09-29T14:50:18.271+08:00  INFO 4276 --- [seckill-system] [o-18090-exec-80] c.d.s.service.ProtectedSeckillService    : submission queued request=4dac583d-e4f0-3bf4-ac46-22a969876270
2026-09-29T14:50:18.274+08:00  INFO 4276 --- [seckill-system] [OrderListener-1] c.d.seckill.service.AsyncOrderConsumer   : order committed request=c802bc3a-e2c8-3380-a204-680a43afd1c4 order=133789
2026-09-29T14:50:18.275+08:00  INFO 4276 --- [seckill-system] [o-18090-exec-38] c.d.s.service.ProtectedSeckillService    : submission queued request=f321db67-c57a-38b7-8dd6-ff28ea4c693a
2026-09-29T14:50:18.275+08:00  INFO 4276 --- [seckill-system] [OrderListener-2] c.d.seckill.service.AsyncOrderConsumer   : order committed request=c112ae89-1e47-3c18-ad35-c667373e3dfc order=133788
2026-09-29T14:50:18.280+08:00  INFO 4276 --- [seckill-system] [o-18090-exec-90] c.d.s.service.ProtectedSeckillService    : submission queued request=b07b798e-b831-303f-88ca-8c523a84f1ae
2026-09-29T14:50:18.286+08:00  INFO 4276 --- [seckill-system] [o-18090-exec-13] c.d.s.service.ProtectedSeckillService    : submission queued request=f933cf29-1244-31fe-8bbd-3b04e3dd577b
2026-09-29T14:50:18.289+08:00  INFO 4276 --- [seckill-system] [OrderListener-1] c.d.seckill.service.AsyncOrderConsumer   : order committed request=0de1653a-ee68-3182-9715-496c0d8b9076 order=133790
2026-09-29T14:50:18.289+08:00  INFO 4276 --- [seckill-system] [OrderListener-2] c.d.seckill.service.AsyncOrderConsumer   : order committed request=7fdd2f08-cf3c-3a65-a5c0-ba0ac9bb8b0a order=133791
2026-09-29T14:50:18.291+08:00  INFO 4276 --- [seckill-system] [o-18090-exec-98] c.d.s.service.ProtectedSeckillService    : submission queued request=670152e6-1422-316c-9a8d-9aedede419da
2026-09-29T14:50:18.295+08:00  INFO 4276 --- [seckill-system] [o-18090-exec-44] c.d.s.service.ProtectedSeckillService    : submission queued request=69db9790-fab8-33ec-883b-8df9cc1b8e06
2026-09-29T14:50:18.300+08:00  INFO 4276 --- [seckill-system] [o-18090-exec-61] c.d.s.service.ProtectedSeckillService    : submission queued request=d7993a64-e0a5-3f70-a43d-4c9a1a27d58c
2026-09-29T14:50:18.305+08:00  INFO 4276 --- [seckill-system] [OrderListener-1] c.d.seckill.service.AsyncOrderConsumer   : order committed request=c6cd074c-ba20-3921-bb08-af311cedb54f order=133792
2026-09-29T14:50:18.306+08:00  INFO 4276 --- [seckill-system] [OrderListener-2] c.d.seckill.service.AsyncOrderConsumer   : order committed request=c469048b-d58d-3afb-96d2-b177d4f484db order=133793
2026-09-29T14:50:18.309+08:00  INFO 4276 --- [seckill-system] [io-18090-exec-7] c.d.s.service.ProtectedSeckillService    : submission queued request=0e5ddf41-69cd-3342-8c0e-800bbc59af1d
2026-09-29T14:50:18.312+08:00  INFO 4276 --- [seckill-system] [o-18090-exec-42] c.d.s.service.ProtectedSeckillService    : submission queued request=fea539ea-25bb-3b17-8eb2-3b27132bcde6
2026-09-29T14:50:18.316+08:00  INFO 4276 --- [seckill-system] [o-18090-exec-54] c.d.s.service.ProtectedSeckillService    : submission queued request=2bf8c064-7be7-370b-8114-05d67827f6e6
2026-09-29T14:50:18.321+08:00  INFO 4276 --- [seckill-system] [o-18090-exec-84] c.d.s.service.ProtectedSeckillService    : submission queued request=fe7e62fe-c915-3585-b008-41e00c7df5c8
2026-09-29T14:50:18.322+08:00  INFO 4276 --- [seckill-system] [OrderListener-1] c.d.seckill.service.AsyncOrderConsumer   : order committed request=5af6eecc-87e8-3ac2-9892-ba504947070a order=133794
2026-09-29T14:50:18.322+08:00  INFO 4276 --- [seckill-system] [OrderListener-2] c.d.seckill.service.AsyncOrderConsumer   : order committed request=e8a8d624-818f-35d9-bccc-6d0fe9993bc0 order=133795
2026-09-29T14:50:18.324+08:00  INFO 4276 --- [seckill-system] [o-18090-exec-23] c.d.s.service.ProtectedSeckillService    : submission queued request=ae475bb9-1e2a-3331-be8f-0aee8a54b06e
2026-09-29T14:50:18.331+08:00  INFO 4276 --- [seckill-system] [o-18090-exec-40] c.d.s.service.ProtectedSeckillService    : submission queued request=ad3aadd2-0362-3ea5-9ef2-1968d16d396c
2026-09-29T14:50:18.334+08:00  INFO 4276 --- [seckill-system] [o-18090-exec-98] c.d.s.service.ProtectedSeckillService    : submission queued request=aecc7d8e-dd0d-3e63-bb97-2e7b65dedbf1
2026-09-29T14:50:18.337+08:00  INFO 4276 --- [seckill-system] [OrderListener-1] c.d.seckill.service.AsyncOrderConsumer   : order committed request=13618218-7bc0-3d79-a45e-666e50f884b1 order=133796
2026-09-29T14:50:18.338+08:00  INFO 4276 --- [seckill-system] [OrderListener-2] c.d.seckill.service.AsyncOrderConsumer   : order committed request=8620279c-747e-3c10-af86-a219e8d50100 order=133797
2026-09-29T14:50:18.342+08:00  INFO 4276 --- [seckill-system] [-18090-exec-100] c.d.s.service.ProtectedSeckillService    : submission queued request=49eee6a2-7cd0-3cd9-906a-c9b40548e716
2026-09-29T14:50:18.344+08:00  INFO 4276 --- [seckill-system] [o-18090-exec-26] c.d.s.service.ProtectedSeckillService    : submission queued request=0772adb9-43e9-3728-b714-7e65449db012
2026-09-29T14:50:18.351+08:00  INFO 4276 --- [seckill-system] [o-18090-exec-25] c.d.s.service.ProtectedSeckillService    : submission queued request=ce245cd4-db90-338c-a042-c007aec953ea
2026-09-29T14:50:18.352+08:00  INFO 4276 --- [seckill-system] [OrderListener-1] c.d.seckill.service.AsyncOrderConsumer   : order committed request=b2af680b-4657-3fc8-937c-f0b1c604b83d order=133798
2026-09-29T14:50:18.353+08:00  INFO 4276 --- [seckill-system] [OrderListener-2] c.d.seckill.service.AsyncOrderConsumer   : order committed request=4c1a6bf4-4c32-3278-9377-d98bf2a0d066 order=133799
2026-09-29T14:50:18.354+08:00  INFO 4276 --- [seckill-system] [io-18090-exec-7] c.d.s.service.ProtectedSeckillService    : submission queued request=1462cef3-e8ac-36b7-8812-17f5aff4f171
2026-09-29T14:50:18.364+08:00  INFO 4276 --- [seckill-system] [io-18090-exec-3] c.d.s.service.ProtectedSeckillService    : submission queued request=f89e1fff-95bf-3d56-9ced-d306e6ec1c2e
2026-09-29T14:50:18.368+08:00  INFO 4276 --- [seckill-system] [o-18090-exec-29] c.d.s.service.ProtectedSeckillService    : submission queued request=71bef6c1-e33f-393e-8c98-5f02bd4202d2
2026-09-29T14:50:18.368+08:00  INFO 4276 --- [seckill-system] [OrderListener-1] c.d.seckill.service.AsyncOrderConsumer   : order committed request=de0c22f0-12ae-36fb-9be6-fa48d89de24b order=133801
2026-09-29T14:50:18.369+08:00  INFO 4276 --- [seckill-system] [OrderListener-2] c.d.seckill.service.AsyncOrderConsumer   : order committed request=9ccdf6a5-4353-3880-acfb-eee91ee764b5 order=133800
2026-09-29T14:50:18.370+08:00  INFO 4276 --- [seckill-system] [o-18090-exec-82] c.d.s.service.ProtectedSeckillService    : submission queued request=f220d75f-9839-3d96-9b6d-70570546055d
2026-09-29T14:50:18.377+08:00  INFO 4276 --- [seckill-system] [o-18090-exec-43] c.d.s.service.ProtectedSeckillService    : submission queued request=071c5dd8-9826-32ec-9e40-98fb48a4b718
2026-09-29T14:50:18.381+08:00  INFO 4276 --- [seckill-system] [o-18090-exec-31] c.d.s.service.ProtectedSeckillService    : submission queued request=54ba31bf-a76b-3c1d-b1e2-badcfe4227ed
2026-09-29T14:50:18.386+08:00  INFO 4276 --- [seckill-system] [OrderListener-2] c.d.seckill.service.AsyncOrderConsumer   : order committed request=5cab835c-05a0-3a36-8bf6-48e1af20256f order=133802
2026-09-29T14:50:18.386+08:00  INFO 4276 --- [seckill-system] [OrderListener-1] c.d.seckill.service.AsyncOrderConsumer   : order committed request=ff0866bc-9e0f-3e86-9cfb-433c81f4285e order=133803
2026-09-29T14:50:18.387+08:00  INFO 4276 --- [seckill-system] [o-18090-exec-77] c.d.s.service.ProtectedSeckillService    : submission queued request=5d230cbc-9590-3385-a568-c9fd1631ae09
2026-09-29T14:50:18.393+08:00  INFO 4276 --- [seckill-system] [o-18090-exec-21] c.d.s.service.ProtectedSeckillService    : submission queued request=b1c72d8e-075c-317f-9150-45cd29a909db
2026-09-29T14:50:18.396+08:00  INFO 4276 --- [seckill-system] [o-18090-exec-66] c.d.s.service.ProtectedSeckillService    : submission queued request=bdfeee1a-fd87-3324-a4ca-17a05f21bd01
2026-09-29T14:50:18.405+08:00  INFO 4276 --- [seckill-system] [OrderListener-2] c.d.seckill.service.AsyncOrderConsumer   : order committed request=89a32b17-22fb-38d9-a068-0aafd472e24e order=133805
2026-09-29T14:50:18.405+08:00  INFO 4276 --- [seckill-system] [OrderListener-1] c.d.seckill.service.AsyncOrderConsumer   : order committed request=758dcf1e-280d-3b0c-a218-8ad7c26cf62d order=133804
2026-09-29T14:50:18.411+08:00  INFO 4276 --- [seckill-system] [o-18090-exec-96] c.d.s.service.ProtectedSeckillService    : submission queued request=73e6ef53-eea1-38f7-9e54-7403d052cc78
2026-09-29T14:50:18.416+08:00  INFO 4276 --- [seckill-system] [o-18090-exec-18] c.d.s.service.ProtectedSeckillService    : submission queued request=0dd7dda2-6659-3d8f-a301-3867cc631e72
2026-09-29T14:50:18.417+08:00  INFO 4276 --- [seckill-system] [o-18090-exec-55] c.d.s.service.ProtectedSeckillService    : submission queued request=e7804f31-c92d-303b-a93e-06ec0a386c90
2026-09-29T14:50:18.417+08:00  INFO 4276 --- [seckill-system] [o-18090-exec-32] c.d.s.service.ProtectedSeckillService    : submission queued request=17fcf516-480e-38c2-bb4d-3f096e118842
2026-09-29T14:50:18.419+08:00  INFO 4276 --- [seckill-system] [o-18090-exec-63] c.d.s.service.ProtectedSeckillService    : submission queued request=716514cf-1489-3238-a6e7-4b721d35b8f4
2026-09-29T14:50:18.421+08:00  INFO 4276 --- [seckill-system] [OrderListener-1] c.d.seckill.service.AsyncOrderConsumer   : order committed request=455a8894-f04a-3621-bd6d-a39a314cc78b order=133806
2026-09-29T14:50:18.421+08:00  INFO 4276 --- [seckill-system] [OrderListener-2] c.d.seckill.service.AsyncOrderConsumer   : order committed request=34be7d4f-1fea-32fa-bf08-a3ac8da0e9cc order=133807
2026-09-29T14:50:18.424+08:00  INFO 4276 --- [seckill-system] [o-18090-exec-79] c.d.s.service.ProtectedSeckillService    : submission queued request=016adbd9-95e2-384e-9a46-523f4caf91a2
2026-09-29T14:50:18.429+08:00  INFO 4276 --- [seckill-system] [o-18090-exec-67] c.d.s.service.ProtectedSeckillService    : submission queued request=48722935-0b83-3d05-a3c4-d4ebb6890834
2026-09-29T14:50:18.435+08:00  INFO 4276 --- [seckill-system] [OrderListener-2] c.d.seckill.service.AsyncOrderConsumer   : order committed request=17cc71b1-2f01-3dd7-8ee9-6e5de79d3394 order=133809
2026-09-29T14:50:18.436+08:00  INFO 4276 --- [seckill-system] [OrderListener-1] c.d.seckill.service.AsyncOrderConsumer   : order committed request=d61489a6-4b9a-3031-b9f1-57dcd8488e58 order=133808
2026-09-29T14:50:18.440+08:00  INFO 4276 --- [seckill-system] [io-18090-exec-7] c.d.s.service.ProtectedSeckillService    : submission queued request=ea86a9e6-eb96-3650-83cb-6d80573a96ed
2026-09-29T14:50:18.443+08:00  INFO 4276 --- [seckill-system] [o-18090-exec-65] c.d.s.service.ProtectedSeckillService    : submission queued request=9bd386a4-2bb1-3a2c-b31c-b39d3f196d8e
2026-09-29T14:50:18.445+08:00  INFO 4276 --- [seckill-system] [o-18090-exec-56] c.d.s.service.ProtectedSeckillService    : submission queued request=b449ca32-296b-3423-b0ab-363379c0949b
2026-09-29T14:50:18.450+08:00  INFO 4276 --- [seckill-system] [o-18090-exec-53] c.d.s.service.ProtectedSeckillService    : submission queued request=3969d5d7-e45c-3e10-91a0-ffaa3e639db8
2026-09-29T14:50:18.450+08:00  INFO 4276 --- [seckill-system] [OrderListener-2] c.d.seckill.service.AsyncOrderConsumer   : order committed request=a0cd197a-c82f-362a-b45b-00c8c3880b3e order=133810
2026-09-29T14:50:18.451+08:00  INFO 4276 --- [seckill-system] [OrderListener-1] c.d.seckill.service.AsyncOrderConsumer   : order committed request=244590e9-ebb6-37fd-a4ac-a75bd8fd3628 order=133811
2026-09-29T14:50:18.454+08:00  INFO 4276 --- [seckill-system] [o-18090-exec-18] c.d.s.service.ProtectedSeckillService    : submission queued request=be6990ef-7e69-37e1-b188-918a271204f6
2026-09-29T14:50:18.459+08:00  INFO 4276 --- [seckill-system] [o-18090-exec-75] c.d.s.service.ProtectedSeckillService    : submission queued request=d868db7b-b488-3bc3-8c8a-6ffb07ef9d04
2026-09-29T14:50:18.466+08:00  INFO 4276 --- [seckill-system] [OrderListener-1] c.d.seckill.service.AsyncOrderConsumer   : order committed request=15f091f3-03db-3031-bb91-e2bcc9277615 order=133813
2026-09-29T14:50:18.466+08:00  INFO 4276 --- [seckill-system] [OrderListener-2] c.d.seckill.service.AsyncOrderConsumer   : order committed request=14807cf1-1e31-3f79-948d-68ad898b0f6f order=133812
2026-09-29T14:50:18.474+08:00  INFO 4276 --- [seckill-system] [o-18090-exec-32] c.d.s.service.ProtectedSeckillService    : submission queued request=4653deda-d4f5-3ac8-9691-7c8b8491b03b
2026-09-29T14:50:18.478+08:00  INFO 4276 --- [seckill-system] [o-18090-exec-11] c.d.s.service.ProtectedSeckillService    : submission queued request=d2666c40-5522-3cf1-b24b-04e34c03373d
2026-09-29T14:50:18.479+08:00  INFO 4276 --- [seckill-system] [o-18090-exec-80] c.d.s.service.ProtectedSeckillService    : submission queued request=62bfe69e-42e5-380c-af84-0535df5f8272
2026-09-29T14:50:18.481+08:00  INFO 4276 --- [seckill-system] [o-18090-exec-52] c.d.s.service.ProtectedSeckillService    : submission queued request=189c2b32-b5e0-3bfc-a99b-2bb3327eff50
2026-09-29T14:50:18.483+08:00  INFO 4276 --- [seckill-system] [OrderListener-1] c.d.seckill.service.AsyncOrderConsumer   : order committed request=eeecfc5d-b14d-32b5-82a2-adf38a4ad6ac order=133814
2026-09-29T14:50:18.483+08:00  INFO 4276 --- [seckill-system] [OrderListener-2] c.d.seckill.service.AsyncOrderConsumer   : order committed request=bf0459af-352f-3ded-88d2-1e3e18c921ad order=133815
2026-09-29T14:50:18.485+08:00  INFO 4276 --- [seckill-system] [o-18090-exec-98] c.d.s.service.ProtectedSeckillService    : submission queued request=c9da7c52-6c0f-3e24-8c2a-f9d9607e1c80
2026-09-29T14:50:18.489+08:00  INFO 4276 --- [seckill-system] [o-18090-exec-56] c.d.s.service.ProtectedSeckillService    : submission queued request=fc2e7d3c-a464-3f8c-a6b1-46adba18e841
2026-09-29T14:50:18.494+08:00  INFO 4276 --- [seckill-system] [o-18090-exec-87] c.d.s.service.ProtectedSeckillService    : submission queued request=7c5fa0e9-584a-323c-8bf8-778ee3ccc2b5
2026-09-29T14:50:18.497+08:00  INFO 4276 --- [seckill-system] [OrderListener-1] c.d.seckill.service.AsyncOrderConsumer   : order committed request=49062dd9-914b-364d-96d2-eb6863a06188 order=133817
2026-09-29T14:50:18.497+08:00  INFO 4276 --- [seckill-system] [OrderListener-2] c.d.seckill.service.AsyncOrderConsumer   : order committed request=454da622-fcee-3e69-87b9-e477570a51c8 order=133816
2026-09-29T14:50:18.499+08:00  INFO 4276 --- [seckill-system] [o-18090-exec-24] c.d.s.service.ProtectedSeckillService    : submission queued request=b48bebd2-cdcd-326f-9bf1-0dc0c52fbf9b
2026-09-29T14:50:18.504+08:00  INFO 4276 --- [seckill-system] [o-18090-exec-49] c.d.s.service.ProtectedSeckillService    : submission queued request=281c4902-5d6e-380e-8507-982e6f6caad6
2026-09-29T14:50:18.516+08:00  INFO 4276 --- [seckill-system] [o-18090-exec-10] c.d.s.service.ProtectedSeckillService    : submission queued request=323095a6-14fb-3a3e-a152-0a9cb0b322d3
2026-09-29T14:50:18.523+08:00  INFO 4276 --- [seckill-system] [OrderListener-2] c.d.seckill.service.AsyncOrderConsumer   : order committed request=4a66f47f-be78-3d32-8af9-32ac4017134b order=133819
2026-09-29T14:50:18.523+08:00  INFO 4276 --- [seckill-system] [OrderListener-1] c.d.seckill.service.AsyncOrderConsumer   : order committed request=ace1c82c-75cc-3222-93e5-fb37b475285a order=133818
2026-09-29T14:50:18.524+08:00  INFO 4276 --- [seckill-system] [o-18090-exec-95] c.d.s.service.ProtectedSeckillService    : submission queued request=1e611c56-b7a5-3109-a44b-e0f572b6358d
2026-09-29T14:50:18.527+08:00  INFO 4276 --- [seckill-system] [o-18090-exec-43] c.d.s.service.ProtectedSeckillService    : submission queued request=7c3a694a-cd4c-3784-b3e7-db65efabe6b2
2026-09-29T14:50:18.529+08:00  INFO 4276 --- [seckill-system] [o-18090-exec-37] c.d.s.service.ProtectedSeckillService    : submission queued request=5e35204a-0e94-3459-bda0-995ec7595691
2026-09-29T14:50:18.532+08:00  INFO 4276 --- [seckill-system] [o-18090-exec-93] c.d.s.service.ProtectedSeckillService    : submission queued request=e18cebc7-a632-3ad6-b2f7-8aacfd46aaf6
2026-09-29T14:50:18.538+08:00  INFO 4276 --- [seckill-system] [io-18090-exec-2] c.d.s.service.ProtectedSeckillService    : submission queued request=c83395b1-663f-3c8d-bdf2-b32a2bc82ee9
2026-09-29T14:50:18.543+08:00  INFO 4276 --- [seckill-system] [o-18090-exec-78] c.d.s.service.ProtectedSeckillService    : submission queued request=7918216e-57e6-3bfe-9a6d-90d6780e025a
2026-09-29T14:50:18.547+08:00  INFO 4276 --- [seckill-system] [OrderListener-2] c.d.seckill.service.AsyncOrderConsumer   : order committed request=ab963ae4-ed0e-369a-8ecc-a7a64bd5a251 order=133820
2026-09-29T14:50:18.548+08:00  INFO 4276 --- [seckill-system] [OrderListener-1] c.d.seckill.service.AsyncOrderConsumer   : order committed request=0c27c0bd-6a99-39a2-9d4a-b8187d559ff9 order=133821
2026-09-29T14:50:18.549+08:00  INFO 4276 --- [seckill-system] [o-18090-exec-75] c.d.s.service.ProtectedSeckillService    : submission queued request=2f3d3a47-844a-3c58-997a-61fe39adc7d3
2026-09-29T14:50:18.567+08:00  INFO 4276 --- [seckill-system] [-18090-exec-100] c.d.s.service.ProtectedSeckillService    : submission queued request=3c3f6f9a-11f7-3808-8894-01547cf94597
2026-09-29T14:50:18.575+08:00  INFO 4276 --- [seckill-system] [o-18090-exec-27] c.d.s.service.ProtectedSeckillService    : submission queued request=88cdac12-750c-3c64-818a-1e60c239b430
2026-09-29T14:50:18.580+08:00  INFO 4276 --- [seckill-system] [o-18090-exec-67] c.d.s.service.ProtectedSeckillService    : submission queued request=fc23c71e-9a17-3115-8bbb-5fde6c42214c
2026-09-29T14:50:18.582+08:00  INFO 4276 --- [seckill-system] [o-18090-exec-61] c.d.s.service.ProtectedSeckillService    : submission queued request=3f37602d-ebef-3d09-b907-d13b7c028869
2026-09-29T14:50:18.582+08:00  INFO 4276 --- [seckill-system] [io-18090-exec-3] c.d.s.service.ProtectedSeckillService    : submission queued request=188f82e8-5221-3a2d-8542-4b4ea39e031b
2026-09-29T14:50:18.582+08:00  INFO 4276 --- [seckill-system] [o-18090-exec-70] c.d.s.service.ProtectedSeckillService    : submission queued request=8f1d43a4-02e6-32fc-a622-00cd985d4f99
2026-09-29T14:50:18.584+08:00  INFO 4276 --- [seckill-system] [o-18090-exec-19] c.d.s.service.ProtectedSeckillService    : submission queued request=4644a55c-99c3-39e3-96fc-280aa76058bc
2026-09-29T14:50:18.586+08:00  INFO 4276 --- [seckill-system] [OrderListener-1] c.d.seckill.service.AsyncOrderConsumer   : order committed request=0350d2e0-eb87-328f-aaf0-14fd306bf352 order=133822
2026-09-29T14:50:18.586+08:00  INFO 4276 --- [seckill-system] [o-18090-exec-49] c.d.s.service.ProtectedSeckillService    : submission queued request=77539f25-e39c-39bf-91a1-cc3416bc98f7
2026-09-29T14:50:18.592+08:00  INFO 4276 --- [seckill-system] [OrderListener-2] c.d.seckill.service.AsyncOrderConsumer   : order committed request=d65cbeb7-5cc9-3a23-be08-407c7af92d1c order=133823
2026-09-29T14:50:18.598+08:00  INFO 4276 --- [seckill-system] [o-18090-exec-13] c.d.s.service.ProtectedSeckillService    : submission queued request=ee76eb97-662c-3776-90ad-03314267b62e
2026-09-29T14:50:18.604+08:00  INFO 4276 --- [seckill-system] [o-18090-exec-70] c.d.s.service.ProtectedSeckillService    : submission queued request=e3ab96a3-1ddb-31b4-9496-88f3d2058f4f
2026-09-29T14:50:18.605+08:00  INFO 4276 --- [seckill-system] [o-18090-exec-73] c.d.s.service.ProtectedSeckillService    : submission queued request=75f8bfdf-b835-30c4-928b-5a118cbbd860
2026-09-29T14:50:18.613+08:00  INFO 4276 --- [seckill-system] [OrderListener-1] c.d.seckill.service.AsyncOrderConsumer   : order committed request=184f0a52-cad6-35d2-adf1-43f21651e3fa order=133824
2026-09-29T14:50:18.628+08:00  INFO 4276 --- [seckill-system] [o-18090-exec-47] c.d.s.service.ProtectedSeckillService    : submission queued request=892ec68d-5f04-322d-b5e5-a9f4f5143398
2026-09-29T14:50:18.628+08:00  INFO 4276 --- [seckill-system] [o-18090-exec-70] c.d.s.service.ProtectedSeckillService    : submission queued request=f0e30156-2012-3e7b-8b5b-d1d0cdf05ff0
2026-09-29T14:50:18.629+08:00  INFO 4276 --- [seckill-system] [OrderListener-2] c.d.seckill.service.AsyncOrderConsumer   : order committed request=b5c3d210-07bf-3cea-9aa4-3a11a7882fca order=133825
2026-09-29T14:50:18.630+08:00  INFO 4276 --- [seckill-system] [o-18090-exec-99] c.d.s.service.ProtectedSeckillService    : submission queued request=9816c921-f149-3311-8653-41556c39ec9d
2026-09-29T14:50:18.630+08:00  INFO 4276 --- [seckill-system] [o-18090-exec-79] c.d.s.service.ProtectedSeckillService    : submission queued request=78aa53d6-86bc-3774-8c75-b2d11162c66c
2026-09-29T14:50:18.630+08:00  INFO 4276 --- [seckill-system] [o-18090-exec-15] c.d.s.service.ProtectedSeckillService    : submission queued request=350efe47-06e3-33de-a5e6-f159d0c28bee
2026-09-29T14:50:18.632+08:00  INFO 4276 --- [seckill-system] [o-18090-exec-35] c.d.s.service.ProtectedSeckillService    : submission queued request=3efa365f-e3a7-3d00-8546-93143b3f7c61
2026-09-29T14:50:18.632+08:00  INFO 4276 --- [seckill-system] [OrderListener-1] c.d.seckill.service.AsyncOrderConsumer   : order committed request=6330e7f4-e6b8-3760-8e41-38e71a4ecc0c order=133826
2026-09-29T14:50:18.636+08:00  INFO 4276 --- [seckill-system] [o-18090-exec-74] c.d.s.service.ProtectedSeckillService    : submission queued request=579b288c-97a3-36f5-8e04-fef4901f7e89
2026-09-29T14:50:18.641+08:00  INFO 4276 --- [seckill-system] [o-18090-exec-40] c.d.s.service.ProtectedSeckillService    : submission queued request=68acbc43-bebc-3a95-a372-23b8dd20e9f2
2026-09-29T14:50:18.647+08:00  INFO 4276 --- [seckill-system] [OrderListener-2] c.d.seckill.service.AsyncOrderConsumer   : order committed request=d9713af7-c2cc-3598-9d05-e43a3f8e7e7e order=133827
2026-09-29T14:50:18.648+08:00  INFO 4276 --- [seckill-system] [io-18090-exec-3] c.d.s.service.ProtectedSeckillService    : submission queued request=7915ac33-a455-3427-b283-a4e2a8f8a104
2026-09-29T14:50:18.651+08:00  INFO 4276 --- [seckill-system] [o-18090-exec-50] c.d.s.service.ProtectedSeckillService    : submission queued request=58d4d8e3-2237-38a4-8d6c-fd997d0da1f4
2026-09-29T14:50:18.668+08:00  INFO 4276 --- [seckill-system] [OrderListener-1] c.d.seckill.service.AsyncOrderConsumer   : order committed request=c590002c-9325-3e1a-8721-2a9edc8807a0 order=133828
2026-09-29T14:50:18.677+08:00  INFO 4276 --- [seckill-system] [o-18090-exec-68] c.d.s.service.ProtectedSeckillService    : submission queued request=37ac4980-8462-33cf-aa5b-1730ee9e9362
2026-09-29T14:50:18.681+08:00  INFO 4276 --- [seckill-system] [o-18090-exec-87] c.d.s.service.ProtectedSeckillService    : submission queued request=fc039bd0-482f-3da0-ae69-dd1253874e79
2026-09-29T14:50:18.682+08:00  INFO 4276 --- [seckill-system] [o-18090-exec-75] c.d.s.service.ProtectedSeckillService    : submission queued request=9ad39fc7-1446-3bce-bdc7-10648d2fb676
2026-09-29T14:50:18.683+08:00  INFO 4276 --- [seckill-system] [o-18090-exec-86] c.d.s.service.ProtectedSeckillService    : submission queued request=a1f952bc-3d25-3201-b4e6-24d657759def
2026-09-29T14:50:18.684+08:00  INFO 4276 --- [seckill-system] [OrderListener-2] c.d.seckill.service.AsyncOrderConsumer   : order committed request=08f65ad0-e77f-3983-8039-00fe8e82b60b order=133829
2026-09-29T14:50:18.684+08:00  INFO 4276 --- [seckill-system] [o-18090-exec-74] c.d.s.service.ProtectedSeckillService    : submission queued request=e8e8b7ee-b936-361d-bdad-7a016274d73f
2026-09-29T14:50:18.686+08:00  INFO 4276 --- [seckill-system] [io-18090-exec-6] c.d.s.service.ProtectedSeckillService    : submission queued request=05b838f3-31e9-3b5a-af2c-d4665444c950
2026-09-29T14:50:18.686+08:00  INFO 4276 --- [seckill-system] [OrderListener-1] c.d.seckill.service.AsyncOrderConsumer   : order committed request=b088a5cb-5ba9-381e-89ab-80d9a252e470 order=133830
2026-09-29T14:50:18.689+08:00  INFO 4276 --- [seckill-system] [o-18090-exec-97] c.d.s.service.ProtectedSeckillService    : submission queued request=4e2f7221-e943-32c2-bcee-2da5a9166ae2
2026-09-29T14:50:18.693+08:00  INFO 4276 --- [seckill-system] [io-18090-exec-7] c.d.s.service.ProtectedSeckillService    : submission queued request=cf2126da-b0d8-3878-b1fd-a12557c273cf
2026-09-29T14:50:18.698+08:00  INFO 4276 --- [seckill-system] [o-18090-exec-42] c.d.s.service.ProtectedSeckillService    : submission queued request=c2bef3f0-9a52-3930-8960-8237e3d03383
2026-09-29T14:50:18.703+08:00  INFO 4276 --- [seckill-system] [OrderListener-2] c.d.seckill.service.AsyncOrderConsumer   : order committed request=665a6696-df6b-3151-8444-1d6783ab1221 order=133831
2026-09-29T14:50:18.703+08:00  INFO 4276 --- [seckill-system] [o-18090-exec-50] c.d.s.service.ProtectedSeckillService    : submission queued request=09a8d6d7-4aee-3d0b-9a2e-793ad4eed9d0
2026-09-29T14:50:18.705+08:00  INFO 4276 --- [seckill-system] [OrderListener-1] c.d.seckill.service.AsyncOrderConsumer   : order committed request=484eef82-9774-3e13-b46a-b8cf09ac032d order=133832
2026-09-29T14:50:18.706+08:00  INFO 4276 --- [seckill-system] [o-18090-exec-57] c.d.s.service.ProtectedSeckillService    : submission queued request=1fa0d7ed-3b66-39af-bf60-51f7c5c8b761
2026-09-29T14:50:18.714+08:00  INFO 4276 --- [seckill-system] [o-18090-exec-79] c.d.s.service.ProtectedSeckillService    : submission queued request=a8a99c54-0a25-3432-95bc-36d832b8f68d
2026-09-29T14:50:18.718+08:00  INFO 4276 --- [seckill-system] [o-18090-exec-88] c.d.s.service.ProtectedSeckillService    : submission queued request=e89846ca-7c30-3e0d-9612-b05ea56adc8b
2026-09-29T14:50:18.721+08:00  INFO 4276 --- [seckill-system] [o-18090-exec-93] c.d.s.service.ProtectedSeckillService    : submission queued request=f7f0e4fc-1664-3e5e-84d2-c906632c6b7f
2026-09-29T14:50:18.721+08:00  INFO 4276 --- [seckill-system] [OrderListener-2] c.d.seckill.service.AsyncOrderConsumer   : order committed request=40724053-c9e7-358b-8840-ae5c3acdb524 order=133833
2026-09-29T14:50:18.721+08:00  INFO 4276 --- [seckill-system] [OrderListener-1] c.d.seckill.service.AsyncOrderConsumer   : order committed request=34ebed47-6802-3817-ae7c-386f602274e3 order=133834
2026-09-29T14:50:18.725+08:00  INFO 4276 --- [seckill-system] [o-18090-exec-90] c.d.s.service.ProtectedSeckillService    : submission queued request=eeaa29c8-e526-3a27-8e76-e243fb740b08
2026-09-29T14:50:18.733+08:00  INFO 4276 --- [seckill-system] [o-18090-exec-33] c.d.s.service.ProtectedSeckillService    : submission queued request=e8a70699-4469-35db-b4c3-209d45066a2b
2026-09-29T14:50:18.737+08:00  INFO 4276 --- [seckill-system] [o-18090-exec-40] c.d.s.service.ProtectedSeckillService    : submission queued request=a5d1832d-7834-38cf-af6c-b7e96e2ff015
2026-09-29T14:50:18.744+08:00  INFO 4276 --- [seckill-system] [OrderListener-2] c.d.seckill.service.AsyncOrderConsumer   : order committed request=b820e1f8-0572-351c-8e16-69ec8dfc6609 order=133835
2026-09-29T14:50:18.744+08:00  INFO 4276 --- [seckill-system] [OrderListener-1] c.d.seckill.service.AsyncOrderConsumer   : order committed request=c29ea15a-191b-39ab-af0d-061ee867ff70 order=133836
2026-09-29T14:50:18.748+08:00  INFO 4276 --- [seckill-system] [o-18090-exec-81] c.d.s.service.ProtectedSeckillService    : submission queued request=372ba0fb-cd4c-36c9-a4cb-0fb223b00f47
2026-09-29T14:50:18.756+08:00  INFO 4276 --- [seckill-system] [io-18090-exec-4] c.d.s.service.ProtectedSeckillService    : submission queued request=429fb916-1bd4-301e-8b20-51e717ec0561
2026-09-29T14:50:18.758+08:00  INFO 4276 --- [seckill-system] [o-18090-exec-11] c.d.s.service.ProtectedSeckillService    : submission queued request=d658a152-212f-38ad-be70-5d006ed81bc1
2026-09-29T14:50:18.758+08:00  INFO 4276 --- [seckill-system] [o-18090-exec-24] c.d.s.service.ProtectedSeckillService    : submission queued request=c306fcb5-6566-3fb3-ac39-5cb650b59752
2026-09-29T14:50:18.761+08:00  INFO 4276 --- [seckill-system] [OrderListener-1] c.d.seckill.service.AsyncOrderConsumer   : order committed request=04cbba14-bb1c-3b4b-a8b6-ce1acc0d6d20 order=133838
2026-09-29T14:50:18.761+08:00  INFO 4276 --- [seckill-system] [o-18090-exec-29] c.d.s.service.ProtectedSeckillService    : submission queued request=0249aa79-c3c7-3378-9ccf-d2be3cc47db1
2026-09-29T14:50:18.763+08:00  INFO 4276 --- [seckill-system] [OrderListener-2] c.d.seckill.service.AsyncOrderConsumer   : order committed request=30847491-9465-3d2f-ae97-f2acb30d79e6 order=133837
2026-09-29T14:50:18.767+08:00  INFO 4276 --- [seckill-system] [o-18090-exec-31] c.d.s.service.ProtectedSeckillService    : submission queued request=bbc90104-cacb-3f7c-a9bb-20ffe0caba36
2026-09-29T14:50:18.771+08:00  INFO 4276 --- [seckill-system] [io-18090-exec-2] c.d.s.service.ProtectedSeckillService    : submission queued request=8deadf47-1e3f-36aa-a5ca-2b3aeec58f2d
2026-09-29T14:50:18.777+08:00  INFO 4276 --- [seckill-system] [o-18090-exec-93] c.d.s.service.ProtectedSeckillService    : submission queued request=754d29aa-86a4-3bd6-8ac4-af925910004d
2026-09-29T14:50:18.780+08:00  INFO 4276 --- [seckill-system] [OrderListener-1] c.d.seckill.service.AsyncOrderConsumer   : order committed request=cce06ba2-7914-30ee-a892-1e609aea319a order=133839
2026-09-29T14:50:18.781+08:00  INFO 4276 --- [seckill-system] [OrderListener-2] c.d.seckill.service.AsyncOrderConsumer   : order committed request=f521893a-963f-3faa-a92d-2fa615ce32af order=133840
2026-09-29T14:50:18.781+08:00  INFO 4276 --- [seckill-system] [o-18090-exec-76] c.d.s.service.ProtectedSeckillService    : submission queued request=e7f3e4cc-d6df-3c13-94ff-01916297ac3a
2026-09-29T14:50:18.787+08:00  INFO 4276 --- [seckill-system] [io-18090-exec-6] c.d.s.service.ProtectedSeckillService    : submission queued request=20df5e5f-cf4a-3ea6-a3ad-bceaedb191ba
2026-09-29T14:50:18.790+08:00  INFO 4276 --- [seckill-system] [o-18090-exec-70] c.d.s.service.ProtectedSeckillService    : submission queued request=e787b3bb-2ac4-396c-b484-0547c395969d
2026-09-29T14:50:18.798+08:00  INFO 4276 --- [seckill-system] [OrderListener-2] c.d.seckill.service.AsyncOrderConsumer   : order committed request=5b7f3f71-1e9d-3a17-8d60-521c766257e5 order=133841
2026-09-29T14:50:18.798+08:00  INFO 4276 --- [seckill-system] [OrderListener-1] c.d.seckill.service.AsyncOrderConsumer   : order committed request=47032ec8-21c9-3ddf-aad9-4da1967a1f44 order=133842
2026-09-29T14:50:18.805+08:00  INFO 4276 --- [seckill-system] [o-18090-exec-99] c.d.s.service.ProtectedSeckillService    : submission queued request=51babf3d-d496-383e-b6e0-0cf6cac9d671
2026-09-29T14:50:18.808+08:00  INFO 4276 --- [seckill-system] [o-18090-exec-97] c.d.s.service.ProtectedSeckillService    : submission queued request=26af999c-3497-3e15-a68f-91a84cdbfe4b
2026-09-29T14:50:18.810+08:00  INFO 4276 --- [seckill-system] [o-18090-exec-11] c.d.s.service.ProtectedSeckillService    : submission queued request=2da5aa9f-cff0-3d14-9d91-5ff81836dae3
2026-09-29T14:50:18.812+08:00  INFO 4276 --- [seckill-system] [o-18090-exec-22] c.d.s.service.ProtectedSeckillService    : submission queued request=e0a369bd-c76d-3c00-8961-013170d55a4c
2026-09-29T14:50:18.817+08:00  INFO 4276 --- [seckill-system] [OrderListener-2] c.d.seckill.service.AsyncOrderConsumer   : order committed request=41831fca-0323-36df-954e-00721b964d20 order=133844
2026-09-29T14:50:18.817+08:00  INFO 4276 --- [seckill-system] [o-18090-exec-96] c.d.s.service.ProtectedSeckillService    : submission queued request=b7acd2b9-8f30-382b-b2c6-48363767d4f9
2026-09-29T14:50:18.817+08:00  INFO 4276 --- [seckill-system] [OrderListener-1] c.d.seckill.service.AsyncOrderConsumer   : order committed request=db69eea5-3f19-3592-8db8-a8807b94c737 order=133843
2026-09-29T14:50:18.820+08:00  INFO 4276 --- [seckill-system] [o-18090-exec-58] c.d.s.service.ProtectedSeckillService    : submission queued request=8f4880fd-a19e-390a-9aac-089303b83800
2026-09-29T14:50:18.826+08:00  INFO 4276 --- [seckill-system] [o-18090-exec-95] c.d.s.service.ProtectedSeckillService    : submission queued request=e430e018-350c-3af2-a2db-988d07dff049
2026-09-29T14:50:18.830+08:00  INFO 4276 --- [seckill-system] [o-18090-exec-42] c.d.s.service.ProtectedSeckillService    : submission queued request=1f3b278b-7fe3-37eb-a97d-460f9011f137
2026-09-29T14:50:18.834+08:00  INFO 4276 --- [seckill-system] [OrderListener-1] c.d.seckill.service.AsyncOrderConsumer   : order committed request=f523f059-0240-3e9c-b077-ec737610684e order=133845
2026-09-29T14:50:18.834+08:00  INFO 4276 --- [seckill-system] [OrderListener-2] c.d.seckill.service.AsyncOrderConsumer   : order committed request=6821ad4e-47cf-3705-8877-2b8b5c0b4790 order=133846
2026-09-29T14:50:18.835+08:00  INFO 4276 --- [seckill-system] [o-18090-exec-40] c.d.s.service.ProtectedSeckillService    : submission queued request=7068566c-6ba5-3f97-9ff6-9eeaf7f9b699
2026-09-29T14:50:18.842+08:00  INFO 4276 --- [seckill-system] [o-18090-exec-41] c.d.s.service.ProtectedSeckillService    : submission queued request=d52d6bbc-38d7-3df0-88d3-fb943bfd24ed
2026-09-29T14:50:18.846+08:00  INFO 4276 --- [seckill-system] [o-18090-exec-35] c.d.s.service.ProtectedSeckillService    : submission queued request=fcf260c7-7e28-32cf-b62e-b6357fa50f72
2026-09-29T14:50:18.851+08:00  INFO 4276 --- [seckill-system] [o-18090-exec-99] c.d.s.service.ProtectedSeckillService    : submission queued request=140d697d-21d2-3c27-b5ad-585fdca0f1b1
2026-09-29T14:50:18.868+08:00  INFO 4276 --- [seckill-system] [OrderListener-1] c.d.seckill.service.AsyncOrderConsumer   : order committed request=4da574b5-2829-332c-b5b0-b244d3767888 order=133848
2026-09-29T14:50:18.868+08:00  INFO 4276 --- [seckill-system] [OrderListener-2] c.d.seckill.service.AsyncOrderConsumer   : order committed request=4a04f16c-d909-3fb0-9926-d3cf9c6a8dfa order=133847
2026-09-29T14:50:18.883+08:00  INFO 4276 --- [seckill-system] [o-18090-exec-79] c.d.s.service.ProtectedSeckillService    : submission queued request=159caafd-4e52-398d-82e6-7d84eed58136
2026-09-29T14:50:18.884+08:00  INFO 4276 --- [seckill-system] [o-18090-exec-76] c.d.s.service.ProtectedSeckillService    : submission queued request=a8c1a1ea-1e29-39e6-b855-268bb09eb2cb
2026-09-29T14:50:18.887+08:00  INFO 4276 --- [seckill-system] [o-18090-exec-88] c.d.s.service.ProtectedSeckillService    : submission queued request=19b15d9f-fe3b-3713-810a-2c546de7ae81
2026-09-29T14:50:18.889+08:00  INFO 4276 --- [seckill-system] [o-18090-exec-39] c.d.s.service.ProtectedSeckillService    : submission queued request=a50f4f3d-e7e3-3c8a-88d9-8808423b76ee
2026-09-29T14:50:18.890+08:00  INFO 4276 --- [seckill-system] [OrderListener-1] c.d.seckill.service.AsyncOrderConsumer   : order committed request=a9253411-329a-3c3b-ad4f-c673f0a0e15c order=133849
2026-09-29T14:50:18.890+08:00  INFO 4276 --- [seckill-system] [o-18090-exec-41] c.d.s.service.ProtectedSeckillService    : submission queued request=b28ccea7-56b7-3c1c-9c8e-cdb0be33251f
2026-09-29T14:50:18.891+08:00  INFO 4276 --- [seckill-system] [OrderListener-2] c.d.seckill.service.AsyncOrderConsumer   : order committed request=690b0922-768f-36fa-be78-61abba00c401 order=133850
2026-09-29T14:50:18.894+08:00  INFO 4276 --- [seckill-system] [o-18090-exec-51] c.d.s.service.ProtectedSeckillService    : submission queued request=5be58694-a4dc-3ef1-867f-2c3208de5d2d
2026-09-29T14:50:18.895+08:00  INFO 4276 --- [seckill-system] [o-18090-exec-64] c.d.s.service.ProtectedSeckillService    : submission queued request=c9ed05eb-9aaa-3279-a092-95bd90c85c99
2026-09-29T14:50:18.895+08:00  INFO 4276 --- [seckill-system] [o-18090-exec-34] c.d.s.service.ProtectedSeckillService    : submission queued request=2bee45ef-7047-3270-8ca9-df9c3486fcf0
2026-09-29T14:50:18.896+08:00  INFO 4276 --- [seckill-system] [o-18090-exec-18] c.d.s.service.ProtectedSeckillService    : submission queued request=f98ae879-3d67-31de-a571-638b05988507
2026-09-29T14:50:18.901+08:00  INFO 4276 --- [seckill-system] [o-18090-exec-31] c.d.s.service.ProtectedSeckillService    : submission queued request=c5eb3742-fa55-3c47-a293-c2248f9cbb0e
2026-09-29T14:50:18.905+08:00  INFO 4276 --- [seckill-system] [io-18090-exec-3] c.d.s.service.ProtectedSeckillService    : submission queued request=c8f25610-db52-3db3-8f32-b6c47fcc79dc
2026-09-29T14:50:18.908+08:00  INFO 4276 --- [seckill-system] [OrderListener-1] c.d.seckill.service.AsyncOrderConsumer   : order committed request=32944f8b-5925-3401-9cb3-29ed610878c4 order=133852
2026-09-29T14:50:18.910+08:00  INFO 4276 --- [seckill-system] [OrderListener-2] c.d.seckill.service.AsyncOrderConsumer   : order committed request=6da37016-cc00-31fe-a99f-c2f82a70c6c1 order=133851
2026-09-29T14:50:18.912+08:00  INFO 4276 --- [seckill-system] [o-18090-exec-26] c.d.s.service.ProtectedSeckillService    : submission queued request=0f4911a5-b303-3d07-8e2b-917af8019cb4
2026-09-29T14:50:18.915+08:00  INFO 4276 --- [seckill-system] [o-18090-exec-17] c.d.s.service.ProtectedSeckillService    : submission queued request=8377a53d-973f-31b9-9832-f9f548f418f5
2026-09-29T14:50:18.920+08:00  INFO 4276 --- [seckill-system] [o-18090-exec-53] c.d.s.service.ProtectedSeckillService    : submission queued request=bb36938a-a399-3edd-b8bb-81cbafa83a12
2026-09-29T14:50:18.924+08:00  INFO 4276 --- [seckill-system] [OrderListener-1] c.d.seckill.service.AsyncOrderConsumer   : order committed request=2c89efff-720b-3d0b-8e2f-135d75736a82 order=133853
2026-09-29T14:50:18.925+08:00  INFO 4276 --- [seckill-system] [OrderListener-2] c.d.seckill.service.AsyncOrderConsumer   : order committed request=70cb4ecc-15e1-3497-a580-9fec649d7f17 order=133854
2026-09-29T14:50:18.926+08:00  INFO 4276 --- [seckill-system] [o-18090-exec-49] c.d.s.service.ProtectedSeckillService    : submission queued request=b6a2b459-4d72-3015-ba11-38e966a5d4cd
2026-09-29T14:50:18.936+08:00  INFO 4276 --- [seckill-system] [o-18090-exec-15] c.d.s.service.ProtectedSeckillService    : submission queued request=1959959e-115a-3d7e-85e0-f626d2f80c6c
2026-09-29T14:50:18.941+08:00  INFO 4276 --- [seckill-system] [o-18090-exec-35] c.d.s.service.ProtectedSeckillService    : submission queued request=1e37aae7-ab23-3ca2-b91a-ab14f730f6bd
2026-09-29T14:50:18.943+08:00  INFO 4276 --- [seckill-system] [o-18090-exec-59] c.d.s.service.ProtectedSeckillService    : submission queued request=8402772f-f4eb-309a-b137-7b808522ce99
2026-09-29T14:50:18.946+08:00  INFO 4276 --- [seckill-system] [OrderListener-2] c.d.seckill.service.AsyncOrderConsumer   : order committed request=8ee3a93a-506b-3b55-a240-ac1261838462 order=133855
2026-09-29T14:50:18.946+08:00  INFO 4276 --- [seckill-system] [o-18090-exec-73] c.d.s.service.ProtectedSeckillService    : submission queued request=32b36958-23b9-36ca-8b90-d2ac87748879
2026-09-29T14:50:18.947+08:00  INFO 4276 --- [seckill-system] [OrderListener-1] c.d.seckill.service.AsyncOrderConsumer   : order committed request=aadbc53c-a9ee-3c07-9cbe-6941e250b792 order=133856
2026-09-29T14:50:18.951+08:00  INFO 4276 --- [seckill-system] [o-18090-exec-82] c.d.s.service.ProtectedSeckillService    : submission queued request=f3a4bdeb-4889-3196-a74b-5c45e34e04e5
2026-09-29T14:50:18.956+08:00  INFO 4276 --- [seckill-system] [o-18090-exec-63] c.d.s.service.ProtectedSeckillService    : submission queued request=fbf70ed4-af33-33d5-a0cd-74c866513dd1
2026-09-29T14:50:18.963+08:00  INFO 4276 --- [seckill-system] [o-18090-exec-56] c.d.s.service.ProtectedSeckillService    : submission queued request=dbfafc42-1ae5-326c-91f5-7985ed6c99fe
2026-09-29T14:50:18.971+08:00  INFO 4276 --- [seckill-system] [OrderListener-2] c.d.seckill.service.AsyncOrderConsumer   : order committed request=7968e296-d44a-33b8-8990-ec4a4a73c9ce order=133857
2026-09-29T14:50:18.972+08:00  INFO 4276 --- [seckill-system] [OrderListener-1] c.d.seckill.service.AsyncOrderConsumer   : order committed request=f4e34167-3a0c-3e2f-9db3-4e761e3ec286 order=133858
2026-09-29T14:50:18.977+08:00  INFO 4276 --- [seckill-system] [io-18090-exec-1] c.d.s.service.ProtectedSeckillService    : submission queued request=6b96b932-e397-3c74-8594-45c05c786684
2026-09-29T14:50:18.979+08:00  INFO 4276 --- [seckill-system] [o-18090-exec-83] c.d.s.service.ProtectedSeckillService    : submission queued request=d7dde84b-51ba-3aa7-8926-fb7a7648a235
2026-09-29T14:50:18.982+08:00  INFO 4276 --- [seckill-system] [o-18090-exec-23] c.d.s.service.ProtectedSeckillService    : submission queued request=4e6a5b81-6ff4-36d4-bb5c-e1b1f80a43ec
2026-09-29T14:50:18.983+08:00  INFO 4276 --- [seckill-system] [o-18090-exec-36] c.d.s.service.ProtectedSeckillService    : submission queued request=70ec30e3-932a-3f15-a3df-7622ff570a5d
2026-09-29T14:50:18.996+08:00  INFO 4276 --- [seckill-system] [OrderListener-2] c.d.seckill.service.AsyncOrderConsumer   : order committed request=9f9266c5-175a-3a73-84aa-8210332e5ca3 order=133859
2026-09-29T14:50:18.996+08:00  INFO 4276 --- [seckill-system] [OrderListener-1] c.d.seckill.service.AsyncOrderConsumer   : order committed request=2c1d80c5-93ef-3ade-9eff-c2da8142201a order=133860
2026-09-29T14:50:18.999+08:00  INFO 4276 --- [seckill-system] [o-18090-exec-15] c.d.s.service.ProtectedSeckillService    : submission queued request=5a9a7166-2773-3e6d-b925-a58b803b7579
2026-09-29T14:50:19.002+08:00  INFO 4276 --- [seckill-system] [o-18090-exec-31] c.d.s.service.ProtectedSeckillService    : submission queued request=ade75a72-266b-376b-9826-7fca1038dc26
2026-09-29T14:50:19.014+08:00  INFO 4276 --- [seckill-system] [o-18090-exec-57] c.d.s.service.ProtectedSeckillService    : submission queued request=5b6954b7-8412-3f9e-8a68-dd956fdd0065
2026-09-29T14:50:19.017+08:00  INFO 4276 --- [seckill-system] [o-18090-exec-78] c.d.s.service.ProtectedSeckillService    : submission queued request=885e7621-5354-330f-bc17-c6a48059c648
2026-09-29T14:50:19.018+08:00  INFO 4276 --- [seckill-system] [o-18090-exec-89] c.d.s.service.ProtectedSeckillService    : submission queued request=0261c286-0238-34a0-9cbe-5abdcb658762
2026-09-29T14:50:19.025+08:00  INFO 4276 --- [seckill-system] [o-18090-exec-28] c.d.s.service.ProtectedSeckillService    : submission queued request=fc7ea2d6-4a9f-360a-9b2d-42a6875ee9f1
2026-09-29T14:50:19.026+08:00  INFO 4276 --- [seckill-system] [OrderListener-2] c.d.seckill.service.AsyncOrderConsumer   : order committed request=74e024de-1aa6-38d0-a7be-20ac7431247f order=133862
2026-09-29T14:50:19.026+08:00  INFO 4276 --- [seckill-system] [OrderListener-1] c.d.seckill.service.AsyncOrderConsumer   : order committed request=4936c086-cf63-3e38-bbb0-5f21d06c95a2 order=133861
2026-09-29T14:50:19.026+08:00  INFO 4276 --- [seckill-system] [o-18090-exec-26] c.d.s.service.ProtectedSeckillService    : submission queued request=1d1a1ac4-6f4a-3381-91ac-657b3b3f298f
2026-09-29T14:50:19.028+08:00  INFO 4276 --- [seckill-system] [o-18090-exec-80] c.d.s.service.ProtectedSeckillService    : submission queued request=8b449d71-debd-369a-b37a-cebe860acb90
2026-09-29T14:50:19.031+08:00  INFO 4276 --- [seckill-system] [o-18090-exec-48] c.d.s.service.ProtectedSeckillService    : submission queued request=9048deb9-d8bc-31e6-a206-3cf370809c28
2026-09-29T14:50:19.035+08:00  INFO 4276 --- [seckill-system] [o-18090-exec-10] c.d.s.service.ProtectedSeckillService    : submission queued request=b0e4a3f8-acea-3896-946f-7959c1535481
2026-09-29T14:50:19.037+08:00  INFO 4276 --- [seckill-system] [o-18090-exec-34] c.d.s.service.ProtectedSeckillService    : submission queued request=53aa6797-51fa-3606-a36a-a13683e20ea4
2026-09-29T14:50:19.041+08:00  INFO 4276 --- [seckill-system] [o-18090-exec-50] c.d.s.service.ProtectedSeckillService    : submission queued request=91ac18a4-5f64-30ac-97b8-c1112a971c0b
2026-09-29T14:50:19.043+08:00  INFO 4276 --- [seckill-system] [OrderListener-2] c.d.seckill.service.AsyncOrderConsumer   : order committed request=c9d0501b-dbfa-3228-aaa4-4f4a2c7d6116 order=133863
2026-09-29T14:50:19.044+08:00  INFO 4276 --- [seckill-system] [OrderListener-1] c.d.seckill.service.AsyncOrderConsumer   : order committed request=e5620075-e0b9-39e1-b693-7afcf14d6384 order=133864
2026-09-29T14:50:19.048+08:00  INFO 4276 --- [seckill-system] [o-18090-exec-67] c.d.s.service.ProtectedSeckillService    : submission queued request=53a4e0bb-6bbe-39c2-ab54-02c874c1a656
2026-09-29T14:50:19.051+08:00  INFO 4276 --- [seckill-system] [o-18090-exec-13] c.d.s.service.ProtectedSeckillService    : submission queued request=2df9dd72-0103-313b-adb2-aa4e63686ac7
2026-09-29T14:50:19.061+08:00  INFO 4276 --- [seckill-system] [io-18090-exec-4] c.d.s.service.ProtectedSeckillService    : submission queued request=13f61b6c-2100-3d5c-8fe7-4017106d7c49
2026-09-29T14:50:19.061+08:00  INFO 4276 --- [seckill-system] [OrderListener-2] c.d.seckill.service.AsyncOrderConsumer   : order committed request=b7f6ae50-d5a7-3a99-a8a8-cac0191732a2 order=133865
2026-09-29T14:50:19.062+08:00  INFO 4276 --- [seckill-system] [OrderListener-1] c.d.seckill.service.AsyncOrderConsumer   : order committed request=79d50d2b-be96-337b-bf67-b51d491e42ee order=133866
2026-09-29T14:50:19.066+08:00  INFO 4276 --- [seckill-system] [o-18090-exec-94] c.d.s.service.ProtectedSeckillService    : submission queued request=dda683bc-ec5c-30bd-825d-d7740836c0a6
2026-09-29T14:50:19.066+08:00  INFO 4276 --- [seckill-system] [io-18090-exec-7] c.d.s.service.ProtectedSeckillService    : submission queued request=c7aa3ac4-804c-3103-bda4-32854752a2ec
2026-09-29T14:50:19.071+08:00  INFO 4276 --- [seckill-system] [o-18090-exec-79] c.d.s.service.ProtectedSeckillService    : submission queued request=8d9289d3-45b7-36b9-a5e4-2ffe863c168d
2026-09-29T14:50:19.076+08:00  INFO 4276 --- [seckill-system] [o-18090-exec-80] c.d.s.service.ProtectedSeckillService    : submission queued request=02f565d1-2f9c-344a-a07f-a0335b3735ff
2026-09-29T14:50:19.077+08:00  INFO 4276 --- [seckill-system] [OrderListener-1] c.d.seckill.service.AsyncOrderConsumer   : order committed request=9a2803a3-65eb-333c-8f69-83a3ef0a909e order=133867
2026-09-29T14:50:19.077+08:00  INFO 4276 --- [seckill-system] [OrderListener-2] c.d.seckill.service.AsyncOrderConsumer   : order committed request=0df5f75f-bb20-32ca-b17d-44bf8be3806b order=133868
2026-09-29T14:50:19.080+08:00  INFO 4276 --- [seckill-system] [o-18090-exec-91] c.d.s.service.ProtectedSeckillService    : submission queued request=3f9d8f02-f865-352f-8b51-19090c24b29f
2026-09-29T14:50:19.084+08:00  INFO 4276 --- [seckill-system] [o-18090-exec-55] c.d.s.service.ProtectedSeckillService    : submission queued request=0fc7604f-d38f-35ab-bda0-367650f06af1
2026-09-29T14:50:19.089+08:00  INFO 4276 --- [seckill-system] [o-18090-exec-40] c.d.s.service.ProtectedSeckillService    : submission queued request=e45f6d1b-28c5-3046-85fd-5fa2c9cbdcfc
2026-09-29T14:50:19.090+08:00  INFO 4276 --- [seckill-system] [OrderListener-2] c.d.seckill.service.AsyncOrderConsumer   : order committed request=ab0d532e-a9e3-36e3-98df-be3560ec6833 order=133870
2026-09-29T14:50:19.091+08:00  INFO 4276 --- [seckill-system] [OrderListener-1] c.d.seckill.service.AsyncOrderConsumer   : order committed request=79215719-854d-32e4-a38c-84b5969a8763 order=133869
2026-09-29T14:50:19.095+08:00  INFO 4276 --- [seckill-system] [o-18090-exec-73] c.d.s.service.ProtectedSeckillService    : submission queued request=053aab54-1691-3aea-9f38-5172871abe4d
2026-09-29T14:50:19.100+08:00  INFO 4276 --- [seckill-system] [o-18090-exec-22] c.d.s.service.ProtectedSeckillService    : submission queued request=9fb314ca-19c5-3cf7-8ec3-123ed4cde387
2026-09-29T14:50:19.105+08:00  INFO 4276 --- [seckill-system] [o-18090-exec-27] c.d.s.service.ProtectedSeckillService    : submission queued request=a753ca3b-d95e-366f-818a-eebaa045c267
2026-09-29T14:50:19.106+08:00  INFO 4276 --- [seckill-system] [OrderListener-2] c.d.seckill.service.AsyncOrderConsumer   : order committed request=547e9fa6-af1b-360e-9653-4c2ebeaf2c8d order=133871
2026-09-29T14:50:19.108+08:00  INFO 4276 --- [seckill-system] [OrderListener-1] c.d.seckill.service.AsyncOrderConsumer   : order committed request=1cf5e12f-0abb-3e18-b6b9-4f99345ba6ce order=133872
2026-09-29T14:50:19.111+08:00  INFO 4276 --- [seckill-system] [o-18090-exec-21] c.d.s.service.ProtectedSeckillService    : submission queued request=37d2e7c1-b540-3ee5-a6c8-c7fea8eec418
2026-09-29T14:50:19.116+08:00  INFO 4276 --- [seckill-system] [-18090-exec-100] c.d.s.service.ProtectedSeckillService    : submission queued request=980c6e9d-13a3-3b49-a692-431fa8e2d48b
2026-09-29T14:50:19.120+08:00  INFO 4276 --- [seckill-system] [o-18090-exec-36] c.d.s.service.ProtectedSeckillService    : submission queued request=2d4bef7a-c148-366d-b747-ece5bec92777
2026-09-29T14:50:19.120+08:00  INFO 4276 --- [seckill-system] [OrderListener-2] c.d.seckill.service.AsyncOrderConsumer   : order committed request=496e6c5b-a112-3d2d-8d47-3fcb5b6c7ffb order=133873
2026-09-29T14:50:19.122+08:00  INFO 4276 --- [seckill-system] [OrderListener-1] c.d.seckill.service.AsyncOrderConsumer   : order committed request=fda09c06-234f-3664-811a-b51c6f4b204f order=133874
2026-09-29T14:50:19.124+08:00  INFO 4276 --- [seckill-system] [o-18090-exec-52] c.d.s.service.ProtectedSeckillService    : submission queued request=01fe9a9b-e4e5-3125-81b4-2aa4007942c4
2026-09-29T14:50:19.130+08:00  INFO 4276 --- [seckill-system] [o-18090-exec-90] c.d.s.service.ProtectedSeckillService    : submission queued request=5d5fa758-1189-36c6-9d9e-7383a8480f31
2026-09-29T14:50:19.137+08:00  INFO 4276 --- [seckill-system] [o-18090-exec-99] c.d.s.service.ProtectedSeckillService    : submission queued request=fa1f0d45-2908-3d61-9520-4c414a0d6e34
2026-09-29T14:50:19.137+08:00  INFO 4276 --- [seckill-system] [OrderListener-1] c.d.seckill.service.AsyncOrderConsumer   : order committed request=49125270-0a71-3932-9d0c-cd115359c9d4 order=133876
2026-09-29T14:50:19.137+08:00  INFO 4276 --- [seckill-system] [OrderListener-2] c.d.seckill.service.AsyncOrderConsumer   : order committed request=d7fe4074-7591-3905-9ea9-0e1de2bbd4c2 order=133875
2026-09-29T14:50:19.142+08:00  INFO 4276 --- [seckill-system] [o-18090-exec-73] c.d.s.service.ProtectedSeckillService    : submission queued request=c3df7295-9298-3c15-b60d-8e2ce7d41025
2026-09-29T14:50:19.145+08:00  INFO 4276 --- [seckill-system] [o-18090-exec-71] c.d.s.service.ProtectedSeckillService    : submission queued request=970975ee-3783-36f4-a3a0-9d2afc746756
2026-09-29T14:50:19.149+08:00  INFO 4276 --- [seckill-system] [o-18090-exec-96] c.d.s.service.ProtectedSeckillService    : submission queued request=5b6930a9-ded5-3fbb-a137-bf6cdb6f5305
2026-09-29T14:50:19.153+08:00  INFO 4276 --- [seckill-system] [OrderListener-1] c.d.seckill.service.AsyncOrderConsumer   : order committed request=78f3aaf8-d589-3e20-8967-dd4797aa46df order=133877
2026-09-29T14:50:19.154+08:00  INFO 4276 --- [seckill-system] [OrderListener-2] c.d.seckill.service.AsyncOrderConsumer   : order committed request=08c0554a-d1eb-37e9-907f-824494df6346 order=133878
2026-09-29T14:50:19.155+08:00  INFO 4276 --- [seckill-system] [o-18090-exec-10] c.d.s.service.ProtectedSeckillService    : submission queued request=e6fc773d-3572-34a7-80cd-ce7c01e5124f
2026-09-29T14:50:19.158+08:00  INFO 4276 --- [seckill-system] [o-18090-exec-44] c.d.s.service.ProtectedSeckillService    : submission queued request=ad3713d9-8e7f-337a-b04c-683061cae69f
2026-09-29T14:50:19.165+08:00  INFO 4276 --- [seckill-system] [o-18090-exec-36] c.d.s.service.ProtectedSeckillService    : submission queued request=87a64e9c-7680-38aa-a43a-d26aa8c9ba88
2026-09-29T14:50:19.167+08:00  INFO 4276 --- [seckill-system] [OrderListener-1] c.d.seckill.service.AsyncOrderConsumer   : order committed request=8c694479-0627-3a59-8980-b9626d363ef0 order=133880
2026-09-29T14:50:19.167+08:00  INFO 4276 --- [seckill-system] [OrderListener-2] c.d.seckill.service.AsyncOrderConsumer   : order committed request=85c41f39-590f-3484-bc64-36f80e79b7ba order=133879
2026-09-29T14:50:19.169+08:00  INFO 4276 --- [seckill-system] [o-18090-exec-56] c.d.s.service.ProtectedSeckillService    : submission queued request=8b20c184-e654-3d25-8cea-6fcdc947c339
2026-09-29T14:50:19.174+08:00  INFO 4276 --- [seckill-system] [o-18090-exec-65] c.d.s.service.ProtectedSeckillService    : submission queued request=1c43907d-f588-3694-9145-ffc1b739cea8
2026-09-29T14:50:19.183+08:00  INFO 4276 --- [seckill-system] [OrderListener-2] c.d.seckill.service.AsyncOrderConsumer   : order committed request=2b907d2f-5a1e-31c2-8121-c35ef6a1cd26 order=133881
2026-09-29T14:50:19.183+08:00  INFO 4276 --- [seckill-system] [OrderListener-1] c.d.seckill.service.AsyncOrderConsumer   : order committed request=e3af3d5f-5e44-3087-93d7-dbfcdf192bab order=133882
2026-09-29T14:50:19.186+08:00  INFO 4276 --- [seckill-system] [o-18090-exec-61] c.d.s.service.ProtectedSeckillService    : submission queued request=c4f29753-f955-3748-a5b2-2842496c370f
2026-09-29T14:50:19.191+08:00  INFO 4276 --- [seckill-system] [o-18090-exec-27] c.d.s.service.ProtectedSeckillService    : submission queued request=8307e16d-ee82-3573-b503-bbd9ace53f84
2026-09-29T14:50:19.192+08:00  INFO 4276 --- [seckill-system] [o-18090-exec-96] c.d.s.service.ProtectedSeckillService    : submission queued request=5fa11f0b-178b-377e-995b-bf05b4fdd251
2026-09-29T14:50:19.196+08:00  INFO 4276 --- [seckill-system] [o-18090-exec-93] c.d.s.service.ProtectedSeckillService    : submission queued request=96f731e3-7432-38fd-b686-cae79173299f
2026-09-29T14:50:19.204+08:00  INFO 4276 --- [seckill-system] [OrderListener-2] c.d.seckill.service.AsyncOrderConsumer   : order committed request=485b8c31-aa0c-3072-bb05-68db64ad0cfd order=133884
2026-09-29T14:50:19.204+08:00  INFO 4276 --- [seckill-system] [OrderListener-1] c.d.seckill.service.AsyncOrderConsumer   : order committed request=5f901f76-eee6-3be6-832e-c4633eebf3d0 order=133883
2026-09-29T14:50:19.214+08:00  INFO 4276 --- [seckill-system] [o-18090-exec-12] c.d.s.service.ProtectedSeckillService    : submission queued request=edb2c8eb-f174-3175-8e43-b9efae79c0cb
2026-09-29T14:50:19.216+08:00  INFO 4276 --- [seckill-system] [o-18090-exec-72] c.d.s.service.ProtectedSeckillService    : submission queued request=d2b72ab0-fd54-32bb-8a4c-52754bafcb08
2026-09-29T14:50:19.216+08:00  INFO 4276 --- [seckill-system] [o-18090-exec-83] c.d.s.service.ProtectedSeckillService    : submission queued request=fda8fa04-08df-36ce-a607-488a0fd1f6ed
2026-09-29T14:50:19.218+08:00  INFO 4276 --- [seckill-system] [o-18090-exec-77] c.d.s.service.ProtectedSeckillService    : submission queued request=07ddaf4f-6f2e-378d-a36e-03324d6ebdea
2026-09-29T14:50:19.221+08:00  INFO 4276 --- [seckill-system] [o-18090-exec-87] c.d.s.service.ProtectedSeckillService    : submission queued request=cd650e6a-6779-304c-8586-c852cdce72cf
2026-09-29T14:50:19.221+08:00  INFO 4276 --- [seckill-system] [OrderListener-2] c.d.seckill.service.AsyncOrderConsumer   : order committed request=3ac71545-ca52-3fa9-a1d3-ec8250cf20ac order=133886
2026-09-29T14:50:19.221+08:00  INFO 4276 --- [seckill-system] [OrderListener-1] c.d.seckill.service.AsyncOrderConsumer   : order committed request=dc84ac1d-d913-3054-a053-0fb381ec40bf order=133885
2026-09-29T14:50:19.225+08:00  INFO 4276 --- [seckill-system] [o-18090-exec-71] c.d.s.service.ProtectedSeckillService    : submission queued request=e9eeaa4e-763f-3954-825a-5fd7143b838e
2026-09-29T14:50:19.230+08:00  INFO 4276 --- [seckill-system] [o-18090-exec-42] c.d.s.service.ProtectedSeckillService    : submission queued request=1321e7f6-b902-34c6-9fd0-991039e11f3d
2026-09-29T14:50:19.235+08:00  INFO 4276 --- [seckill-system] [o-18090-exec-68] c.d.s.service.ProtectedSeckillService    : submission queued request=1d161850-a23e-346e-ae9d-11bf81b0b329
2026-09-29T14:50:19.237+08:00  INFO 4276 --- [seckill-system] [OrderListener-2] c.d.seckill.service.AsyncOrderConsumer   : order committed request=07674d0a-b2e5-3e96-9bcf-9f75c4e23edd order=133888
2026-09-29T14:50:19.237+08:00  INFO 4276 --- [seckill-system] [OrderListener-1] c.d.seckill.service.AsyncOrderConsumer   : order committed request=0a7add43-a37d-3650-9165-b37cf5d4cf55 order=133887
2026-09-29T14:50:19.241+08:00  INFO 4276 --- [seckill-system] [o-18090-exec-74] c.d.s.service.ProtectedSeckillService    : submission queued request=c1a516df-7500-3561-9e2c-b503b8d08eb3
2026-09-29T14:50:19.245+08:00  INFO 4276 --- [seckill-system] [o-18090-exec-28] c.d.s.service.ProtectedSeckillService    : submission queued request=9aa10684-0f26-38d6-b3db-41d37a80c221
2026-09-29T14:50:19.248+08:00  INFO 4276 --- [seckill-system] [o-18090-exec-18] c.d.s.service.ProtectedSeckillService    : submission queued request=119f9134-f48b-3bcf-8d8f-5d40b225dee5
2026-09-29T14:50:19.251+08:00  INFO 4276 --- [seckill-system] [OrderListener-1] c.d.seckill.service.AsyncOrderConsumer   : order committed request=d58fa160-b783-3a05-b8ce-741cb51e470f order=133890
2026-09-29T14:50:19.252+08:00  INFO 4276 --- [seckill-system] [OrderListener-2] c.d.seckill.service.AsyncOrderConsumer   : order committed request=dbfb0f23-7746-3849-a4b5-4b314aaec408 order=133889
2026-09-29T14:50:19.253+08:00  INFO 4276 --- [seckill-system] [o-18090-exec-12] c.d.s.service.ProtectedSeckillService    : submission queued request=3cbb4807-8c4e-375f-bb19-1738824addd1
2026-09-29T14:50:19.261+08:00  INFO 4276 --- [seckill-system] [o-18090-exec-66] c.d.s.service.ProtectedSeckillService    : submission queued request=8cb66218-fe05-3403-8988-a1a1c0527a37
2026-09-29T14:50:19.264+08:00  INFO 4276 --- [seckill-system] [o-18090-exec-44] c.d.s.service.ProtectedSeckillService    : submission queued request=08903ec6-d677-300e-9e1b-2116cadb5df0
2026-09-29T14:50:19.265+08:00  INFO 4276 --- [seckill-system] [OrderListener-1] c.d.seckill.service.AsyncOrderConsumer   : order committed request=d1907b3b-9419-360b-81b5-730229b425bd order=133891
2026-09-29T14:50:19.265+08:00  INFO 4276 --- [seckill-system] [OrderListener-2] c.d.seckill.service.AsyncOrderConsumer   : order committed request=ae11a50b-4e47-3715-a8dd-bdac939fe10c order=133892
2026-09-29T14:50:19.269+08:00  INFO 4276 --- [seckill-system] [o-18090-exec-93] c.d.s.service.ProtectedSeckillService    : submission queued request=977bf4ba-7e7a-31c5-9b0e-67e7525321ed
2026-09-29T14:50:19.275+08:00  INFO 4276 --- [seckill-system] [io-18090-exec-1] c.d.s.service.ProtectedSeckillService    : submission queued request=db4e1e08-cffd-3876-b375-3f7dabe9a113
2026-09-29T14:50:19.279+08:00  INFO 4276 --- [seckill-system] [o-18090-exec-37] c.d.s.service.ProtectedSeckillService    : submission queued request=b6c4ba05-1ede-3635-af89-11a094779a46
2026-09-29T14:50:19.280+08:00  INFO 4276 --- [seckill-system] [OrderListener-2] c.d.seckill.service.AsyncOrderConsumer   : order committed request=c13f1535-20b3-3205-83bc-422958679b66 order=133893
2026-09-29T14:50:19.280+08:00  INFO 4276 --- [seckill-system] [OrderListener-1] c.d.seckill.service.AsyncOrderConsumer   : order committed request=7101d769-6524-3646-9256-1b1bf8d20ff0 order=133894
2026-09-29T14:50:19.283+08:00  INFO 4276 --- [seckill-system] [o-18090-exec-18] c.d.s.service.ProtectedSeckillService    : submission queued request=c9b2ac29-37b5-3558-afea-4e378c1ea613
2026-09-29T14:50:19.290+08:00  INFO 4276 --- [seckill-system] [o-18090-exec-81] c.d.s.service.ProtectedSeckillService    : submission queued request=ceca0fbb-ee5d-3923-baa0-f8a5331fe058
2026-09-29T14:50:19.292+08:00  INFO 4276 --- [seckill-system] [OrderListener-2] c.d.seckill.service.AsyncOrderConsumer   : order committed request=794e4533-5e18-3b31-923e-b37d8195f451 order=133895
2026-09-29T14:50:19.293+08:00  INFO 4276 --- [seckill-system] [OrderListener-1] c.d.seckill.service.AsyncOrderConsumer   : order committed request=0ef38d09-0a2d-344b-b119-6e3a52859fff order=133896
2026-09-29T14:50:19.293+08:00  INFO 4276 --- [seckill-system] [o-18090-exec-17] c.d.s.service.ProtectedSeckillService    : submission queued request=109f6fb3-280e-35a6-9734-7fa7ec80cd03
2026-09-29T14:50:19.299+08:00  INFO 4276 --- [seckill-system] [o-18090-exec-44] c.d.s.service.ProtectedSeckillService    : submission queued request=9e5d5274-2ec1-347f-a169-cde1d5a112a1
2026-09-29T14:50:19.304+08:00  INFO 4276 --- [seckill-system] [o-18090-exec-75] c.d.s.service.ProtectedSeckillService    : submission queued request=a06be837-c37a-315c-960a-0a8ffbddb8a1
2026-09-29T14:50:19.305+08:00  INFO 4276 --- [seckill-system] [OrderListener-1] c.d.seckill.service.AsyncOrderConsumer   : order committed request=ee8a44e9-6c6a-3c3e-aa87-50f31ec1b518 order=133898
2026-09-29T14:50:19.306+08:00  INFO 4276 --- [seckill-system] [OrderListener-2] c.d.seckill.service.AsyncOrderConsumer   : order committed request=8f4dcaa3-631d-344d-a86a-3cf5e14cf6e8 order=133897
2026-09-29T14:50:19.309+08:00  INFO 4276 --- [seckill-system] [o-18090-exec-57] c.d.s.service.ProtectedSeckillService    : submission queued request=89f47d28-b8ed-3b8c-b510-56fc78d53e48
2026-09-29T14:50:19.313+08:00  INFO 4276 --- [seckill-system] [o-18090-exec-98] c.d.s.service.ProtectedSeckillService    : submission queued request=9465d6b2-761d-3494-96db-65f15ea3770b
2026-09-29T14:50:19.318+08:00  INFO 4276 --- [seckill-system] [io-18090-exec-9] c.d.s.service.ProtectedSeckillService    : submission queued request=3070620e-ab30-35d2-b6b4-ecfae86388ca
2026-09-29T14:50:19.329+08:00  INFO 4276 --- [seckill-system] [OrderListener-1] c.d.seckill.service.AsyncOrderConsumer   : order committed request=3620149f-1e26-349b-8500-b87be834b9dd order=133900
2026-09-29T14:50:19.329+08:00  INFO 4276 --- [seckill-system] [OrderListener-2] c.d.seckill.service.AsyncOrderConsumer   : order committed request=67c83f00-7268-3070-81cf-fd6d599b56c2 order=133899
2026-09-29T14:50:19.339+08:00  INFO 4276 --- [seckill-system] [o-18090-exec-78] c.d.s.service.ProtectedSeckillService    : submission queued request=cabba4f7-5560-345b-a432-2b47135be24b
2026-09-29T14:50:19.340+08:00  INFO 4276 --- [seckill-system] [o-18090-exec-48] c.d.s.service.ProtectedSeckillService    : submission queued request=bad72fae-6cae-356e-9cee-c01cd611ecfb
2026-09-29T14:50:19.340+08:00  INFO 4276 --- [seckill-system] [o-18090-exec-26] c.d.s.service.ProtectedSeckillService    : submission queued request=d98cefd6-8046-3bb3-adb7-866d6d15d4b3
2026-09-29T14:50:19.342+08:00  INFO 4276 --- [seckill-system] [o-18090-exec-12] c.d.s.service.ProtectedSeckillService    : submission queued request=64173eb5-d0a2-3e0a-acfc-0972b003fbd5
2026-09-29T14:50:19.344+08:00  INFO 4276 --- [seckill-system] [o-18090-exec-31] c.d.s.service.ProtectedSeckillService    : submission queued request=af223f05-6fe5-3acb-ac82-7376f8d1786e
2026-09-29T14:50:19.346+08:00  INFO 4276 --- [seckill-system] [OrderListener-2] c.d.seckill.service.AsyncOrderConsumer   : order committed request=77e12001-6bcc-3ffa-a1d1-2436d441f053 order=133901
2026-09-29T14:50:19.347+08:00  INFO 4276 --- [seckill-system] [OrderListener-1] c.d.seckill.service.AsyncOrderConsumer   : order committed request=b64443c8-8423-3a64-8494-cc6433508999 order=133902
2026-09-29T14:50:19.361+08:00  INFO 4276 --- [seckill-system] [o-18090-exec-27] c.d.s.service.ProtectedSeckillService    : submission queued request=29b40caf-40b0-3df7-8296-ef31026d053c
2026-09-29T14:50:19.363+08:00  INFO 4276 --- [seckill-system] [o-18090-exec-33] c.d.s.service.ProtectedSeckillService    : submission queued request=697a9ab3-d12f-3389-a4dc-4762bcddd797
2026-09-29T14:50:19.364+08:00  INFO 4276 --- [seckill-system] [o-18090-exec-18] c.d.s.service.ProtectedSeckillService    : submission queued request=e1d088e8-a109-3566-9882-202bf3c17c47
2026-09-29T14:50:19.366+08:00  INFO 4276 --- [seckill-system] [o-18090-exec-79] c.d.s.service.ProtectedSeckillService    : submission queued request=0a99102b-debc-39b8-bdcc-0df0c3c3407f
2026-09-29T14:50:19.368+08:00  INFO 4276 --- [seckill-system] [OrderListener-2] c.d.seckill.service.AsyncOrderConsumer   : order committed request=8eaba7e5-6410-3841-857c-2b94481ad1b9 order=133903
2026-09-29T14:50:19.369+08:00  INFO 4276 --- [seckill-system] [OrderListener-1] c.d.seckill.service.AsyncOrderConsumer   : order committed request=0b8fd84d-081b-3e3b-acd3-645b4186f1f7 order=133904
2026-09-29T14:50:19.370+08:00  INFO 4276 --- [seckill-system] [o-18090-exec-25] c.d.s.service.ProtectedSeckillService    : submission queued request=40aca556-91bc-3362-8a04-6ad5bc5572ef
2026-09-29T14:50:19.375+08:00  INFO 4276 --- [seckill-system] [o-18090-exec-89] c.d.s.service.ProtectedSeckillService    : submission queued request=773ab6cc-25a7-3038-a326-d20b67b9e778
2026-09-29T14:50:19.381+08:00  INFO 4276 --- [seckill-system] [o-18090-exec-35] c.d.s.service.ProtectedSeckillService    : submission queued request=4808fd3e-7633-38d6-91ab-59044800d975
2026-09-29T14:50:19.385+08:00  INFO 4276 --- [seckill-system] [OrderListener-2] c.d.seckill.service.AsyncOrderConsumer   : order committed request=85cf8b51-d567-3109-beed-dbe6ff1331e1 order=133905
2026-09-29T14:50:19.386+08:00  INFO 4276 --- [seckill-system] [o-18090-exec-23] c.d.s.service.ProtectedSeckillService    : submission queued request=75b45a35-0440-384d-a639-f140554e2b96
2026-09-29T14:50:19.386+08:00  INFO 4276 --- [seckill-system] [OrderListener-1] c.d.seckill.service.AsyncOrderConsumer   : order committed request=7583779c-0d59-3ebb-9888-ce775271ac0d order=133906
2026-09-29T14:50:19.393+08:00  INFO 4276 --- [seckill-system] [o-18090-exec-57] c.d.s.service.ProtectedSeckillService    : submission queued request=cb4c394d-78e6-34a5-ad46-1c7906b9b13f
2026-09-29T14:50:19.405+08:00  INFO 4276 --- [seckill-system] [io-18090-exec-8] c.d.s.service.ProtectedSeckillService    : submission queued request=2523e7de-f491-343d-9181-6030cb5ae8ea
2026-09-29T14:50:19.410+08:00  INFO 4276 --- [seckill-system] [o-18090-exec-31] c.d.s.service.ProtectedSeckillService    : submission queued request=638bca60-9637-36f6-949c-11b34e973dcf
2026-09-29T14:50:19.412+08:00  INFO 4276 --- [seckill-system] [o-18090-exec-33] c.d.s.service.ProtectedSeckillService    : submission queued request=e8974af1-0fed-3c54-b988-d2748c924e0d
2026-09-29T14:50:19.414+08:00  INFO 4276 --- [seckill-system] [OrderListener-2] c.d.seckill.service.AsyncOrderConsumer   : order committed request=ecdca16d-8981-333c-a1c3-720aa9d4d241 order=133907
2026-09-29T14:50:19.414+08:00  INFO 4276 --- [seckill-system] [OrderListener-1] c.d.seckill.service.AsyncOrderConsumer   : order committed request=c7b65a3c-f226-3665-bb2a-006e67f64372 order=133908
2026-09-29T14:50:19.419+08:00  INFO 4276 --- [seckill-system] [o-18090-exec-51] c.d.s.service.ProtectedSeckillService    : submission queued request=dd2f0b79-5aff-3da3-9cd3-a72be6bc185b
2026-09-29T14:50:19.424+08:00  INFO 4276 --- [seckill-system] [io-18090-exec-7] c.d.s.service.ProtectedSeckillService    : submission queued request=545bd49f-cbc7-3871-9e0b-4e0766978438
2026-09-29T14:50:19.431+08:00  INFO 4276 --- [seckill-system] [o-18090-exec-82] c.d.s.service.ProtectedSeckillService    : submission queued request=f7dd83ef-1c93-3f1e-91e6-3ea0e38e184e
2026-09-29T14:50:19.432+08:00  INFO 4276 --- [seckill-system] [o-18090-exec-44] c.d.s.service.ProtectedSeckillService    : submission queued request=f01bf132-4e5e-3411-81cd-fd46f3884918
2026-09-29T14:50:19.437+08:00  INFO 4276 --- [seckill-system] [OrderListener-1] c.d.seckill.service.AsyncOrderConsumer   : order committed request=367627f4-211a-347d-91f2-2c150ef3e101 order=133909
2026-09-29T14:50:19.437+08:00  INFO 4276 --- [seckill-system] [OrderListener-2] c.d.seckill.service.AsyncOrderConsumer   : order committed request=4ec5f6a6-5c24-35e7-ad1e-4ec7da05a1bc order=133910
2026-09-29T14:50:19.443+08:00  INFO 4276 --- [seckill-system] [o-18090-exec-39] c.d.s.service.ProtectedSeckillService    : submission queued request=92b5b23f-7f5e-3ae8-a886-63f098e38105
2026-09-29T14:50:19.443+08:00  INFO 4276 --- [seckill-system] [o-18090-exec-26] c.d.s.service.ProtectedSeckillService    : submission queued request=1228de61-5b54-3155-b7f5-a1a7282cdb9c
2026-09-29T14:50:19.443+08:00  INFO 4276 --- [seckill-system] [o-18090-exec-69] c.d.s.service.ProtectedSeckillService    : submission queued request=d521d27d-5020-3e29-a890-40e6c071cfae
2026-09-29T14:50:19.452+08:00  INFO 4276 --- [seckill-system] [o-18090-exec-48] c.d.s.service.ProtectedSeckillService    : submission queued request=f8aa020e-418f-36ae-b4dc-29e3c3c6ac8a
2026-09-29T14:50:19.454+08:00  INFO 4276 --- [seckill-system] [o-18090-exec-63] c.d.s.service.ProtectedSeckillService    : submission queued request=c3029a22-d365-3c86-991b-25b5f2253d43
2026-09-29T14:50:19.458+08:00  INFO 4276 --- [seckill-system] [o-18090-exec-54] c.d.s.service.ProtectedSeckillService    : submission queued request=bd9c791e-e342-3558-a083-e57a0a671471
2026-09-29T14:50:19.461+08:00  INFO 4276 --- [seckill-system] [io-18090-exec-9] c.d.s.service.ProtectedSeckillService    : submission queued request=b77e877e-0e01-36b7-8163-7b2f8fef4346
2026-09-29T14:50:19.465+08:00  INFO 4276 --- [seckill-system] [OrderListener-1] c.d.seckill.service.AsyncOrderConsumer   : order committed request=6a73e012-f83c-3eb9-b57b-6a95d4933d2f order=133912
2026-09-29T14:50:19.465+08:00  INFO 4276 --- [seckill-system] [OrderListener-2] c.d.seckill.service.AsyncOrderConsumer   : order committed request=0cd79ec1-fa49-318d-a43e-5ddf9c89d83f order=133911
2026-09-29T14:50:19.472+08:00  INFO 4276 --- [seckill-system] [o-18090-exec-38] c.d.s.service.ProtectedSeckillService    : submission queued request=b9a8e068-49e0-327e-91d0-eebfa69a5022
2026-09-29T14:50:19.477+08:00  INFO 4276 --- [seckill-system] [o-18090-exec-22] c.d.s.service.ProtectedSeckillService    : submission queued request=aa7de010-32e0-3bb2-8a59-93dba933626b
2026-09-29T14:50:19.479+08:00  INFO 4276 --- [seckill-system] [o-18090-exec-12] c.d.s.service.ProtectedSeckillService    : submission queued request=2ddd3d37-0255-3687-8b07-fb52c5c1fff9
2026-09-29T14:50:19.480+08:00  INFO 4276 --- [seckill-system] [o-18090-exec-71] c.d.s.service.ProtectedSeckillService    : submission queued request=cd8bf8b1-344d-3761-b522-2e0520a81ee5
2026-09-29T14:50:19.482+08:00  INFO 4276 --- [seckill-system] [OrderListener-1] c.d.seckill.service.AsyncOrderConsumer   : order committed request=0c943409-226e-30f2-b307-f0b8dd6ea941 order=133914
2026-09-29T14:50:19.485+08:00  INFO 4276 --- [seckill-system] [OrderListener-2] c.d.seckill.service.AsyncOrderConsumer   : order committed request=d2944380-2f94-3c85-8136-37156b3c8f50 order=133913
2026-09-29T14:50:19.488+08:00  INFO 4276 --- [seckill-system] [o-18090-exec-84] c.d.s.service.ProtectedSeckillService    : submission queued request=bf066075-153c-3a83-85d1-50b432c34457
2026-09-29T14:50:19.492+08:00  INFO 4276 --- [seckill-system] [io-18090-exec-3] c.d.s.service.ProtectedSeckillService    : submission queued request=b677d09a-075a-383d-9eb0-c0ac0c55969a
2026-09-29T14:50:19.496+08:00  INFO 4276 --- [seckill-system] [o-18090-exec-57] c.d.s.service.ProtectedSeckillService    : submission queued request=ad7441a2-7082-35d3-869a-04f020880655
2026-09-29T14:50:19.500+08:00  INFO 4276 --- [seckill-system] [OrderListener-1] c.d.seckill.service.AsyncOrderConsumer   : order committed request=cd52d7cc-bc4c-37a0-9a8a-0a859fbd4c45 order=133915
2026-09-29T14:50:19.500+08:00  INFO 4276 --- [seckill-system] [o-18090-exec-85] c.d.s.service.ProtectedSeckillService    : submission queued request=2cab4700-f7ff-38b9-a18a-b652f9e597fc
2026-09-29T14:50:19.503+08:00  INFO 4276 --- [seckill-system] [OrderListener-2] c.d.seckill.service.AsyncOrderConsumer   : order committed request=7397adb4-6a96-3fef-82e9-04b9b79a4d00 order=133916
2026-09-29T14:50:19.509+08:00  INFO 4276 --- [seckill-system] [o-18090-exec-96] c.d.s.service.ProtectedSeckillService    : submission queued request=0dc8dbbc-2a69-3bee-8a19-c2824e875572
2026-09-29T14:50:19.510+08:00  INFO 4276 --- [seckill-system] [o-18090-exec-95] c.d.s.service.ProtectedSeckillService    : submission queued request=c97beba6-b26b-3125-a9e3-0500a4cb1bf6
2026-09-29T14:50:19.516+08:00  INFO 4276 --- [seckill-system] [o-18090-exec-10] c.d.s.service.ProtectedSeckillService    : submission queued request=a5f3ee94-fc06-3acb-bb19-756962b726c3
2026-09-29T14:50:19.517+08:00  INFO 4276 --- [seckill-system] [OrderListener-1] c.d.seckill.service.AsyncOrderConsumer   : order committed request=918f5f6c-7f43-34b9-b806-baf2e99734ff order=133917
2026-09-29T14:50:19.520+08:00  INFO 4276 --- [seckill-system] [OrderListener-2] c.d.seckill.service.AsyncOrderConsumer   : order committed request=7a39d939-8168-34cd-af0d-7527c9e5745a order=133918
2026-09-29T14:50:19.522+08:00  INFO 4276 --- [seckill-system] [o-18090-exec-41] c.d.s.service.ProtectedSeckillService    : submission queued request=e0ff53b8-20b5-372c-beb9-d9a963e13e76
2026-09-29T14:50:19.527+08:00  INFO 4276 --- [seckill-system] [o-18090-exec-52] c.d.s.service.ProtectedSeckillService    : submission queued request=e003f8a9-cd43-3754-acf8-3b1cd7c507fe
2026-09-29T14:50:19.532+08:00  INFO 4276 --- [seckill-system] [o-18090-exec-74] c.d.s.service.ProtectedSeckillService    : submission queued request=6c04823d-8a21-392b-964a-ac40fb1ce25f
2026-09-29T14:50:19.534+08:00  INFO 4276 --- [seckill-system] [OrderListener-1] c.d.seckill.service.AsyncOrderConsumer   : order committed request=bf3f6a88-78b2-3f21-90f2-a3b69ca6adc2 order=133919
2026-09-29T14:50:19.536+08:00  INFO 4276 --- [seckill-system] [OrderListener-2] c.d.seckill.service.AsyncOrderConsumer   : order committed request=8873e4b7-ea1f-36bb-91c3-8465d5332e39 order=133920
2026-09-29T14:50:19.540+08:00  INFO 4276 --- [seckill-system] [o-18090-exec-81] c.d.s.service.ProtectedSeckillService    : submission queued request=c3c1788c-d7a9-3420-bcb2-4fd219e98d6c
2026-09-29T14:50:19.542+08:00  INFO 4276 --- [seckill-system] [o-18090-exec-63] c.d.s.service.ProtectedSeckillService    : submission queued request=f6024478-f4ed-374f-a4e6-f1e36b7cba2f
2026-09-29T14:50:19.547+08:00  INFO 4276 --- [seckill-system] [io-18090-exec-1] c.d.s.service.ProtectedSeckillService    : submission queued request=9028106c-6c07-3dae-a7ea-c89e565ef94b
2026-09-29T14:50:19.551+08:00  INFO 4276 --- [seckill-system] [OrderListener-1] c.d.seckill.service.AsyncOrderConsumer   : order committed request=1ed70b87-0faf-382c-a560-5d73f4a9dffd order=133921
2026-09-29T14:50:19.553+08:00  INFO 4276 --- [seckill-system] [o-18090-exec-12] c.d.s.service.ProtectedSeckillService    : submission queued request=2e596677-add6-315a-8422-b0b6d2ded572
2026-09-29T14:50:19.553+08:00  INFO 4276 --- [seckill-system] [OrderListener-2] c.d.seckill.service.AsyncOrderConsumer   : order committed request=9559744d-76ad-3aa7-b8ce-129034861f78 order=133922
2026-09-29T14:50:19.556+08:00  INFO 4276 --- [seckill-system] [io-18090-exec-2] c.d.s.service.ProtectedSeckillService    : submission queued request=a2850f2b-9542-3e36-bac5-e23a46ba4bd4
2026-09-29T14:50:19.563+08:00  INFO 4276 --- [seckill-system] [o-18090-exec-11] c.d.s.service.ProtectedSeckillService    : submission queued request=6beed716-f903-37e4-82a3-332509d57bbe
2026-09-29T14:50:19.567+08:00  INFO 4276 --- [seckill-system] [o-18090-exec-97] c.d.s.service.ProtectedSeckillService    : submission queued request=b9395bd1-1c47-3f4d-92a8-f6ebb8d339ce
2026-09-29T14:50:19.569+08:00  INFO 4276 --- [seckill-system] [OrderListener-1] c.d.seckill.service.AsyncOrderConsumer   : order committed request=9355bf07-cd2f-3038-9a0b-1f75f7170400 order=133923
2026-09-29T14:50:19.570+08:00  INFO 4276 --- [seckill-system] [o-18090-exec-67] c.d.s.service.ProtectedSeckillService    : submission queued request=e0906819-2233-31de-bd9f-0c37f0a49a74
2026-09-29T14:50:19.570+08:00  INFO 4276 --- [seckill-system] [OrderListener-2] c.d.seckill.service.AsyncOrderConsumer   : order committed request=102d108d-d95b-3ef2-8bd2-f9111310071f order=133924
2026-09-29T14:50:19.575+08:00  INFO 4276 --- [seckill-system] [o-18090-exec-40] c.d.s.service.ProtectedSeckillService    : submission queued request=df808cc7-79c8-3645-a238-dc54d25db6b1
2026-09-29T14:50:19.580+08:00  INFO 4276 --- [seckill-system] [o-18090-exec-88] c.d.s.service.ProtectedSeckillService    : submission queued request=5010da05-e8fe-35b5-818b-b3ec0b3702df
2026-09-29T14:50:19.585+08:00  INFO 4276 --- [seckill-system] [OrderListener-1] c.d.seckill.service.AsyncOrderConsumer   : order committed request=34f0bff3-0d47-3378-9f4f-809a6ed9ae2d order=133925
2026-09-29T14:50:19.585+08:00  INFO 4276 --- [seckill-system] [OrderListener-2] c.d.seckill.service.AsyncOrderConsumer   : order committed request=00e8ab63-5f3b-3a02-90d9-b460505c6d03 order=133926
2026-09-29T14:50:19.586+08:00  INFO 4276 --- [seckill-system] [o-18090-exec-35] c.d.s.service.ProtectedSeckillService    : submission queued request=09952286-d72b-3441-a2c7-db685689835d
2026-09-29T14:50:19.591+08:00  INFO 4276 --- [seckill-system] [o-18090-exec-39] c.d.s.service.ProtectedSeckillService    : submission queued request=907267e9-87fd-3cc3-b0d9-856166162785
2026-09-29T14:50:19.597+08:00  INFO 4276 --- [seckill-system] [o-18090-exec-82] c.d.s.service.ProtectedSeckillService    : submission queued request=4b815307-e7fc-3660-ac38-c548fae4b3c9
2026-09-29T14:50:19.601+08:00  INFO 4276 --- [seckill-system] [io-18090-exec-8] c.d.s.service.ProtectedSeckillService    : submission queued request=7acb5d1d-6e46-3f31-b234-a4a4263bd585
2026-09-29T14:50:19.602+08:00  INFO 4276 --- [seckill-system] [OrderListener-1] c.d.seckill.service.AsyncOrderConsumer   : order committed request=f1e4c798-d561-3cbf-88fa-fd8fed34585d order=133928
2026-09-29T14:50:19.603+08:00  INFO 4276 --- [seckill-system] [OrderListener-2] c.d.seckill.service.AsyncOrderConsumer   : order committed request=227d2fdb-654c-3496-9ad1-478288ee0e73 order=133927
2026-09-29T14:50:19.605+08:00  INFO 4276 --- [seckill-system] [o-18090-exec-18] c.d.s.service.ProtectedSeckillService    : submission queued request=0ff2a381-9df3-3d0f-8016-fa6be82f8c75
2026-09-29T14:50:19.612+08:00  INFO 4276 --- [seckill-system] [o-18090-exec-91] c.d.s.service.ProtectedSeckillService    : submission queued request=b08eb10a-8aae-390a-9d09-70a43c84398b
2026-09-29T14:50:19.617+08:00  INFO 4276 --- [seckill-system] [o-18090-exec-55] c.d.s.service.ProtectedSeckillService    : submission queued request=108d7fbf-a40d-33bf-80b8-4439799151d7
2026-09-29T14:50:19.620+08:00  INFO 4276 --- [seckill-system] [OrderListener-1] c.d.seckill.service.AsyncOrderConsumer   : order committed request=2488a746-c1ad-3a31-9a43-bb83d5150c16 order=133929
2026-09-29T14:50:19.621+08:00  INFO 4276 --- [seckill-system] [OrderListener-2] c.d.seckill.service.AsyncOrderConsumer   : order committed request=1f000144-416a-32dc-a124-603b6d5a4d62 order=133930
2026-09-29T14:50:19.621+08:00  INFO 4276 --- [seckill-system] [o-18090-exec-26] c.d.s.service.ProtectedSeckillService    : submission queued request=7f119671-9479-37cf-aa09-8b82a1e681d6
2026-09-29T14:50:19.626+08:00  INFO 4276 --- [seckill-system] [o-18090-exec-25] c.d.s.service.ProtectedSeckillService    : submission queued request=4811bff2-ff0a-37ce-8696-7ea0d747bc5f
2026-09-29T14:50:19.630+08:00  INFO 4276 --- [seckill-system] [o-18090-exec-61] c.d.s.service.ProtectedSeckillService    : submission queued request=38958273-449b-30be-a194-a9ab4752e1c5
2026-09-29T14:50:19.634+08:00  INFO 4276 --- [seckill-system] [OrderListener-1] c.d.seckill.service.AsyncOrderConsumer   : order committed request=07ea222e-c7c6-3c3f-ac7c-04193e8b5949 order=133931
2026-09-29T14:50:19.638+08:00  INFO 4276 --- [seckill-system] [OrderListener-2] c.d.seckill.service.AsyncOrderConsumer   : order committed request=ce4c2f79-360b-3c37-8a60-767102d6eb99 order=133932
2026-09-29T14:50:19.638+08:00  INFO 4276 --- [seckill-system] [o-18090-exec-13] c.d.s.service.ProtectedSeckillService    : submission queued request=4cfb551c-10ac-35bf-80a3-86cd0253ef93
2026-09-29T14:50:19.643+08:00  INFO 4276 --- [seckill-system] [o-18090-exec-14] c.d.s.service.ProtectedSeckillService    : submission queued request=74afbf67-1529-3d0b-aa72-4d13cd4db554
2026-09-29T14:50:19.646+08:00  INFO 4276 --- [seckill-system] [o-18090-exec-16] c.d.s.service.ProtectedSeckillService    : submission queued request=21ab3f1a-5ff9-34d6-a5d8-63976a1d80f5
2026-09-29T14:50:19.649+08:00  INFO 4276 --- [seckill-system] [o-18090-exec-99] c.d.s.service.ProtectedSeckillService    : submission queued request=b41e4f72-5283-334c-b806-6c27e7d6146f
2026-09-29T14:50:19.649+08:00  INFO 4276 --- [seckill-system] [OrderListener-1] c.d.seckill.service.AsyncOrderConsumer   : order committed request=a690b0bb-b496-3581-9dba-bf9aa6cd231a order=133933
2026-09-29T14:50:19.651+08:00  INFO 4276 --- [seckill-system] [OrderListener-2] c.d.seckill.service.AsyncOrderConsumer   : order committed request=5b192836-15c2-3a7c-ab86-cbb325feeb81 order=133934
2026-09-29T14:50:19.656+08:00  INFO 4276 --- [seckill-system] [o-18090-exec-63] c.d.s.service.ProtectedSeckillService    : submission queued request=eeae59b7-35db-3b1a-93c0-71fc2f3f19c7
2026-09-29T14:50:19.661+08:00  INFO 4276 --- [seckill-system] [o-18090-exec-47] c.d.s.service.ProtectedSeckillService    : submission queued request=ed557591-26a8-3be5-9a40-82e6b57a4da0
2026-09-29T14:50:19.661+08:00  INFO 4276 --- [seckill-system] [OrderListener-1] c.d.seckill.service.AsyncOrderConsumer   : order committed request=be4d48a4-3f27-3453-9c58-5c565692380a order=133935
2026-09-29T14:50:19.665+08:00  INFO 4276 --- [seckill-system] [OrderListener-2] c.d.seckill.service.AsyncOrderConsumer   : order committed request=bec54663-2b9a-35e7-9882-4121b996d8b0 order=133936
2026-09-29T14:50:19.670+08:00  INFO 4276 --- [seckill-system] [o-18090-exec-71] c.d.s.service.ProtectedSeckillService    : submission queued request=09ff1a53-a504-35f2-b37e-84526c0bad81
2026-09-29T14:50:19.671+08:00  INFO 4276 --- [seckill-system] [o-18090-exec-27] c.d.s.service.ProtectedSeckillService    : submission queued request=b484a80e-4ebb-3cdb-99ec-99e3f05e6210
2026-09-29T14:50:19.674+08:00  INFO 4276 --- [seckill-system] [OrderListener-1] c.d.seckill.service.AsyncOrderConsumer   : order committed request=2dd64945-7e02-3c29-b381-0890a9d3d423 order=133937
2026-09-29T14:50:19.678+08:00  INFO 4276 --- [seckill-system] [OrderListener-2] c.d.seckill.service.AsyncOrderConsumer   : order committed request=1903c08f-197b-35b0-a044-1fd1dbf20953 order=133938
2026-09-29T14:50:19.682+08:00  INFO 4276 --- [seckill-system] [o-18090-exec-21] c.d.s.service.ProtectedSeckillService    : submission queued request=07c1dd03-05d4-36a8-8679-adab20a1de26
2026-09-29T14:50:19.685+08:00  INFO 4276 --- [seckill-system] [OrderListener-1] c.d.seckill.service.AsyncOrderConsumer   : order committed request=a1fdaa29-6425-3c57-be2a-d49e2f000b26 order=133939
2026-09-29T14:50:19.690+08:00  INFO 4276 --- [seckill-system] [OrderListener-2] c.d.seckill.service.AsyncOrderConsumer   : order committed request=3b21e7d7-6d1e-3902-8807-78a7919ee6a6 order=133940
2026-09-29T14:50:19.692+08:00  INFO 4276 --- [seckill-system] [o-18090-exec-91] c.d.s.service.ProtectedSeckillService    : submission queued request=7c6d55f4-49f0-3b8e-a0a6-3edb814aafe4
2026-09-29T14:50:19.698+08:00  INFO 4276 --- [seckill-system] [OrderListener-1] c.d.seckill.service.AsyncOrderConsumer   : order committed request=b7027f50-f91b-3645-bf8c-8cc4cca3c358 order=133941
2026-09-29T14:50:19.702+08:00  INFO 4276 --- [seckill-system] [OrderListener-2] c.d.seckill.service.AsyncOrderConsumer   : order committed request=2681e9e0-23c5-37eb-babb-f6c1c5f61e28 order=133942
2026-09-29T14:50:19.709+08:00  INFO 4276 --- [seckill-system] [OrderListener-1] c.d.seckill.service.AsyncOrderConsumer   : order committed request=61325a76-2642-31b2-92a7-2d1ac43a26cd order=133943
2026-09-29T14:50:19.712+08:00  INFO 4276 --- [seckill-system] [OrderListener-2] c.d.seckill.service.AsyncOrderConsumer   : order committed request=7bbe2d94-0031-3249-b5ef-d0afd8ad34cd order=133944
2026-09-29T14:50:19.719+08:00  INFO 4276 --- [seckill-system] [OrderListener-1] c.d.seckill.service.AsyncOrderConsumer   : order committed request=e0702a6b-5773-3960-a2bb-9938eeece555 order=133945
2026-09-29T14:50:19.723+08:00  INFO 4276 --- [seckill-system] [OrderListener-2] c.d.seckill.service.AsyncOrderConsumer   : order committed request=7b32a81d-780f-3e48-aa27-c1bdb368832d order=133946
2026-09-29T14:50:19.729+08:00  INFO 4276 --- [seckill-system] [OrderListener-1] c.d.seckill.service.AsyncOrderConsumer   : order committed request=0c0de98d-b35b-3852-9b4f-c1412ebab4c4 order=133947
2026-09-29T14:50:19.733+08:00  INFO 4276 --- [seckill-system] [OrderListener-2] c.d.seckill.service.AsyncOrderConsumer   : order committed request=dbaef735-1a54-3ca4-a4be-17eff65ae079 order=133948
2026-09-29T14:50:19.740+08:00  INFO 4276 --- [seckill-system] [OrderListener-1] c.d.seckill.service.AsyncOrderConsumer   : order committed request=27ad4073-8a39-3d0b-b369-9f957d27c28f order=133949
2026-09-29T14:50:19.744+08:00  INFO 4276 --- [seckill-system] [OrderListener-2] c.d.seckill.service.AsyncOrderConsumer   : order committed request=295c7380-3256-3875-83a8-c08be44bd30c order=133950
2026-09-29T14:50:19.753+08:00  INFO 4276 --- [seckill-system] [OrderListener-1] c.d.seckill.service.AsyncOrderConsumer   : order committed request=f159ca07-581a-3c59-af76-b8e281ed4bcc order=133951
2026-09-29T14:50:19.755+08:00  INFO 4276 --- [seckill-system] [OrderListener-2] c.d.seckill.service.AsyncOrderConsumer   : order committed request=7ea4aecc-b616-39b3-8a21-75661c86ac14 order=133952
2026-09-29T14:50:19.764+08:00  INFO 4276 --- [seckill-system] [OrderListener-1] c.d.seckill.service.AsyncOrderConsumer   : order committed request=bfdedf56-4589-3e7c-8751-217690ce470b order=133953
2026-09-29T14:50:19.766+08:00  INFO 4276 --- [seckill-system] [OrderListener-2] c.d.seckill.service.AsyncOrderConsumer   : order committed request=afa7c92e-87ba-3dfa-9dc5-ba02a926c9dc order=133954
2026-09-29T14:50:19.776+08:00  INFO 4276 --- [seckill-system] [OrderListener-1] c.d.seckill.service.AsyncOrderConsumer   : order committed request=56960fcd-f712-3215-b50f-affb1fa939bb order=133955
2026-09-29T14:50:19.776+08:00  INFO 4276 --- [seckill-system] [OrderListener-2] c.d.seckill.service.AsyncOrderConsumer   : order committed request=04d4d3c1-6d9b-3b6a-9c42-3e06aee68a17 order=133956
2026-09-29T14:50:19.788+08:00  INFO 4276 --- [seckill-system] [OrderListener-1] c.d.seckill.service.AsyncOrderConsumer   : order committed request=51c48625-8835-31c3-88a3-0b0a43afb4d1 order=133958
2026-09-29T14:50:19.788+08:00  INFO 4276 --- [seckill-system] [OrderListener-2] c.d.seckill.service.AsyncOrderConsumer   : order committed request=8aa29999-4330-36bc-9ce1-8d6b13a3440d order=133957
2026-09-29T14:50:19.800+08:00  INFO 4276 --- [seckill-system] [OrderListener-2] c.d.seckill.service.AsyncOrderConsumer   : order committed request=0303ca3d-547a-3050-8f6f-5a6336cb64d3 order=133959
2026-09-29T14:50:19.800+08:00  INFO 4276 --- [seckill-system] [OrderListener-1] c.d.seckill.service.AsyncOrderConsumer   : order committed request=7ab7fd56-4f8b-32fb-a245-7ceeeb96ce3e order=133960
2026-09-29T14:50:19.811+08:00  INFO 4276 --- [seckill-system] [OrderListener-2] c.d.seckill.service.AsyncOrderConsumer   : order committed request=ad25a79d-5a47-3db8-b6eb-6549ce1195a3 order=133962
2026-09-29T14:50:19.811+08:00  INFO 4276 --- [seckill-system] [OrderListener-1] c.d.seckill.service.AsyncOrderConsumer   : order committed request=ecd0d6fe-277c-3b87-a8fe-62940ee7bda8 order=133961
2026-09-29T14:50:19.822+08:00  INFO 4276 --- [seckill-system] [OrderListener-2] c.d.seckill.service.AsyncOrderConsumer   : order committed request=fb88f5a3-1a78-3b93-aa1f-f1a884bda06d order=133963
2026-09-29T14:50:19.822+08:00  INFO 4276 --- [seckill-system] [OrderListener-1] c.d.seckill.service.AsyncOrderConsumer   : order committed request=9671e878-1224-3620-adde-053336e56f7a order=133964
2026-09-29T14:50:19.833+08:00  INFO 4276 --- [seckill-system] [OrderListener-2] c.d.seckill.service.AsyncOrderConsumer   : order committed request=80d33917-f3e4-335f-b91d-64bf2a93d2f3 order=133965
2026-09-29T14:50:19.833+08:00  INFO 4276 --- [seckill-system] [OrderListener-1] c.d.seckill.service.AsyncOrderConsumer   : order committed request=50dd6a15-07f0-360b-bfb6-c590c42b4e3c order=133966
2026-09-29T14:50:19.846+08:00  INFO 4276 --- [seckill-system] [OrderListener-2] c.d.seckill.service.AsyncOrderConsumer   : order committed request=48a36884-28f2-3062-bdaa-071d5d4b3d74 order=133967
2026-09-29T14:50:19.846+08:00  INFO 4276 --- [seckill-system] [OrderListener-1] c.d.seckill.service.AsyncOrderConsumer   : order committed request=a08600b7-df3e-3a83-9b70-fae417b414fd order=133968
2026-09-29T14:50:19.858+08:00  INFO 4276 --- [seckill-system] [OrderListener-2] c.d.seckill.service.AsyncOrderConsumer   : order committed request=736594d3-869c-3920-a2d4-bc7d181ddaf6 order=133969
2026-09-29T14:50:19.858+08:00  INFO 4276 --- [seckill-system] [OrderListener-1] c.d.seckill.service.AsyncOrderConsumer   : order committed request=c0d3d1e7-e141-35d8-a6a7-ae2a19a360a7 order=133970
2026-09-29T14:50:19.870+08:00  INFO 4276 --- [seckill-system] [OrderListener-2] c.d.seckill.service.AsyncOrderConsumer   : order committed request=5f04aa03-ae3a-3638-b4f4-f1d3307e0904 order=133971
2026-09-29T14:50:19.870+08:00  INFO 4276 --- [seckill-system] [OrderListener-1] c.d.seckill.service.AsyncOrderConsumer   : order committed request=f6df7558-10ec-3c2a-98df-efae130a7604 order=133972
2026-09-29T14:50:19.881+08:00  INFO 4276 --- [seckill-system] [OrderListener-2] c.d.seckill.service.AsyncOrderConsumer   : order committed request=2d252850-b86b-36f5-94de-5090c0ef6fc9 order=133973
2026-09-29T14:50:19.881+08:00  INFO 4276 --- [seckill-system] [OrderListener-1] c.d.seckill.service.AsyncOrderConsumer   : order committed request=1ed74848-2522-3755-9a1d-52035897a464 order=133974
2026-09-29T14:50:19.893+08:00  INFO 4276 --- [seckill-system] [OrderListener-2] c.d.seckill.service.AsyncOrderConsumer   : order committed request=688c5d7b-cc8b-3bef-b266-b45e1933119a order=133975
2026-09-29T14:50:19.893+08:00  INFO 4276 --- [seckill-system] [OrderListener-1] c.d.seckill.service.AsyncOrderConsumer   : order committed request=036b333f-1bda-3eb6-b2de-8930c0bf1b65 order=133976
2026-09-29T14:50:19.904+08:00  INFO 4276 --- [seckill-system] [OrderListener-2] c.d.seckill.service.AsyncOrderConsumer   : order committed request=dd11cb0c-1c9c-3108-b179-682d1ace3ace order=133978
2026-09-29T14:50:19.904+08:00  INFO 4276 --- [seckill-system] [OrderListener-1] c.d.seckill.service.AsyncOrderConsumer   : order committed request=0a573cc1-cb08-3e75-915c-cb891ffa8114 order=133977
2026-09-29T14:50:19.915+08:00  INFO 4276 --- [seckill-system] [OrderListener-2] c.d.seckill.service.AsyncOrderConsumer   : order committed request=34387423-9249-3f1b-953d-8548c445b267 order=133979
2026-09-29T14:50:19.915+08:00  INFO 4276 --- [seckill-system] [OrderListener-1] c.d.seckill.service.AsyncOrderConsumer   : order committed request=f3a5e475-a516-3086-ba27-302de7852d3d order=133980
2026-09-29T14:50:19.927+08:00  INFO 4276 --- [seckill-system] [OrderListener-1] c.d.seckill.service.AsyncOrderConsumer   : order committed request=f7667548-517a-34f0-9589-ec08e94650e7 order=133981
2026-09-29T14:50:19.927+08:00  INFO 4276 --- [seckill-system] [OrderListener-2] c.d.seckill.service.AsyncOrderConsumer   : order committed request=d33f26fd-c9f4-3252-9979-705bc6326f4b order=133982
2026-09-29T14:50:19.940+08:00  INFO 4276 --- [seckill-system] [OrderListener-1] c.d.seckill.service.AsyncOrderConsumer   : order committed request=a4458fe7-4a0e-3eff-92b6-2b0eb2bff207 order=133983
2026-09-29T14:50:19.940+08:00  INFO 4276 --- [seckill-system] [OrderListener-2] c.d.seckill.service.AsyncOrderConsumer   : order committed request=62fabf93-4788-3533-96a7-0abc79628088 order=133984
2026-09-29T14:50:19.952+08:00  INFO 4276 --- [seckill-system] [OrderListener-1] c.d.seckill.service.AsyncOrderConsumer   : order committed request=5bfca992-d7b0-338b-8ae6-b4880861611d order=133986
2026-09-29T14:50:19.952+08:00  INFO 4276 --- [seckill-system] [OrderListener-2] c.d.seckill.service.AsyncOrderConsumer   : order committed request=67107a77-0113-3f39-bf01-013e21ac6ca8 order=133985
2026-09-29T14:50:19.963+08:00  INFO 4276 --- [seckill-system] [OrderListener-1] c.d.seckill.service.AsyncOrderConsumer   : order committed request=5d4bdb50-ab60-3845-a5db-4b40a4d308b0 order=133988
2026-09-29T14:50:19.963+08:00  INFO 4276 --- [seckill-system] [OrderListener-2] c.d.seckill.service.AsyncOrderConsumer   : order committed request=871f53ec-5077-3e3e-8893-42d1af7860a7 order=133987
2026-09-29T14:50:19.975+08:00  INFO 4276 --- [seckill-system] [OrderListener-2] c.d.seckill.service.AsyncOrderConsumer   : order committed request=0893bb77-b9de-379a-bf8b-34230885aa57 order=133990
2026-09-29T14:50:19.975+08:00  INFO 4276 --- [seckill-system] [OrderListener-1] c.d.seckill.service.AsyncOrderConsumer   : order committed request=d33dc670-60bc-3062-92e4-b238bcb140cc order=133989
2026-09-29T14:50:19.986+08:00  INFO 4276 --- [seckill-system] [OrderListener-2] c.d.seckill.service.AsyncOrderConsumer   : order committed request=d9f74382-2921-33a0-a028-15950ee57535 order=133991
2026-09-29T14:50:19.986+08:00  INFO 4276 --- [seckill-system] [OrderListener-1] c.d.seckill.service.AsyncOrderConsumer   : order committed request=e71a3153-3fbe-39d6-8519-d72e6fc8ed1b order=133992
2026-09-29T14:50:19.997+08:00  INFO 4276 --- [seckill-system] [OrderListener-1] c.d.seckill.service.AsyncOrderConsumer   : order committed request=babe5275-58ea-3831-9d76-77892facfbf3 order=133993
2026-09-29T14:50:19.997+08:00  INFO 4276 --- [seckill-system] [OrderListener-2] c.d.seckill.service.AsyncOrderConsumer   : order committed request=9d493684-9db7-3be5-bc02-0d038454f459 order=133994
2026-09-29T14:50:20.008+08:00  INFO 4276 --- [seckill-system] [OrderListener-2] c.d.seckill.service.AsyncOrderConsumer   : order committed request=53d7e00c-1809-3ba0-a83a-ad2be99684be order=133996
2026-09-29T14:50:20.008+08:00  INFO 4276 --- [seckill-system] [OrderListener-1] c.d.seckill.service.AsyncOrderConsumer   : order committed request=caf8849b-ac86-3538-bd94-8bef2b545797 order=133995
2026-09-29T14:50:20.020+08:00  INFO 4276 --- [seckill-system] [OrderListener-2] c.d.seckill.service.AsyncOrderConsumer   : order committed request=f3f48157-8371-3bcf-a159-99eb8a36f8e8 order=133998
2026-09-29T14:50:20.021+08:00  INFO 4276 --- [seckill-system] [OrderListener-1] c.d.seckill.service.AsyncOrderConsumer   : order committed request=b3a41890-7252-38b5-9d91-3586306e425d order=133997
2026-09-29T14:50:20.031+08:00  INFO 4276 --- [seckill-system] [OrderListener-1] c.d.seckill.service.AsyncOrderConsumer   : order committed request=36811fde-85c9-3d3a-949a-9c039f19848e order=133999
2026-09-29T14:50:20.032+08:00  INFO 4276 --- [seckill-system] [OrderListener-2] c.d.seckill.service.AsyncOrderConsumer   : order committed request=72eae052-3345-31e6-82db-4eacf6a4649d order=134000
2026-09-29T14:50:20.041+08:00  INFO 4276 --- [seckill-system] [OrderListener-2] c.d.seckill.service.AsyncOrderConsumer   : order committed request=f77a7899-0030-3be6-a1c3-46cc91c8671e order=134002
2026-09-29T14:50:20.042+08:00  INFO 4276 --- [seckill-system] [OrderListener-1] c.d.seckill.service.AsyncOrderConsumer   : order committed request=a26301a2-5bb8-3fc3-a0c1-ab4327193ae9 order=134001
2026-09-29T14:50:20.053+08:00  INFO 4276 --- [seckill-system] [OrderListener-1] c.d.seckill.service.AsyncOrderConsumer   : order committed request=6942f0eb-8d40-3fcd-880d-0adeb474f8ad order=134004
2026-09-29T14:50:20.053+08:00  INFO 4276 --- [seckill-system] [OrderListener-2] c.d.seckill.service.AsyncOrderConsumer   : order committed request=7309eda0-bf23-3689-8d34-9eb4e83cb323 order=134003
2026-09-29T14:50:20.064+08:00  INFO 4276 --- [seckill-system] [OrderListener-1] c.d.seckill.service.AsyncOrderConsumer   : order committed request=b0df414a-0de9-3c73-b7c9-9c7bbc994e57 order=134006
2026-09-29T14:50:20.064+08:00  INFO 4276 --- [seckill-system] [OrderListener-2] c.d.seckill.service.AsyncOrderConsumer   : order committed request=6eeb3b78-b06b-3440-95c2-5c160dc3a708 order=134005
2026-09-29T14:50:20.076+08:00  INFO 4276 --- [seckill-system] [OrderListener-1] c.d.seckill.service.AsyncOrderConsumer   : order committed request=08a58eea-b05f-39ee-bc87-8712baa9cfeb order=134008
2026-09-29T14:50:20.077+08:00  INFO 4276 --- [seckill-system] [OrderListener-2] c.d.seckill.service.AsyncOrderConsumer   : order committed request=bc2351fc-6eb0-392e-867c-27cb468a5fd0 order=134007
2026-09-29T14:50:20.087+08:00  INFO 4276 --- [seckill-system] [OrderListener-2] c.d.seckill.service.AsyncOrderConsumer   : order committed request=6146a036-174a-3f1c-8889-de3793e96219 order=134009
2026-09-29T14:50:20.087+08:00  INFO 4276 --- [seckill-system] [OrderListener-1] c.d.seckill.service.AsyncOrderConsumer   : order committed request=fbb2acbc-75da-3d0a-9919-9c8dad9b5412 order=134010
2026-09-29T14:50:20.098+08:00  INFO 4276 --- [seckill-system] [OrderListener-1] c.d.seckill.service.AsyncOrderConsumer   : order committed request=26ddc4f7-f38e-3732-b57f-1997259aafe0 order=134012
2026-09-29T14:50:20.098+08:00  INFO 4276 --- [seckill-system] [OrderListener-2] c.d.seckill.service.AsyncOrderConsumer   : order committed request=b449af8e-6435-321f-8e29-faa5e7863196 order=134011
2026-09-29T14:50:20.109+08:00  INFO 4276 --- [seckill-system] [OrderListener-1] c.d.seckill.service.AsyncOrderConsumer   : order committed request=487400e7-3fae-398a-98de-282430b4cea7 order=134013
2026-09-29T14:50:20.109+08:00  INFO 4276 --- [seckill-system] [OrderListener-2] c.d.seckill.service.AsyncOrderConsumer   : order committed request=12ba8d4c-75a1-3a73-86f5-a534c3e1b6f8 order=134014
2026-09-29T14:50:20.119+08:00  INFO 4276 --- [seckill-system] [OrderListener-2] c.d.seckill.service.AsyncOrderConsumer   : order committed request=c07626fb-430b-37c4-b241-bffc7a05e438 order=134016
2026-09-29T14:50:20.120+08:00  INFO 4276 --- [seckill-system] [OrderListener-1] c.d.seckill.service.AsyncOrderConsumer   : order committed request=888df1ca-9338-3f43-aa66-d37172e046de order=134015
2026-09-29T14:50:20.130+08:00  INFO 4276 --- [seckill-system] [OrderListener-2] c.d.seckill.service.AsyncOrderConsumer   : order committed request=cc0cc5a6-9afd-3af5-ae10-bcfa0819b0ad order=134017
2026-09-29T14:50:20.130+08:00  INFO 4276 --- [seckill-system] [OrderListener-1] c.d.seckill.service.AsyncOrderConsumer   : order committed request=4175a00b-9030-38a7-bacd-995134ea900e order=134018
2026-09-29T14:50:20.141+08:00  INFO 4276 --- [seckill-system] [OrderListener-2] c.d.seckill.service.AsyncOrderConsumer   : order committed request=fa9493ef-8c97-38a7-b15d-ca1678086444 order=134019
2026-09-29T14:50:20.141+08:00  INFO 4276 --- [seckill-system] [OrderListener-1] c.d.seckill.service.AsyncOrderConsumer   : order committed request=fbc515f5-33f9-30c1-b567-5664b0022031 order=134020
2026-09-29T14:50:20.151+08:00  INFO 4276 --- [seckill-system] [OrderListener-1] c.d.seckill.service.AsyncOrderConsumer   : order committed request=860687a5-6501-340b-8ba0-86a52d761c4b order=134022
2026-09-29T14:50:20.151+08:00  INFO 4276 --- [seckill-system] [OrderListener-2] c.d.seckill.service.AsyncOrderConsumer   : order committed request=68d5bd77-8997-37b1-b5b5-dda67a6dc195 order=134021
2026-09-29T14:50:20.162+08:00  INFO 4276 --- [seckill-system] [OrderListener-2] c.d.seckill.service.AsyncOrderConsumer   : order committed request=c66aaf07-39fc-33e5-9680-d8fe31fb0583 order=134023
2026-09-29T14:50:20.162+08:00  INFO 4276 --- [seckill-system] [OrderListener-1] c.d.seckill.service.AsyncOrderConsumer   : order committed request=e23a2df1-c89d-3f8f-8510-ea8bddb6b26f order=134024
2026-09-29T14:50:20.173+08:00  INFO 4276 --- [seckill-system] [OrderListener-1] c.d.seckill.service.AsyncOrderConsumer   : order committed request=6245cff5-88f8-3b51-9f68-378c1d47aea9 order=134025
2026-09-29T14:50:20.173+08:00  INFO 4276 --- [seckill-system] [OrderListener-2] c.d.seckill.service.AsyncOrderConsumer   : order committed request=ba757696-da88-3a63-a640-de77d81b44f0 order=134026
2026-09-29T14:50:20.183+08:00  INFO 4276 --- [seckill-system] [OrderListener-2] c.d.seckill.service.AsyncOrderConsumer   : order committed request=fc0fb942-7195-3a59-b406-638105b2d51e order=134027
2026-09-29T14:50:20.183+08:00  INFO 4276 --- [seckill-system] [OrderListener-1] c.d.seckill.service.AsyncOrderConsumer   : order committed request=9735f42e-1cb3-37b8-a274-62d09348b704 order=134028
2026-09-29T14:50:20.194+08:00  INFO 4276 --- [seckill-system] [OrderListener-1] c.d.seckill.service.AsyncOrderConsumer   : order committed request=789d5ef4-94f1-3df9-95f2-73256b26c0c3 order=134029
2026-09-29T14:50:20.194+08:00  INFO 4276 --- [seckill-system] [OrderListener-2] c.d.seckill.service.AsyncOrderConsumer   : order committed request=31c4dc9d-7ff8-32bf-b583-bef745b9c62f order=134030
2026-09-29T14:50:20.204+08:00  INFO 4276 --- [seckill-system] [OrderListener-1] c.d.seckill.service.AsyncOrderConsumer   : order committed request=1f446e7f-0144-3b8f-a33d-03ad04e8f015 order=134031
2026-09-29T14:50:20.205+08:00  INFO 4276 --- [seckill-system] [OrderListener-2] c.d.seckill.service.AsyncOrderConsumer   : order committed request=6e0af157-8725-33a9-81f5-74ceb5b2310c order=134032
2026-09-29T14:50:20.215+08:00  INFO 4276 --- [seckill-system] [OrderListener-2] c.d.seckill.service.AsyncOrderConsumer   : order committed request=71e3737a-af4d-3da1-9940-03a085996355 order=134033
2026-09-29T14:50:20.215+08:00  INFO 4276 --- [seckill-system] [OrderListener-1] c.d.seckill.service.AsyncOrderConsumer   : order committed request=90a97665-6596-3be5-9cfe-1b81076e7e2b order=134034
2026-09-29T14:50:20.226+08:00  INFO 4276 --- [seckill-system] [OrderListener-1] c.d.seckill.service.AsyncOrderConsumer   : order committed request=0567db88-a30a-36c4-8c5e-a0f7b6d1c75e order=134036
2026-09-29T14:50:20.226+08:00  INFO 4276 --- [seckill-system] [OrderListener-2] c.d.seckill.service.AsyncOrderConsumer   : order committed request=31ba150e-0b4f-3ae2-a403-e24b092e1505 order=134035
2026-09-29T14:50:20.236+08:00  INFO 4276 --- [seckill-system] [OrderListener-1] c.d.seckill.service.AsyncOrderConsumer   : order committed request=1b354813-7495-3d50-a549-c69669d46176 order=134037
2026-09-29T14:50:20.237+08:00  INFO 4276 --- [seckill-system] [OrderListener-2] c.d.seckill.service.AsyncOrderConsumer   : order committed request=c56b1e5a-cb33-3b0e-aa60-c3ef36332a31 order=134038
2026-09-29T14:50:20.246+08:00  INFO 4276 --- [seckill-system] [OrderListener-1] c.d.seckill.service.AsyncOrderConsumer   : order committed request=09e46d7e-c7d0-3f86-baaa-6a2754675230 order=134039
2026-09-29T14:50:20.247+08:00  INFO 4276 --- [seckill-system] [OrderListener-2] c.d.seckill.service.AsyncOrderConsumer   : order committed request=96a94680-9c49-326f-8a05-a7d5ff99df47 order=134040
2026-09-29T14:50:20.257+08:00  INFO 4276 --- [seckill-system] [OrderListener-1] c.d.seckill.service.AsyncOrderConsumer   : order committed request=f1e68578-e191-3c2f-adbc-800e38d0b32e order=134041
2026-09-29T14:50:20.258+08:00  INFO 4276 --- [seckill-system] [OrderListener-2] c.d.seckill.service.AsyncOrderConsumer   : order committed request=1d86fcff-82df-3719-9ef6-7c10b281f56b order=134042
2026-09-29T14:50:20.266+08:00  INFO 4276 --- [seckill-system] [OrderListener-1] c.d.seckill.service.AsyncOrderConsumer   : order committed request=c347db74-d507-3348-9934-0eaa65e41877 order=134043
2026-09-29T14:50:20.267+08:00  INFO 4276 --- [seckill-system] [OrderListener-2] c.d.seckill.service.AsyncOrderConsumer   : order committed request=3d51ea42-bd43-3280-ad85-4fdd4dfd8973 order=134044
2026-09-29T14:50:20.276+08:00  INFO 4276 --- [seckill-system] [OrderListener-1] c.d.seckill.service.AsyncOrderConsumer   : order committed request=6b226b75-1ff8-30f6-b2f7-e4274e444577 order=134045
2026-09-29T14:50:20.277+08:00  INFO 4276 --- [seckill-system] [OrderListener-2] c.d.seckill.service.AsyncOrderConsumer   : order committed request=d4a27ba6-4244-3b76-b253-8b13bc398f47 order=134046
2026-09-29T14:50:20.287+08:00  INFO 4276 --- [seckill-system] [OrderListener-1] c.d.seckill.service.AsyncOrderConsumer   : order committed request=78c23f10-ecf4-3fa5-a6d3-e6112b03f9c6 order=134047
2026-09-29T14:50:20.288+08:00  INFO 4276 --- [seckill-system] [OrderListener-2] c.d.seckill.service.AsyncOrderConsumer   : order committed request=413219c8-7fd4-3376-8ef4-35a4018d7e8d order=134048
2026-09-29T14:50:20.298+08:00  INFO 4276 --- [seckill-system] [OrderListener-1] c.d.seckill.service.AsyncOrderConsumer   : order committed request=0d890a58-7498-3c10-a080-0f59e93b1b64 order=134049
2026-09-29T14:50:20.299+08:00  INFO 4276 --- [seckill-system] [OrderListener-2] c.d.seckill.service.AsyncOrderConsumer   : order committed request=5f1452f1-b678-3917-8241-769f007dbede order=134050
2026-09-29T14:50:20.308+08:00  INFO 4276 --- [seckill-system] [OrderListener-2] c.d.seckill.service.AsyncOrderConsumer   : order committed request=effb1913-5507-3036-bbd8-1bdc0e1f901d order=134052
2026-09-29T14:50:20.308+08:00  INFO 4276 --- [seckill-system] [OrderListener-1] c.d.seckill.service.AsyncOrderConsumer   : order committed request=bed35f19-8bfe-3a28-be4d-aed5d1b4dcbd order=134051
2026-09-29T14:50:20.319+08:00  INFO 4276 --- [seckill-system] [OrderListener-2] c.d.seckill.service.AsyncOrderConsumer   : order committed request=0b17c117-03d7-3c98-a072-2a69cf6e36dd order=134053
2026-09-29T14:50:20.319+08:00  INFO 4276 --- [seckill-system] [OrderListener-1] c.d.seckill.service.AsyncOrderConsumer   : order committed request=61b8c1e5-fc44-3fab-8e2c-e23ea1847527 order=134054
2026-09-29T14:50:20.329+08:00  INFO 4276 --- [seckill-system] [OrderListener-1] c.d.seckill.service.AsyncOrderConsumer   : order committed request=3ff48392-9ac2-3c9d-b538-b5363d818962 order=134055
2026-09-29T14:50:20.329+08:00  INFO 4276 --- [seckill-system] [OrderListener-2] c.d.seckill.service.AsyncOrderConsumer   : order committed request=7f2eb69e-6f0d-3386-91f1-d6e299991908 order=134056
2026-09-29T14:50:20.340+08:00  INFO 4276 --- [seckill-system] [OrderListener-2] c.d.seckill.service.AsyncOrderConsumer   : order committed request=dad4c31c-278c-37a1-ab95-df724a22ba82 order=134058
2026-09-29T14:50:20.340+08:00  INFO 4276 --- [seckill-system] [OrderListener-1] c.d.seckill.service.AsyncOrderConsumer   : order committed request=ec5a8434-91db-3d3e-9abe-812660578331 order=134057
2026-09-29T14:50:20.351+08:00  INFO 4276 --- [seckill-system] [OrderListener-2] c.d.seckill.service.AsyncOrderConsumer   : order committed request=0d9b85ac-e568-38e2-a761-004c2254001f order=134060
2026-09-29T14:50:20.350+08:00  INFO 4276 --- [seckill-system] [OrderListener-1] c.d.seckill.service.AsyncOrderConsumer   : order committed request=c5928647-c298-305c-82a5-9b04daf03a51 order=134059
2026-09-29T14:50:20.361+08:00  INFO 4276 --- [seckill-system] [OrderListener-1] c.d.seckill.service.AsyncOrderConsumer   : order committed request=d6719242-2637-3ef6-9b62-96d63896f64d order=134061
2026-09-29T14:50:20.361+08:00  INFO 4276 --- [seckill-system] [OrderListener-2] c.d.seckill.service.AsyncOrderConsumer   : order committed request=b46e6467-d761-3e53-911f-e63813536bf0 order=134062
2026-09-29T14:50:20.371+08:00  INFO 4276 --- [seckill-system] [OrderListener-1] c.d.seckill.service.AsyncOrderConsumer   : order committed request=636e81e8-defb-3898-95c3-e10426415901 order=134063
2026-09-29T14:50:20.372+08:00  INFO 4276 --- [seckill-system] [OrderListener-2] c.d.seckill.service.AsyncOrderConsumer   : order committed request=f12bd14c-1719-3836-92c8-898f5f14f7e7 order=134064
2026-09-29T14:50:20.382+08:00  INFO 4276 --- [seckill-system] [OrderListener-1] c.d.seckill.service.AsyncOrderConsumer   : order committed request=7bf3e36d-43a0-3685-97ac-bf33ae1274bd order=134065
2026-09-29T14:50:20.382+08:00  INFO 4276 --- [seckill-system] [OrderListener-2] c.d.seckill.service.AsyncOrderConsumer   : order committed request=3dc130f3-8a01-306d-8d51-57458d565dac order=134066
2026-09-29T14:50:20.392+08:00  INFO 4276 --- [seckill-system] [OrderListener-1] c.d.seckill.service.AsyncOrderConsumer   : order committed request=fb740535-c29f-3526-8cee-6069062ab570 order=134068
2026-09-29T14:50:20.393+08:00  INFO 4276 --- [seckill-system] [OrderListener-2] c.d.seckill.service.AsyncOrderConsumer   : order committed request=659ccc57-cffc-3ed5-a61c-3ff9f553d256 order=134067
2026-09-29T14:50:20.408+08:00  INFO 4276 --- [seckill-system] [OrderListener-1] c.d.seckill.service.AsyncOrderConsumer   : order committed request=8988137d-744d-3656-b822-8a0649836eae order=134069
2026-09-29T14:50:20.411+08:00  INFO 4276 --- [seckill-system] [OrderListener-2] c.d.seckill.service.AsyncOrderConsumer   : order committed request=3bb97b7e-2509-3dfc-a7a2-9d9fb01fa775 order=134070
2026-09-29T14:50:20.421+08:00  INFO 4276 --- [seckill-system] [OrderListener-1] c.d.seckill.service.AsyncOrderConsumer   : order committed request=3b0ec4cd-b2c2-3ccb-b87c-7d87350f70d6 order=134071
2026-09-29T14:50:20.422+08:00  INFO 4276 --- [seckill-system] [OrderListener-2] c.d.seckill.service.AsyncOrderConsumer   : order committed request=4e014674-e394-3f5f-8e00-51c6c70007ad order=134072
2026-09-29T14:50:20.432+08:00  INFO 4276 --- [seckill-system] [OrderListener-1] c.d.seckill.service.AsyncOrderConsumer   : order committed request=2983a78b-f72e-3304-9711-d6cdf275fcf2 order=134073
2026-09-29T14:50:20.434+08:00  INFO 4276 --- [seckill-system] [OrderListener-2] c.d.seckill.service.AsyncOrderConsumer   : order committed request=4ebfcd5d-bb5e-35df-8e17-c5473f6efee2 order=134074
2026-09-29T14:50:20.443+08:00  INFO 4276 --- [seckill-system] [OrderListener-1] c.d.seckill.service.AsyncOrderConsumer   : order committed request=b4898ebc-e0dd-3187-a365-3d69874da216 order=134075
2026-09-29T14:50:20.444+08:00  INFO 4276 --- [seckill-system] [OrderListener-2] c.d.seckill.service.AsyncOrderConsumer   : order committed request=9149ad72-963a-3995-9123-ed910e90e64b order=134076
2026-09-29T14:50:20.453+08:00  INFO 4276 --- [seckill-system] [OrderListener-1] c.d.seckill.service.AsyncOrderConsumer   : order committed request=2a06048c-a15a-3f36-abc3-187e82726bd5 order=134077
2026-09-29T14:50:20.454+08:00  INFO 4276 --- [seckill-system] [OrderListener-2] c.d.seckill.service.AsyncOrderConsumer   : order committed request=03162227-b65d-349b-80d3-ab53a615ca11 order=134078
2026-09-29T14:50:20.463+08:00  INFO 4276 --- [seckill-system] [OrderListener-1] c.d.seckill.service.AsyncOrderConsumer   : order committed request=9dfcef27-8198-328e-b3ce-c09f1fa0842c order=134079
2026-09-29T14:50:20.464+08:00  INFO 4276 --- [seckill-system] [OrderListener-2] c.d.seckill.service.AsyncOrderConsumer   : order committed request=a3acdb89-8ee4-3908-a543-ea3a0f2a1f03 order=134080
2026-09-29T14:50:20.474+08:00  INFO 4276 --- [seckill-system] [OrderListener-1] c.d.seckill.service.AsyncOrderConsumer   : order committed request=b5cd7e5f-bd04-3098-822c-b365d0a48e29 order=134081
2026-09-29T14:50:20.475+08:00  INFO 4276 --- [seckill-system] [OrderListener-2] c.d.seckill.service.AsyncOrderConsumer   : order committed request=72019b36-4e56-3d29-9ac7-46f4fe1661db order=134082
2026-09-29T14:50:20.485+08:00  INFO 4276 --- [seckill-system] [OrderListener-1] c.d.seckill.service.AsyncOrderConsumer   : order committed request=56c43911-d68e-3978-8f43-4bee30c71393 order=134083
2026-09-29T14:50:20.485+08:00  INFO 4276 --- [seckill-system] [OrderListener-2] c.d.seckill.service.AsyncOrderConsumer   : order committed request=8b809cc7-8e9d-302d-a43d-d3f9bd80b36e order=134084
2026-09-29T14:50:20.496+08:00  INFO 4276 --- [seckill-system] [OrderListener-2] c.d.seckill.service.AsyncOrderConsumer   : order committed request=d4545afe-0d82-36a8-883a-16d4c3a1d879 order=134085
2026-09-29T14:50:20.497+08:00  INFO 4276 --- [seckill-system] [OrderListener-1] c.d.seckill.service.AsyncOrderConsumer   : order committed request=e651e0af-8385-3d09-b982-4855a5b47f90 order=134086
2026-09-29T14:50:20.506+08:00  INFO 4276 --- [seckill-system] [OrderListener-2] c.d.seckill.service.AsyncOrderConsumer   : order committed request=179ca9a4-2861-311b-97d1-d1589769f976 order=134087
2026-09-29T14:50:20.506+08:00  INFO 4276 --- [seckill-system] [OrderListener-1] c.d.seckill.service.AsyncOrderConsumer   : order committed request=758c035a-fd0f-31d5-ac2c-3f86f2113ae5 order=134088
2026-09-29T14:50:20.515+08:00  INFO 4276 --- [seckill-system] [OrderListener-2] c.d.seckill.service.AsyncOrderConsumer   : order committed request=ccb2b7df-95d1-3268-a308-e62f6f5368e1 order=134089
2026-09-29T14:50:20.515+08:00  INFO 4276 --- [seckill-system] [OrderListener-1] c.d.seckill.service.AsyncOrderConsumer   : order committed request=dd08dbe3-c0b3-3b44-bf5a-89922e9fffae order=134090
2026-09-29T14:50:20.525+08:00  INFO 4276 --- [seckill-system] [OrderListener-2] c.d.seckill.service.AsyncOrderConsumer   : order committed request=3e8ed7e3-7c5d-3500-8bbf-63a1b538ce26 order=134091
2026-09-29T14:50:20.526+08:00  INFO 4276 --- [seckill-system] [OrderListener-1] c.d.seckill.service.AsyncOrderConsumer   : order committed request=d9d80e80-45a2-3303-b463-902be5298c73 order=134092
2026-09-29T14:50:20.535+08:00  INFO 4276 --- [seckill-system] [OrderListener-2] c.d.seckill.service.AsyncOrderConsumer   : order committed request=a42e4dba-c85d-3d79-a514-7d6a9a49c43f order=134094
2026-09-29T14:50:20.535+08:00  INFO 4276 --- [seckill-system] [OrderListener-1] c.d.seckill.service.AsyncOrderConsumer   : order committed request=b4782b5c-8b67-33c9-97e9-10adaba27d05 order=134093
2026-09-29T14:50:20.545+08:00  INFO 4276 --- [seckill-system] [OrderListener-2] c.d.seckill.service.AsyncOrderConsumer   : order committed request=3dd09164-2706-3b73-8217-d4ca1f7aecb9 order=134095
2026-09-29T14:50:20.546+08:00  INFO 4276 --- [seckill-system] [OrderListener-1] c.d.seckill.service.AsyncOrderConsumer   : order committed request=82bb6ea1-b54f-370b-8b59-5b9c4ce0317f order=134096
2026-09-29T14:50:20.555+08:00  INFO 4276 --- [seckill-system] [OrderListener-2] c.d.seckill.service.AsyncOrderConsumer   : order committed request=8decc72b-efc4-39a7-8cf0-5336b5a72201 order=134097
2026-09-29T14:50:20.556+08:00  INFO 4276 --- [seckill-system] [OrderListener-1] c.d.seckill.service.AsyncOrderConsumer   : order committed request=b7caee5b-f486-3077-bf83-c1c27ee1387f order=134098
2026-09-29T14:50:20.565+08:00  INFO 4276 --- [seckill-system] [OrderListener-2] c.d.seckill.service.AsyncOrderConsumer   : order committed request=df4efbca-e9bc-38f9-8c44-173af91c9a6a order=134099
2026-09-29T14:50:20.566+08:00  INFO 4276 --- [seckill-system] [OrderListener-1] c.d.seckill.service.AsyncOrderConsumer   : order committed request=5e0f0088-13de-3907-ba9f-bdb00821794a order=134100
2026-09-29T14:50:20.575+08:00  INFO 4276 --- [seckill-system] [OrderListener-1] c.d.seckill.service.AsyncOrderConsumer   : order committed request=c8aa1501-3a71-3567-ab5a-ad50cff44d5d order=134102
2026-09-29T14:50:20.575+08:00  INFO 4276 --- [seckill-system] [OrderListener-2] c.d.seckill.service.AsyncOrderConsumer   : order committed request=79b1f71d-2896-36db-a695-9a576350291b order=134101
2026-09-29T14:50:20.585+08:00  INFO 4276 --- [seckill-system] [OrderListener-1] c.d.seckill.service.AsyncOrderConsumer   : order committed request=0c94c09b-d39f-3487-9358-415a62f6e714 order=134104
2026-09-29T14:50:20.585+08:00  INFO 4276 --- [seckill-system] [OrderListener-2] c.d.seckill.service.AsyncOrderConsumer   : order committed request=ff9fadef-aa08-3f65-99a0-53ae906800a5 order=134103
2026-09-29T14:50:20.596+08:00  INFO 4276 --- [seckill-system] [OrderListener-2] c.d.seckill.service.AsyncOrderConsumer   : order committed request=b0ad6852-0ba8-300e-bbf7-ef9c329679e4 order=134106
2026-09-29T14:50:20.596+08:00  INFO 4276 --- [seckill-system] [OrderListener-1] c.d.seckill.service.AsyncOrderConsumer   : order committed request=73ed5689-c846-3178-9b49-712f492338a2 order=134105
2026-09-29T14:50:20.605+08:00  INFO 4276 --- [seckill-system] [OrderListener-1] c.d.seckill.service.AsyncOrderConsumer   : order committed request=4c7e669d-9766-3279-9007-4bb5db27cbc6 order=134108
2026-09-29T14:50:20.606+08:00  INFO 4276 --- [seckill-system] [OrderListener-2] c.d.seckill.service.AsyncOrderConsumer   : order committed request=2a038769-46b7-35b7-89f7-e26b73b209d6 order=134107
2026-09-29T14:50:20.616+08:00  INFO 4276 --- [seckill-system] [OrderListener-1] c.d.seckill.service.AsyncOrderConsumer   : order committed request=a5f55663-82f1-3926-994f-fe13c15568d5 order=134109
2026-09-29T14:50:20.617+08:00  INFO 4276 --- [seckill-system] [OrderListener-2] c.d.seckill.service.AsyncOrderConsumer   : order committed request=bd21faf0-427d-3383-8f4f-879553e26b86 order=134110
2026-09-29T14:50:20.627+08:00  INFO 4276 --- [seckill-system] [OrderListener-1] c.d.seckill.service.AsyncOrderConsumer   : order committed request=f6650ad9-6a0e-37c4-8e26-5ef988b8b757 order=134111
2026-09-29T14:50:20.627+08:00  INFO 4276 --- [seckill-system] [OrderListener-2] c.d.seckill.service.AsyncOrderConsumer   : order committed request=237eafbe-e8d4-3193-9a75-63fc5b494417 order=134112
2026-09-29T14:50:20.636+08:00  INFO 4276 --- [seckill-system] [OrderListener-1] c.d.seckill.service.AsyncOrderConsumer   : order committed request=ae5a72bf-02a0-3179-86cb-64bfdcd02254 order=134113
2026-09-29T14:50:20.637+08:00  INFO 4276 --- [seckill-system] [OrderListener-2] c.d.seckill.service.AsyncOrderConsumer   : order committed request=677ffc50-973a-34a4-a84d-7a0458843eff order=134114
2026-09-29T14:50:20.646+08:00  INFO 4276 --- [seckill-system] [OrderListener-1] c.d.seckill.service.AsyncOrderConsumer   : order committed request=e1c00f83-f7f8-3399-9f35-10bf185b0c5c order=134115
2026-09-29T14:50:20.647+08:00  INFO 4276 --- [seckill-system] [OrderListener-2] c.d.seckill.service.AsyncOrderConsumer   : order committed request=9f96e1a7-5c64-3487-9af8-ebc56e670d07 order=134116
2026-09-29T14:50:20.657+08:00  INFO 4276 --- [seckill-system] [OrderListener-1] c.d.seckill.service.AsyncOrderConsumer   : order committed request=16e4c7f3-1e71-3ad7-81bc-14ed10bd7785 order=134117
2026-09-29T14:50:20.657+08:00  INFO 4276 --- [seckill-system] [OrderListener-2] c.d.seckill.service.AsyncOrderConsumer   : order committed request=7b6ccfc4-486e-36b8-b36d-7fc799b2d4e5 order=134118
2026-09-29T14:50:20.668+08:00  INFO 4276 --- [seckill-system] [OrderListener-1] c.d.seckill.service.AsyncOrderConsumer   : order committed request=98a32d4c-9ee8-376a-b8c8-484af7896031 order=134120
2026-09-29T14:50:20.668+08:00  INFO 4276 --- [seckill-system] [OrderListener-2] c.d.seckill.service.AsyncOrderConsumer   : order committed request=78e30080-b9ad-37e8-a9b1-7606a03d3fbb order=134119
2026-09-29T14:50:20.679+08:00  INFO 4276 --- [seckill-system] [OrderListener-1] c.d.seckill.service.AsyncOrderConsumer   : order committed request=6c6b8d32-d87c-36d3-b939-f902b11c07d7 order=134121
2026-09-29T14:50:20.679+08:00  INFO 4276 --- [seckill-system] [OrderListener-2] c.d.seckill.service.AsyncOrderConsumer   : order committed request=27bd0850-d17c-3ce0-939f-f25bc509a9b1 order=134122
2026-09-29T14:50:20.689+08:00  INFO 4276 --- [seckill-system] [OrderListener-1] c.d.seckill.service.AsyncOrderConsumer   : order committed request=457c0aed-f29f-36f8-a0e1-cd574fe921bb order=134124
2026-09-29T14:50:20.689+08:00  INFO 4276 --- [seckill-system] [OrderListener-2] c.d.seckill.service.AsyncOrderConsumer   : order committed request=c76c9a03-3aa3-3ad8-ba86-252d8643997f order=134123
2026-09-29T14:50:20.699+08:00  INFO 4276 --- [seckill-system] [OrderListener-2] c.d.seckill.service.AsyncOrderConsumer   : order committed request=7aa9f37a-c82b-3b1a-8961-b1e9b5345d15 order=134125
2026-09-29T14:50:20.700+08:00  INFO 4276 --- [seckill-system] [OrderListener-1] c.d.seckill.service.AsyncOrderConsumer   : order committed request=ad5c8a37-080c-3689-bfd8-24c3d478d4ff order=134126
2026-09-29T14:50:20.709+08:00  INFO 4276 --- [seckill-system] [OrderListener-1] c.d.seckill.service.AsyncOrderConsumer   : order committed request=05114aa7-e20f-37a9-9b8c-214abc57da96 order=134128
2026-09-29T14:50:20.710+08:00  INFO 4276 --- [seckill-system] [OrderListener-2] c.d.seckill.service.AsyncOrderConsumer   : order committed request=fe9a7c63-2fba-3c3b-bfd7-f1c2512e3415 order=134127
2026-09-29T14:50:20.719+08:00  INFO 4276 --- [seckill-system] [OrderListener-1] c.d.seckill.service.AsyncOrderConsumer   : order committed request=ddb27733-b794-3026-af4b-1e014e7010dd order=134129
2026-09-29T14:50:20.719+08:00  INFO 4276 --- [seckill-system] [OrderListener-2] c.d.seckill.service.AsyncOrderConsumer   : order committed request=343532a5-102d-376f-ad7c-1d1ec99db9dc order=134130
2026-09-29T14:50:20.729+08:00  INFO 4276 --- [seckill-system] [OrderListener-1] c.d.seckill.service.AsyncOrderConsumer   : order committed request=e26d894b-fcf1-3533-a618-9f3c3203ee2e order=134131
2026-09-29T14:50:20.729+08:00  INFO 4276 --- [seckill-system] [OrderListener-2] c.d.seckill.service.AsyncOrderConsumer   : order committed request=b614e048-09c5-3e47-894f-231dbf1585b8 order=134132
2026-09-29T14:50:20.741+08:00  INFO 4276 --- [seckill-system] [OrderListener-2] c.d.seckill.service.AsyncOrderConsumer   : order committed request=8d3aa1da-f83f-3918-a9fc-35e707079313 order=134134
2026-09-29T14:50:20.741+08:00  INFO 4276 --- [seckill-system] [OrderListener-1] c.d.seckill.service.AsyncOrderConsumer   : order committed request=109de199-4620-334d-aa02-717ec87c2580 order=134133
2026-09-29T14:50:20.751+08:00  INFO 4276 --- [seckill-system] [OrderListener-1] c.d.seckill.service.AsyncOrderConsumer   : order committed request=4dac583d-e4f0-3bf4-ac46-22a969876270 order=134135
2026-09-29T14:50:20.751+08:00  INFO 4276 --- [seckill-system] [OrderListener-2] c.d.seckill.service.AsyncOrderConsumer   : order committed request=f321db67-c57a-38b7-8dd6-ff28ea4c693a order=134136
2026-09-29T14:50:20.762+08:00  INFO 4276 --- [seckill-system] [OrderListener-1] c.d.seckill.service.AsyncOrderConsumer   : order committed request=b07b798e-b831-303f-88ca-8c523a84f1ae order=134138
2026-09-29T14:50:20.762+08:00  INFO 4276 --- [seckill-system] [OrderListener-2] c.d.seckill.service.AsyncOrderConsumer   : order committed request=f933cf29-1244-31fe-8bbd-3b04e3dd577b order=134137
2026-09-29T14:50:20.772+08:00  INFO 4276 --- [seckill-system] [OrderListener-2] c.d.seckill.service.AsyncOrderConsumer   : order committed request=69db9790-fab8-33ec-883b-8df9cc1b8e06 order=134140
2026-09-29T14:50:20.772+08:00  INFO 4276 --- [seckill-system] [OrderListener-1] c.d.seckill.service.AsyncOrderConsumer   : order committed request=670152e6-1422-316c-9a8d-9aedede419da order=134139
2026-09-29T14:50:20.782+08:00  INFO 4276 --- [seckill-system] [OrderListener-2] c.d.seckill.service.AsyncOrderConsumer   : order committed request=0e5ddf41-69cd-3342-8c0e-800bbc59af1d order=134141
2026-09-29T14:50:20.782+08:00  INFO 4276 --- [seckill-system] [OrderListener-1] c.d.seckill.service.AsyncOrderConsumer   : order committed request=d7993a64-e0a5-3f70-a43d-4c9a1a27d58c order=134142
2026-09-29T14:50:20.802+08:00  INFO 4276 --- [seckill-system] [OrderListener-2] c.d.seckill.service.AsyncOrderConsumer   : order committed request=2bf8c064-7be7-370b-8114-05d67827f6e6 order=134143
2026-09-29T14:50:20.809+08:00  INFO 4276 --- [seckill-system] [OrderListener-1] c.d.seckill.service.AsyncOrderConsumer   : order committed request=fea539ea-25bb-3b17-8eb2-3b27132bcde6 order=134144
2026-09-29T14:50:20.813+08:00  INFO 4276 --- [seckill-system] [OrderListener-2] c.d.seckill.service.AsyncOrderConsumer   : order committed request=fe7e62fe-c915-3585-b008-41e00c7df5c8 order=134145
2026-09-29T14:50:20.820+08:00  INFO 4276 --- [seckill-system] [OrderListener-1] c.d.seckill.service.AsyncOrderConsumer   : order committed request=ae475bb9-1e2a-3331-be8f-0aee8a54b06e order=134146
2026-09-29T14:50:20.824+08:00  INFO 4276 --- [seckill-system] [OrderListener-2] c.d.seckill.service.AsyncOrderConsumer   : order committed request=aecc7d8e-dd0d-3e63-bb97-2e7b65dedbf1 order=134147
2026-09-29T14:50:20.834+08:00  INFO 4276 --- [seckill-system] [OrderListener-1] c.d.seckill.service.AsyncOrderConsumer   : order committed request=ad3aadd2-0362-3ea5-9ef2-1968d16d396c order=134148
2026-09-29T14:50:20.845+08:00  INFO 4276 --- [seckill-system] [OrderListener-2] c.d.seckill.service.AsyncOrderConsumer   : order committed request=0772adb9-43e9-3728-b714-7e65449db012 order=134149
2026-09-29T14:50:20.852+08:00  INFO 4276 --- [seckill-system] [OrderListener-1] c.d.seckill.service.AsyncOrderConsumer   : order committed request=49eee6a2-7cd0-3cd9-906a-c9b40548e716 order=134150
2026-09-29T14:50:20.855+08:00  INFO 4276 --- [seckill-system] [OrderListener-2] c.d.seckill.service.AsyncOrderConsumer   : order committed request=1462cef3-e8ac-36b7-8812-17f5aff4f171 order=134151
2026-09-29T14:50:20.861+08:00  INFO 4276 --- [seckill-system] [OrderListener-1] c.d.seckill.service.AsyncOrderConsumer   : order committed request=ce245cd4-db90-338c-a042-c007aec953ea order=134152
2026-09-29T14:50:20.866+08:00  INFO 4276 --- [seckill-system] [OrderListener-2] c.d.seckill.service.AsyncOrderConsumer   : order committed request=f89e1fff-95bf-3d56-9ced-d306e6ec1c2e order=134153
2026-09-29T14:50:20.872+08:00  INFO 4276 --- [seckill-system] [OrderListener-1] c.d.seckill.service.AsyncOrderConsumer   : order committed request=71bef6c1-e33f-393e-8c98-5f02bd4202d2 order=134154
2026-09-29T14:50:20.877+08:00  INFO 4276 --- [seckill-system] [OrderListener-2] c.d.seckill.service.AsyncOrderConsumer   : order committed request=071c5dd8-9826-32ec-9e40-98fb48a4b718 order=134155
2026-09-29T14:50:20.883+08:00  INFO 4276 --- [seckill-system] [OrderListener-1] c.d.seckill.service.AsyncOrderConsumer   : order committed request=f220d75f-9839-3d96-9b6d-70570546055d order=134156
2026-09-29T14:50:20.887+08:00  INFO 4276 --- [seckill-system] [OrderListener-2] c.d.seckill.service.AsyncOrderConsumer   : order committed request=5d230cbc-9590-3385-a568-c9fd1631ae09 order=134157
2026-09-29T14:50:20.894+08:00  INFO 4276 --- [seckill-system] [OrderListener-1] c.d.seckill.service.AsyncOrderConsumer   : order committed request=54ba31bf-a76b-3c1d-b1e2-badcfe4227ed order=134158
2026-09-29T14:50:20.897+08:00  INFO 4276 --- [seckill-system] [OrderListener-2] c.d.seckill.service.AsyncOrderConsumer   : order committed request=b1c72d8e-075c-317f-9150-45cd29a909db order=134159
2026-09-29T14:50:20.904+08:00  INFO 4276 --- [seckill-system] [OrderListener-1] c.d.seckill.service.AsyncOrderConsumer   : order committed request=bdfeee1a-fd87-3324-a4ca-17a05f21bd01 order=134160
2026-09-29T14:50:20.906+08:00  INFO 4276 --- [seckill-system] [OrderListener-2] c.d.seckill.service.AsyncOrderConsumer   : order committed request=73e6ef53-eea1-38f7-9e54-7403d052cc78 order=134161
2026-09-29T14:50:20.914+08:00  INFO 4276 --- [seckill-system] [OrderListener-1] c.d.seckill.service.AsyncOrderConsumer   : order committed request=0dd7dda2-6659-3d8f-a301-3867cc631e72 order=134162
2026-09-29T14:50:20.916+08:00  INFO 4276 --- [seckill-system] [OrderListener-2] c.d.seckill.service.AsyncOrderConsumer   : order committed request=17fcf516-480e-38c2-bb4d-3f096e118842 order=134163
2026-09-29T14:50:20.923+08:00  INFO 4276 --- [seckill-system] [OrderListener-1] c.d.seckill.service.AsyncOrderConsumer   : order committed request=e7804f31-c92d-303b-a93e-06ec0a386c90 order=134164
2026-09-29T14:50:20.926+08:00  INFO 4276 --- [seckill-system] [OrderListener-2] c.d.seckill.service.AsyncOrderConsumer   : order committed request=716514cf-1489-3238-a6e7-4b721d35b8f4 order=134165
2026-09-29T14:50:20.933+08:00  INFO 4276 --- [seckill-system] [OrderListener-1] c.d.seckill.service.AsyncOrderConsumer   : order committed request=016adbd9-95e2-384e-9a46-523f4caf91a2 order=134166
2026-09-29T14:50:20.936+08:00  INFO 4276 --- [seckill-system] [OrderListener-2] c.d.seckill.service.AsyncOrderConsumer   : order committed request=48722935-0b83-3d05-a3c4-d4ebb6890834 order=134167
2026-09-29T14:50:20.944+08:00  INFO 4276 --- [seckill-system] [OrderListener-1] c.d.seckill.service.AsyncOrderConsumer   : order committed request=ea86a9e6-eb96-3650-83cb-6d80573a96ed order=134168
2026-09-29T14:50:20.946+08:00  INFO 4276 --- [seckill-system] [OrderListener-2] c.d.seckill.service.AsyncOrderConsumer   : order committed request=9bd386a4-2bb1-3a2c-b31c-b39d3f196d8e order=134169
2026-09-29T14:50:20.955+08:00  INFO 4276 --- [seckill-system] [OrderListener-1] c.d.seckill.service.AsyncOrderConsumer   : order committed request=b449ca32-296b-3423-b0ab-363379c0949b order=134170
2026-09-29T14:50:20.961+08:00  INFO 4276 --- [seckill-system] [OrderListener-2] c.d.seckill.service.AsyncOrderConsumer   : order committed request=3969d5d7-e45c-3e10-91a0-ffaa3e639db8 order=134171
2026-09-29T14:50:20.966+08:00  INFO 4276 --- [seckill-system] [OrderListener-1] c.d.seckill.service.AsyncOrderConsumer   : order committed request=be6990ef-7e69-37e1-b188-918a271204f6 order=134172
2026-09-29T14:50:20.971+08:00  INFO 4276 --- [seckill-system] [OrderListener-2] c.d.seckill.service.AsyncOrderConsumer   : order committed request=d868db7b-b488-3bc3-8c8a-6ffb07ef9d04 order=134173
2026-09-29T14:50:20.976+08:00  INFO 4276 --- [seckill-system] [OrderListener-1] c.d.seckill.service.AsyncOrderConsumer   : order committed request=4653deda-d4f5-3ac8-9691-7c8b8491b03b order=134174
2026-09-29T14:50:20.982+08:00  INFO 4276 --- [seckill-system] [OrderListener-2] c.d.seckill.service.AsyncOrderConsumer   : order committed request=d2666c40-5522-3cf1-b24b-04e34c03373d order=134175
2026-09-29T14:50:20.986+08:00  INFO 4276 --- [seckill-system] [OrderListener-1] c.d.seckill.service.AsyncOrderConsumer   : order committed request=62bfe69e-42e5-380c-af84-0535df5f8272 order=134176
2026-09-29T14:50:20.992+08:00  INFO 4276 --- [seckill-system] [OrderListener-2] c.d.seckill.service.AsyncOrderConsumer   : order committed request=189c2b32-b5e0-3bfc-a99b-2bb3327eff50 order=134177
2026-09-29T14:50:20.997+08:00  INFO 4276 --- [seckill-system] [OrderListener-1] c.d.seckill.service.AsyncOrderConsumer   : order committed request=c9da7c52-6c0f-3e24-8c2a-f9d9607e1c80 order=134178
2026-09-29T14:50:21.002+08:00  INFO 4276 --- [seckill-system] [OrderListener-2] c.d.seckill.service.AsyncOrderConsumer   : order committed request=fc2e7d3c-a464-3f8c-a6b1-46adba18e841 order=134179
2026-09-29T14:50:21.007+08:00  INFO 4276 --- [seckill-system] [OrderListener-1] c.d.seckill.service.AsyncOrderConsumer   : order committed request=7c5fa0e9-584a-323c-8bf8-778ee3ccc2b5 order=134180
2026-09-29T14:50:21.012+08:00  INFO 4276 --- [seckill-system] [OrderListener-2] c.d.seckill.service.AsyncOrderConsumer   : order committed request=b48bebd2-cdcd-326f-9bf1-0dc0c52fbf9b order=134181
2026-09-29T14:50:21.017+08:00  INFO 4276 --- [seckill-system] [OrderListener-1] c.d.seckill.service.AsyncOrderConsumer   : order committed request=281c4902-5d6e-380e-8507-982e6f6caad6 order=134182
2026-09-29T14:50:21.023+08:00  INFO 4276 --- [seckill-system] [OrderListener-2] c.d.seckill.service.AsyncOrderConsumer   : order committed request=323095a6-14fb-3a3e-a152-0a9cb0b322d3 order=134183
2026-09-29T14:50:21.028+08:00  INFO 4276 --- [seckill-system] [OrderListener-1] c.d.seckill.service.AsyncOrderConsumer   : order committed request=1e611c56-b7a5-3109-a44b-e0f572b6358d order=134184
2026-09-29T14:50:21.034+08:00  INFO 4276 --- [seckill-system] [OrderListener-2] c.d.seckill.service.AsyncOrderConsumer   : order committed request=7c3a694a-cd4c-3784-b3e7-db65efabe6b2 order=134185
2026-09-29T14:50:21.037+08:00  INFO 4276 --- [seckill-system] [OrderListener-1] c.d.seckill.service.AsyncOrderConsumer   : order committed request=5e35204a-0e94-3459-bda0-995ec7595691 order=134186
2026-09-29T14:50:21.044+08:00  INFO 4276 --- [seckill-system] [OrderListener-2] c.d.seckill.service.AsyncOrderConsumer   : order committed request=e18cebc7-a632-3ad6-b2f7-8aacfd46aaf6 order=134187
2026-09-29T14:50:21.048+08:00  INFO 4276 --- [seckill-system] [OrderListener-1] c.d.seckill.service.AsyncOrderConsumer   : order committed request=c83395b1-663f-3c8d-bdf2-b32a2bc82ee9 order=134188
2026-09-29T14:50:21.054+08:00  INFO 4276 --- [seckill-system] [OrderListener-2] c.d.seckill.service.AsyncOrderConsumer   : order committed request=7918216e-57e6-3bfe-9a6d-90d6780e025a order=134189
2026-09-29T14:50:21.058+08:00  INFO 4276 --- [seckill-system] [OrderListener-1] c.d.seckill.service.AsyncOrderConsumer   : order committed request=2f3d3a47-844a-3c58-997a-61fe39adc7d3 order=134190
2026-09-29T14:50:21.066+08:00  INFO 4276 --- [seckill-system] [OrderListener-2] c.d.seckill.service.AsyncOrderConsumer   : order committed request=3c3f6f9a-11f7-3808-8894-01547cf94597 order=134191
2026-09-29T14:50:21.069+08:00  INFO 4276 --- [seckill-system] [OrderListener-1] c.d.seckill.service.AsyncOrderConsumer   : order committed request=88cdac12-750c-3c64-818a-1e60c239b430 order=134192
2026-09-29T14:50:21.076+08:00  INFO 4276 --- [seckill-system] [OrderListener-2] c.d.seckill.service.AsyncOrderConsumer   : order committed request=fc23c71e-9a17-3115-8bbb-5fde6c42214c order=134193
2026-09-29T14:50:21.080+08:00  INFO 4276 --- [seckill-system] [OrderListener-1] c.d.seckill.service.AsyncOrderConsumer   : order committed request=188f82e8-5221-3a2d-8542-4b4ea39e031b order=134194
2026-09-29T14:50:21.088+08:00  INFO 4276 --- [seckill-system] [OrderListener-2] c.d.seckill.service.AsyncOrderConsumer   : order committed request=3f37602d-ebef-3d09-b907-d13b7c028869 order=134195
2026-09-29T14:50:21.091+08:00  INFO 4276 --- [seckill-system] [OrderListener-1] c.d.seckill.service.AsyncOrderConsumer   : order committed request=8f1d43a4-02e6-32fc-a622-00cd985d4f99 order=134196
2026-09-29T14:50:21.099+08:00  INFO 4276 --- [seckill-system] [OrderListener-2] c.d.seckill.service.AsyncOrderConsumer   : order committed request=4644a55c-99c3-39e3-96fc-280aa76058bc order=134197
2026-09-29T14:50:21.102+08:00  INFO 4276 --- [seckill-system] [OrderListener-1] c.d.seckill.service.AsyncOrderConsumer   : order committed request=77539f25-e39c-39bf-91a1-cc3416bc98f7 order=134198
2026-09-29T14:50:21.110+08:00  INFO 4276 --- [seckill-system] [OrderListener-2] c.d.seckill.service.AsyncOrderConsumer   : order committed request=ee76eb97-662c-3776-90ad-03314267b62e order=134199
2026-09-29T14:50:21.112+08:00  INFO 4276 --- [seckill-system] [OrderListener-1] c.d.seckill.service.AsyncOrderConsumer   : order committed request=e3ab96a3-1ddb-31b4-9496-88f3d2058f4f order=134200
2026-09-29T14:50:21.119+08:00  INFO 4276 --- [seckill-system] [OrderListener-2] c.d.seckill.service.AsyncOrderConsumer   : order committed request=75f8bfdf-b835-30c4-928b-5a118cbbd860 order=134201
2026-09-29T14:50:21.122+08:00  INFO 4276 --- [seckill-system] [OrderListener-1] c.d.seckill.service.AsyncOrderConsumer   : order committed request=892ec68d-5f04-322d-b5e5-a9f4f5143398 order=134202
2026-09-29T14:50:21.130+08:00  INFO 4276 --- [seckill-system] [OrderListener-2] c.d.seckill.service.AsyncOrderConsumer   : order committed request=f0e30156-2012-3e7b-8b5b-d1d0cdf05ff0 order=134203
2026-09-29T14:50:21.133+08:00  INFO 4276 --- [seckill-system] [OrderListener-1] c.d.seckill.service.AsyncOrderConsumer   : order committed request=350efe47-06e3-33de-a5e6-f159d0c28bee order=134204
2026-09-29T14:50:21.141+08:00  INFO 4276 --- [seckill-system] [OrderListener-2] c.d.seckill.service.AsyncOrderConsumer   : order committed request=9816c921-f149-3311-8653-41556c39ec9d order=134205
2026-09-29T14:50:21.143+08:00  INFO 4276 --- [seckill-system] [OrderListener-1] c.d.seckill.service.AsyncOrderConsumer   : order committed request=78aa53d6-86bc-3774-8c75-b2d11162c66c order=134206
2026-09-29T14:50:21.152+08:00  INFO 4276 --- [seckill-system] [OrderListener-2] c.d.seckill.service.AsyncOrderConsumer   : order committed request=3efa365f-e3a7-3d00-8546-93143b3f7c61 order=134207
2026-09-29T14:50:21.153+08:00  INFO 4276 --- [seckill-system] [OrderListener-1] c.d.seckill.service.AsyncOrderConsumer   : order committed request=579b288c-97a3-36f5-8e04-fef4901f7e89 order=134208
2026-09-29T14:50:21.162+08:00  INFO 4276 --- [seckill-system] [OrderListener-2] c.d.seckill.service.AsyncOrderConsumer   : order committed request=68acbc43-bebc-3a95-a372-23b8dd20e9f2 order=134209
2026-09-29T14:50:21.162+08:00  INFO 4276 --- [seckill-system] [OrderListener-1] c.d.seckill.service.AsyncOrderConsumer   : order committed request=7915ac33-a455-3427-b283-a4e2a8f8a104 order=134210
2026-09-29T14:50:21.172+08:00  INFO 4276 --- [seckill-system] [OrderListener-1] c.d.seckill.service.AsyncOrderConsumer   : order committed request=37ac4980-8462-33cf-aa5b-1730ee9e9362 order=134211
2026-09-29T14:50:21.172+08:00  INFO 4276 --- [seckill-system] [OrderListener-2] c.d.seckill.service.AsyncOrderConsumer   : order committed request=58d4d8e3-2237-38a4-8d6c-fd997d0da1f4 order=134212
2026-09-29T14:50:21.183+08:00  INFO 4276 --- [seckill-system] [OrderListener-1] c.d.seckill.service.AsyncOrderConsumer   : order committed request=9ad39fc7-1446-3bce-bdc7-10648d2fb676 order=134213
2026-09-29T14:50:21.184+08:00  INFO 4276 --- [seckill-system] [OrderListener-2] c.d.seckill.service.AsyncOrderConsumer   : order committed request=fc039bd0-482f-3da0-ae69-dd1253874e79 order=134214
2026-09-29T14:50:21.195+08:00  INFO 4276 --- [seckill-system] [OrderListener-2] c.d.seckill.service.AsyncOrderConsumer   : order committed request=a1f952bc-3d25-3201-b4e6-24d657759def order=134215
2026-09-29T14:50:21.195+08:00  INFO 4276 --- [seckill-system] [OrderListener-1] c.d.seckill.service.AsyncOrderConsumer   : order committed request=e8e8b7ee-b936-361d-bdad-7a016274d73f order=134216
2026-09-29T14:50:21.205+08:00  INFO 4276 --- [seckill-system] [OrderListener-2] c.d.seckill.service.AsyncOrderConsumer   : order committed request=05b838f3-31e9-3b5a-af2c-d4665444c950 order=134217
2026-09-29T14:50:21.206+08:00  INFO 4276 --- [seckill-system] [OrderListener-1] c.d.seckill.service.AsyncOrderConsumer   : order committed request=4e2f7221-e943-32c2-bcee-2da5a9166ae2 order=134218
2026-09-29T14:50:21.216+08:00  INFO 4276 --- [seckill-system] [OrderListener-2] c.d.seckill.service.AsyncOrderConsumer   : order committed request=cf2126da-b0d8-3878-b1fd-a12557c273cf order=134219
2026-09-29T14:50:21.217+08:00  INFO 4276 --- [seckill-system] [OrderListener-1] c.d.seckill.service.AsyncOrderConsumer   : order committed request=c2bef3f0-9a52-3930-8960-8237e3d03383 order=134220
2026-09-29T14:50:21.227+08:00  INFO 4276 --- [seckill-system] [OrderListener-1] c.d.seckill.service.AsyncOrderConsumer   : order committed request=1fa0d7ed-3b66-39af-bf60-51f7c5c8b761 order=134222
2026-09-29T14:50:21.227+08:00  INFO 4276 --- [seckill-system] [OrderListener-2] c.d.seckill.service.AsyncOrderConsumer   : order committed request=09a8d6d7-4aee-3d0b-9a2e-793ad4eed9d0 order=134221
2026-09-29T14:50:21.238+08:00  INFO 4276 --- [seckill-system] [OrderListener-1] c.d.seckill.service.AsyncOrderConsumer   : order committed request=e89846ca-7c30-3e0d-9612-b05ea56adc8b order=134224
2026-09-29T14:50:21.238+08:00  INFO 4276 --- [seckill-system] [OrderListener-2] c.d.seckill.service.AsyncOrderConsumer   : order committed request=a8a99c54-0a25-3432-95bc-36d832b8f68d order=134223
2026-09-29T14:50:21.250+08:00  INFO 4276 --- [seckill-system] [OrderListener-1] c.d.seckill.service.AsyncOrderConsumer   : order committed request=eeaa29c8-e526-3a27-8e76-e243fb740b08 order=134226
2026-09-29T14:50:21.250+08:00  INFO 4276 --- [seckill-system] [OrderListener-2] c.d.seckill.service.AsyncOrderConsumer   : order committed request=f7f0e4fc-1664-3e5e-84d2-c906632c6b7f order=134225
2026-09-29T14:50:21.262+08:00  INFO 4276 --- [seckill-system] [OrderListener-2] c.d.seckill.service.AsyncOrderConsumer   : order committed request=e8a70699-4469-35db-b4c3-209d45066a2b order=134227
2026-09-29T14:50:21.262+08:00  INFO 4276 --- [seckill-system] [OrderListener-1] c.d.seckill.service.AsyncOrderConsumer   : order committed request=a5d1832d-7834-38cf-af6c-b7e96e2ff015 order=134228
2026-09-29T14:50:21.273+08:00  INFO 4276 --- [seckill-system] [OrderListener-2] c.d.seckill.service.AsyncOrderConsumer   : order committed request=372ba0fb-cd4c-36c9-a4cb-0fb223b00f47 order=134230
2026-09-29T14:50:21.273+08:00  INFO 4276 --- [seckill-system] [OrderListener-1] c.d.seckill.service.AsyncOrderConsumer   : order committed request=429fb916-1bd4-301e-8b20-51e717ec0561 order=134229
2026-09-29T14:50:21.285+08:00  INFO 4276 --- [seckill-system] [OrderListener-1] c.d.seckill.service.AsyncOrderConsumer   : order committed request=d658a152-212f-38ad-be70-5d006ed81bc1 order=134232
2026-09-29T14:50:21.285+08:00  INFO 4276 --- [seckill-system] [OrderListener-2] c.d.seckill.service.AsyncOrderConsumer   : order committed request=c306fcb5-6566-3fb3-ac39-5cb650b59752 order=134231
2026-09-29T14:50:21.296+08:00  INFO 4276 --- [seckill-system] [OrderListener-1] c.d.seckill.service.AsyncOrderConsumer   : order committed request=0249aa79-c3c7-3378-9ccf-d2be3cc47db1 order=134233
2026-09-29T14:50:21.297+08:00  INFO 4276 --- [seckill-system] [OrderListener-2] c.d.seckill.service.AsyncOrderConsumer   : order committed request=bbc90104-cacb-3f7c-a9bb-20ffe0caba36 order=134234
2026-09-29T14:50:21.309+08:00  INFO 4276 --- [seckill-system] [OrderListener-1] c.d.seckill.service.AsyncOrderConsumer   : order committed request=754d29aa-86a4-3bd6-8ac4-af925910004d order=134236
2026-09-29T14:50:21.309+08:00  INFO 4276 --- [seckill-system] [OrderListener-2] c.d.seckill.service.AsyncOrderConsumer   : order committed request=8deadf47-1e3f-36aa-a5ca-2b3aeec58f2d order=134235
2026-09-29T14:50:21.319+08:00  INFO 4276 --- [seckill-system] [OrderListener-2] c.d.seckill.service.AsyncOrderConsumer   : order committed request=e7f3e4cc-d6df-3c13-94ff-01916297ac3a order=134237
2026-09-29T14:50:21.320+08:00  INFO 4276 --- [seckill-system] [OrderListener-1] c.d.seckill.service.AsyncOrderConsumer   : order committed request=20df5e5f-cf4a-3ea6-a3ad-bceaedb191ba order=134238
2026-09-29T14:50:21.330+08:00  INFO 4276 --- [seckill-system] [OrderListener-1] c.d.seckill.service.AsyncOrderConsumer   : order committed request=51babf3d-d496-383e-b6e0-0cf6cac9d671 order=134240
2026-09-29T14:50:21.330+08:00  INFO 4276 --- [seckill-system] [OrderListener-2] c.d.seckill.service.AsyncOrderConsumer   : order committed request=e787b3bb-2ac4-396c-b484-0547c395969d order=134239
2026-09-29T14:50:21.340+08:00  INFO 4276 --- [seckill-system] [OrderListener-2] c.d.seckill.service.AsyncOrderConsumer   : order committed request=2da5aa9f-cff0-3d14-9d91-5ff81836dae3 order=134241
2026-09-29T14:50:21.340+08:00  INFO 4276 --- [seckill-system] [OrderListener-1] c.d.seckill.service.AsyncOrderConsumer   : order committed request=26af999c-3497-3e15-a68f-91a84cdbfe4b order=134242
2026-09-29T14:50:21.350+08:00  INFO 4276 --- [seckill-system] [OrderListener-1] c.d.seckill.service.AsyncOrderConsumer   : order committed request=e0a369bd-c76d-3c00-8961-013170d55a4c order=134243
2026-09-29T14:50:21.350+08:00  INFO 4276 --- [seckill-system] [OrderListener-2] c.d.seckill.service.AsyncOrderConsumer   : order committed request=b7acd2b9-8f30-382b-b2c6-48363767d4f9 order=134244
2026-09-29T14:50:21.360+08:00  INFO 4276 --- [seckill-system] [OrderListener-1] c.d.seckill.service.AsyncOrderConsumer   : order committed request=8f4880fd-a19e-390a-9aac-089303b83800 order=134246
2026-09-29T14:50:21.360+08:00  INFO 4276 --- [seckill-system] [OrderListener-2] c.d.seckill.service.AsyncOrderConsumer   : order committed request=e430e018-350c-3af2-a2db-988d07dff049 order=134245
2026-09-29T14:50:21.370+08:00  INFO 4276 --- [seckill-system] [OrderListener-2] c.d.seckill.service.AsyncOrderConsumer   : order committed request=1f3b278b-7fe3-37eb-a97d-460f9011f137 order=134248
2026-09-29T14:50:21.371+08:00  INFO 4276 --- [seckill-system] [OrderListener-1] c.d.seckill.service.AsyncOrderConsumer   : order committed request=7068566c-6ba5-3f97-9ff6-9eeaf7f9b699 order=134247
2026-09-29T14:50:21.381+08:00  INFO 4276 --- [seckill-system] [OrderListener-2] c.d.seckill.service.AsyncOrderConsumer   : order committed request=d52d6bbc-38d7-3df0-88d3-fb943bfd24ed order=134249
2026-09-29T14:50:21.381+08:00  INFO 4276 --- [seckill-system] [OrderListener-1] c.d.seckill.service.AsyncOrderConsumer   : order committed request=fcf260c7-7e28-32cf-b62e-b6357fa50f72 order=134250
2026-09-29T14:50:21.391+08:00  INFO 4276 --- [seckill-system] [OrderListener-1] c.d.seckill.service.AsyncOrderConsumer   : order committed request=140d697d-21d2-3c27-b5ad-585fdca0f1b1 order=134251
2026-09-29T14:50:21.392+08:00  INFO 4276 --- [seckill-system] [OrderListener-2] c.d.seckill.service.AsyncOrderConsumer   : order committed request=159caafd-4e52-398d-82e6-7d84eed58136 order=134252
2026-09-29T14:50:21.402+08:00  INFO 4276 --- [seckill-system] [OrderListener-2] c.d.seckill.service.AsyncOrderConsumer   : order committed request=19b15d9f-fe3b-3713-810a-2c546de7ae81 order=134253
2026-09-29T14:50:21.402+08:00  INFO 4276 --- [seckill-system] [OrderListener-1] c.d.seckill.service.AsyncOrderConsumer   : order committed request=a8c1a1ea-1e29-39e6-b855-268bb09eb2cb order=134254
2026-09-29T14:50:21.411+08:00  INFO 4276 --- [seckill-system] [OrderListener-2] c.d.seckill.service.AsyncOrderConsumer   : order committed request=b28ccea7-56b7-3c1c-9c8e-cdb0be33251f order=134256
2026-09-29T14:50:21.412+08:00  INFO 4276 --- [seckill-system] [OrderListener-1] c.d.seckill.service.AsyncOrderConsumer   : order committed request=a50f4f3d-e7e3-3c8a-88d9-8808423b76ee order=134255
2026-09-29T14:50:21.422+08:00  INFO 4276 --- [seckill-system] [OrderListener-2] c.d.seckill.service.AsyncOrderConsumer   : order committed request=2bee45ef-7047-3270-8ca9-df9c3486fcf0 order=134257
2026-09-29T14:50:21.423+08:00  INFO 4276 --- [seckill-system] [OrderListener-1] c.d.seckill.service.AsyncOrderConsumer   : order committed request=c9ed05eb-9aaa-3279-a092-95bd90c85c99 order=134258
2026-09-29T14:50:21.433+08:00  INFO 4276 --- [seckill-system] [OrderListener-1] c.d.seckill.service.AsyncOrderConsumer   : order committed request=5be58694-a4dc-3ef1-867f-2c3208de5d2d order=134260
2026-09-29T14:50:21.433+08:00  INFO 4276 --- [seckill-system] [OrderListener-2] c.d.seckill.service.AsyncOrderConsumer   : order committed request=f98ae879-3d67-31de-a571-638b05988507 order=134259
2026-09-29T14:50:21.442+08:00  INFO 4276 --- [seckill-system] [OrderListener-1] c.d.seckill.service.AsyncOrderConsumer   : order committed request=c8f25610-db52-3db3-8f32-b6c47fcc79dc order=134261
2026-09-29T14:50:21.443+08:00  INFO 4276 --- [seckill-system] [OrderListener-2] c.d.seckill.service.AsyncOrderConsumer   : order committed request=c5eb3742-fa55-3c47-a293-c2248f9cbb0e order=134262
2026-09-29T14:50:21.453+08:00  INFO 4276 --- [seckill-system] [OrderListener-1] c.d.seckill.service.AsyncOrderConsumer   : order committed request=0f4911a5-b303-3d07-8e2b-917af8019cb4 order=134263
2026-09-29T14:50:21.453+08:00  INFO 4276 --- [seckill-system] [OrderListener-2] c.d.seckill.service.AsyncOrderConsumer   : order committed request=8377a53d-973f-31b9-9832-f9f548f418f5 order=134264
2026-09-29T14:50:21.464+08:00  INFO 4276 --- [seckill-system] [OrderListener-1] c.d.seckill.service.AsyncOrderConsumer   : order committed request=bb36938a-a399-3edd-b8bb-81cbafa83a12 order=134265
2026-09-29T14:50:21.464+08:00  INFO 4276 --- [seckill-system] [OrderListener-2] c.d.seckill.service.AsyncOrderConsumer   : order committed request=b6a2b459-4d72-3015-ba11-38e966a5d4cd order=134266
2026-09-29T14:50:21.473+08:00  INFO 4276 --- [seckill-system] [OrderListener-1] c.d.seckill.service.AsyncOrderConsumer   : order committed request=1e37aae7-ab23-3ca2-b91a-ab14f730f6bd order=134267
2026-09-29T14:50:21.474+08:00  INFO 4276 --- [seckill-system] [OrderListener-2] c.d.seckill.service.AsyncOrderConsumer   : order committed request=1959959e-115a-3d7e-85e0-f626d2f80c6c order=134268
2026-09-29T14:50:21.488+08:00  INFO 4276 --- [seckill-system] [OrderListener-1] c.d.seckill.service.AsyncOrderConsumer   : order committed request=32b36958-23b9-36ca-8b90-d2ac87748879 order=134269
2026-09-29T14:50:21.491+08:00  INFO 4276 --- [seckill-system] [OrderListener-2] c.d.seckill.service.AsyncOrderConsumer   : order committed request=8402772f-f4eb-309a-b137-7b808522ce99 order=134270
2026-09-29T14:50:21.498+08:00  INFO 4276 --- [seckill-system] [OrderListener-1] c.d.seckill.service.AsyncOrderConsumer   : order committed request=f3a4bdeb-4889-3196-a74b-5c45e34e04e5 order=134271
2026-09-29T14:50:21.500+08:00  INFO 4276 --- [seckill-system] [OrderListener-2] c.d.seckill.service.AsyncOrderConsumer   : order committed request=fbf70ed4-af33-33d5-a0cd-74c866513dd1 order=134272
2026-09-29T14:50:21.507+08:00  INFO 4276 --- [seckill-system] [OrderListener-1] c.d.seckill.service.AsyncOrderConsumer   : order committed request=6b96b932-e397-3c74-8594-45c05c786684 order=134273
2026-09-29T14:50:21.509+08:00  INFO 4276 --- [seckill-system] [OrderListener-2] c.d.seckill.service.AsyncOrderConsumer   : order committed request=dbfafc42-1ae5-326c-91f5-7985ed6c99fe order=134274
2026-09-29T14:50:21.517+08:00  INFO 4276 --- [seckill-system] [OrderListener-1] c.d.seckill.service.AsyncOrderConsumer   : order committed request=4e6a5b81-6ff4-36d4-bb5c-e1b1f80a43ec order=134275
2026-09-29T14:50:21.518+08:00  INFO 4276 --- [seckill-system] [OrderListener-2] c.d.seckill.service.AsyncOrderConsumer   : order committed request=d7dde84b-51ba-3aa7-8926-fb7a7648a235 order=134276
2026-09-29T14:50:21.527+08:00  INFO 4276 --- [seckill-system] [OrderListener-1] c.d.seckill.service.AsyncOrderConsumer   : order committed request=5a9a7166-2773-3e6d-b925-a58b803b7579 order=134277
2026-09-29T14:50:21.528+08:00  INFO 4276 --- [seckill-system] [OrderListener-2] c.d.seckill.service.AsyncOrderConsumer   : order committed request=70ec30e3-932a-3f15-a3df-7622ff570a5d order=134278
2026-09-29T14:50:21.536+08:00  INFO 4276 --- [seckill-system] [OrderListener-1] c.d.seckill.service.AsyncOrderConsumer   : order committed request=ade75a72-266b-376b-9826-7fca1038dc26 order=134279
2026-09-29T14:50:21.538+08:00  INFO 4276 --- [seckill-system] [OrderListener-2] c.d.seckill.service.AsyncOrderConsumer   : order committed request=5b6954b7-8412-3f9e-8a68-dd956fdd0065 order=134280
2026-09-29T14:50:21.545+08:00  INFO 4276 --- [seckill-system] [OrderListener-1] c.d.seckill.service.AsyncOrderConsumer   : order committed request=885e7621-5354-330f-bc17-c6a48059c648 order=134281
2026-09-29T14:50:21.546+08:00  INFO 4276 --- [seckill-system] [OrderListener-2] c.d.seckill.service.AsyncOrderConsumer   : order committed request=0261c286-0238-34a0-9cbe-5abdcb658762 order=134282
2026-09-29T14:50:21.556+08:00  INFO 4276 --- [seckill-system] [OrderListener-1] c.d.seckill.service.AsyncOrderConsumer   : order committed request=fc7ea2d6-4a9f-360a-9b2d-42a6875ee9f1 order=134283
2026-09-29T14:50:21.556+08:00  INFO 4276 --- [seckill-system] [OrderListener-2] c.d.seckill.service.AsyncOrderConsumer   : order committed request=1d1a1ac4-6f4a-3381-91ac-657b3b3f298f order=134284
2026-09-29T14:50:21.565+08:00  INFO 4276 --- [seckill-system] [OrderListener-2] c.d.seckill.service.AsyncOrderConsumer   : order committed request=9048deb9-d8bc-31e6-a206-3cf370809c28 order=134286
2026-09-29T14:50:21.566+08:00  INFO 4276 --- [seckill-system] [OrderListener-1] c.d.seckill.service.AsyncOrderConsumer   : order committed request=8b449d71-debd-369a-b37a-cebe860acb90 order=134285
2026-09-29T14:50:21.580+08:00  INFO 4276 --- [seckill-system] [OrderListener-1] c.d.seckill.service.AsyncOrderConsumer   : order committed request=b0e4a3f8-acea-3896-946f-7959c1535481 order=134287
2026-09-29T14:50:21.583+08:00  INFO 4276 --- [seckill-system] [OrderListener-2] c.d.seckill.service.AsyncOrderConsumer   : order committed request=53aa6797-51fa-3606-a36a-a13683e20ea4 order=134288
2026-09-29T14:50:21.591+08:00  INFO 4276 --- [seckill-system] [OrderListener-1] c.d.seckill.service.AsyncOrderConsumer   : order committed request=91ac18a4-5f64-30ac-97b8-c1112a971c0b order=134289
2026-09-29T14:50:21.592+08:00  INFO 4276 --- [seckill-system] [OrderListener-2] c.d.seckill.service.AsyncOrderConsumer   : order committed request=53a4e0bb-6bbe-39c2-ab54-02c874c1a656 order=134290
2026-09-29T14:50:21.601+08:00  INFO 4276 --- [seckill-system] [OrderListener-1] c.d.seckill.service.AsyncOrderConsumer   : order committed request=2df9dd72-0103-313b-adb2-aa4e63686ac7 order=134291
2026-09-29T14:50:21.602+08:00  INFO 4276 --- [seckill-system] [OrderListener-2] c.d.seckill.service.AsyncOrderConsumer   : order committed request=13f61b6c-2100-3d5c-8fe7-4017106d7c49 order=134292
2026-09-29T14:50:21.610+08:00  INFO 4276 --- [seckill-system] [OrderListener-1] c.d.seckill.service.AsyncOrderConsumer   : order committed request=dda683bc-ec5c-30bd-825d-d7740836c0a6 order=134293
2026-09-29T14:50:21.611+08:00  INFO 4276 --- [seckill-system] [OrderListener-2] c.d.seckill.service.AsyncOrderConsumer   : order committed request=c7aa3ac4-804c-3103-bda4-32854752a2ec order=134294
2026-09-29T14:50:21.620+08:00  INFO 4276 --- [seckill-system] [OrderListener-1] c.d.seckill.service.AsyncOrderConsumer   : order committed request=8d9289d3-45b7-36b9-a5e4-2ffe863c168d order=134295
2026-09-29T14:50:21.620+08:00  INFO 4276 --- [seckill-system] [OrderListener-2] c.d.seckill.service.AsyncOrderConsumer   : order committed request=02f565d1-2f9c-344a-a07f-a0335b3735ff order=134296
2026-09-29T14:50:21.630+08:00  INFO 4276 --- [seckill-system] [OrderListener-1] c.d.seckill.service.AsyncOrderConsumer   : order committed request=3f9d8f02-f865-352f-8b51-19090c24b29f order=134297
2026-09-29T14:50:21.630+08:00  INFO 4276 --- [seckill-system] [OrderListener-2] c.d.seckill.service.AsyncOrderConsumer   : order committed request=0fc7604f-d38f-35ab-bda0-367650f06af1 order=134298
2026-09-29T14:50:21.640+08:00  INFO 4276 --- [seckill-system] [OrderListener-1] c.d.seckill.service.AsyncOrderConsumer   : order committed request=e45f6d1b-28c5-3046-85fd-5fa2c9cbdcfc order=134299
2026-09-29T14:50:21.641+08:00  INFO 4276 --- [seckill-system] [OrderListener-2] c.d.seckill.service.AsyncOrderConsumer   : order committed request=053aab54-1691-3aea-9f38-5172871abe4d order=134300
2026-09-29T14:50:21.650+08:00  INFO 4276 --- [seckill-system] [OrderListener-1] c.d.seckill.service.AsyncOrderConsumer   : order committed request=9fb314ca-19c5-3cf7-8ec3-123ed4cde387 order=134301
2026-09-29T14:50:21.651+08:00  INFO 4276 --- [seckill-system] [OrderListener-2] c.d.seckill.service.AsyncOrderConsumer   : order committed request=a753ca3b-d95e-366f-818a-eebaa045c267 order=134302
2026-09-29T14:50:21.660+08:00  INFO 4276 --- [seckill-system] [OrderListener-2] c.d.seckill.service.AsyncOrderConsumer   : order committed request=980c6e9d-13a3-3b49-a692-431fa8e2d48b order=134304
2026-09-29T14:50:21.662+08:00  INFO 4276 --- [seckill-system] [OrderListener-1] c.d.seckill.service.AsyncOrderConsumer   : order committed request=37d2e7c1-b540-3ee5-a6c8-c7fea8eec418 order=134303
2026-09-29T14:50:21.670+08:00  INFO 4276 --- [seckill-system] [OrderListener-2] c.d.seckill.service.AsyncOrderConsumer   : order committed request=2d4bef7a-c148-366d-b747-ece5bec92777 order=134305
2026-09-29T14:50:21.670+08:00  INFO 4276 --- [seckill-system] [OrderListener-1] c.d.seckill.service.AsyncOrderConsumer   : order committed request=01fe9a9b-e4e5-3125-81b4-2aa4007942c4 order=134306
2026-09-29T14:50:21.680+08:00  INFO 4276 --- [seckill-system] [OrderListener-2] c.d.seckill.service.AsyncOrderConsumer   : order committed request=fa1f0d45-2908-3d61-9520-4c414a0d6e34 order=134307
2026-09-29T14:50:21.682+08:00  INFO 4276 --- [seckill-system] [OrderListener-1] c.d.seckill.service.AsyncOrderConsumer   : order committed request=5d5fa758-1189-36c6-9d9e-7383a8480f31 order=134308
2026-09-29T14:50:21.691+08:00  INFO 4276 --- [seckill-system] [OrderListener-2] c.d.seckill.service.AsyncOrderConsumer   : order committed request=970975ee-3783-36f4-a3a0-9d2afc746756 order=134309
2026-09-29T14:50:21.692+08:00  INFO 4276 --- [seckill-system] [OrderListener-1] c.d.seckill.service.AsyncOrderConsumer   : order committed request=c3df7295-9298-3c15-b60d-8e2ce7d41025 order=134310
2026-09-29T14:50:21.701+08:00  INFO 4276 --- [seckill-system] [OrderListener-2] c.d.seckill.service.AsyncOrderConsumer   : order committed request=e6fc773d-3572-34a7-80cd-ce7c01e5124f order=134311
2026-09-29T14:50:21.701+08:00  INFO 4276 --- [seckill-system] [OrderListener-1] c.d.seckill.service.AsyncOrderConsumer   : order committed request=5b6930a9-ded5-3fbb-a137-bf6cdb6f5305 order=134312
2026-09-29T14:50:21.715+08:00  INFO 4276 --- [seckill-system] [OrderListener-2] c.d.seckill.service.AsyncOrderConsumer   : order committed request=87a64e9c-7680-38aa-a43a-d26aa8c9ba88 order=134313
2026-09-29T14:50:21.716+08:00  INFO 4276 --- [seckill-system] [OrderListener-1] c.d.seckill.service.AsyncOrderConsumer   : order committed request=ad3713d9-8e7f-337a-b04c-683061cae69f order=134314
2026-09-29T14:50:21.729+08:00  INFO 4276 --- [seckill-system] [OrderListener-2] c.d.seckill.service.AsyncOrderConsumer   : order committed request=1c43907d-f588-3694-9145-ffc1b739cea8 order=134315
2026-09-29T14:50:21.732+08:00  INFO 4276 --- [seckill-system] [OrderListener-1] c.d.seckill.service.AsyncOrderConsumer   : order committed request=8b20c184-e654-3d25-8cea-6fcdc947c339 order=134316
2026-09-29T14:50:21.740+08:00  INFO 4276 --- [seckill-system] [OrderListener-2] c.d.seckill.service.AsyncOrderConsumer   : order committed request=8307e16d-ee82-3573-b503-bbd9ace53f84 order=134317
2026-09-29T14:50:21.742+08:00  INFO 4276 --- [seckill-system] [OrderListener-1] c.d.seckill.service.AsyncOrderConsumer   : order committed request=c4f29753-f955-3748-a5b2-2842496c370f order=134318
2026-09-29T14:50:21.750+08:00  INFO 4276 --- [seckill-system] [OrderListener-2] c.d.seckill.service.AsyncOrderConsumer   : order committed request=96f731e3-7432-38fd-b686-cae79173299f order=134319
2026-09-29T14:50:21.751+08:00  INFO 4276 --- [seckill-system] [OrderListener-1] c.d.seckill.service.AsyncOrderConsumer   : order committed request=5fa11f0b-178b-377e-995b-bf05b4fdd251 order=134320
2026-09-29T14:50:21.759+08:00  INFO 4276 --- [seckill-system] [OrderListener-2] c.d.seckill.service.AsyncOrderConsumer   : order committed request=d2b72ab0-fd54-32bb-8a4c-52754bafcb08 order=134321
2026-09-29T14:50:21.761+08:00  INFO 4276 --- [seckill-system] [OrderListener-1] c.d.seckill.service.AsyncOrderConsumer   : order committed request=edb2c8eb-f174-3175-8e43-b9efae79c0cb order=134322
2026-09-29T14:50:21.770+08:00  INFO 4276 --- [seckill-system] [OrderListener-2] c.d.seckill.service.AsyncOrderConsumer   : order committed request=fda8fa04-08df-36ce-a607-488a0fd1f6ed order=134323
2026-09-29T14:50:21.771+08:00  INFO 4276 --- [seckill-system] [OrderListener-1] c.d.seckill.service.AsyncOrderConsumer   : order committed request=07ddaf4f-6f2e-378d-a36e-03324d6ebdea order=134324
2026-09-29T14:50:21.779+08:00  INFO 4276 --- [seckill-system] [OrderListener-2] c.d.seckill.service.AsyncOrderConsumer   : order committed request=cd650e6a-6779-304c-8586-c852cdce72cf order=134325
2026-09-29T14:50:21.780+08:00  INFO 4276 --- [seckill-system] [OrderListener-1] c.d.seckill.service.AsyncOrderConsumer   : order committed request=e9eeaa4e-763f-3954-825a-5fd7143b838e order=134326
2026-09-29T14:50:21.789+08:00  INFO 4276 --- [seckill-system] [OrderListener-2] c.d.seckill.service.AsyncOrderConsumer   : order committed request=1321e7f6-b902-34c6-9fd0-991039e11f3d order=134327
2026-09-29T14:50:21.791+08:00  INFO 4276 --- [seckill-system] [OrderListener-1] c.d.seckill.service.AsyncOrderConsumer   : order committed request=1d161850-a23e-346e-ae9d-11bf81b0b329 order=134328
2026-09-29T14:50:21.801+08:00  INFO 4276 --- [seckill-system] [OrderListener-1] c.d.seckill.service.AsyncOrderConsumer   : order committed request=9aa10684-0f26-38d6-b3db-41d37a80c221 order=134330
2026-09-29T14:50:21.801+08:00  INFO 4276 --- [seckill-system] [OrderListener-2] c.d.seckill.service.AsyncOrderConsumer   : order committed request=c1a516df-7500-3561-9e2c-b503b8d08eb3 order=134329
2026-09-29T14:50:21.811+08:00  INFO 4276 --- [seckill-system] [OrderListener-2] c.d.seckill.service.AsyncOrderConsumer   : order committed request=119f9134-f48b-3bcf-8d8f-5d40b225dee5 order=134331
2026-09-29T14:50:21.811+08:00  INFO 4276 --- [seckill-system] [OrderListener-1] c.d.seckill.service.AsyncOrderConsumer   : order committed request=3cbb4807-8c4e-375f-bb19-1738824addd1 order=134332
2026-09-29T14:50:21.821+08:00  INFO 4276 --- [seckill-system] [OrderListener-1] c.d.seckill.service.AsyncOrderConsumer   : order committed request=08903ec6-d677-300e-9e1b-2116cadb5df0 order=134334
2026-09-29T14:50:21.821+08:00  INFO 4276 --- [seckill-system] [OrderListener-2] c.d.seckill.service.AsyncOrderConsumer   : order committed request=8cb66218-fe05-3403-8988-a1a1c0527a37 order=134333
2026-09-29T14:50:21.831+08:00  INFO 4276 --- [seckill-system] [OrderListener-1] c.d.seckill.service.AsyncOrderConsumer   : order committed request=db4e1e08-cffd-3876-b375-3f7dabe9a113 order=134336
2026-09-29T14:50:21.831+08:00  INFO 4276 --- [seckill-system] [OrderListener-2] c.d.seckill.service.AsyncOrderConsumer   : order committed request=977bf4ba-7e7a-31c5-9b0e-67e7525321ed order=134335
2026-09-29T14:50:21.842+08:00  INFO 4276 --- [seckill-system] [OrderListener-2] c.d.seckill.service.AsyncOrderConsumer   : order committed request=b6c4ba05-1ede-3635-af89-11a094779a46 order=134337
2026-09-29T14:50:21.843+08:00  INFO 4276 --- [seckill-system] [OrderListener-1] c.d.seckill.service.AsyncOrderConsumer   : order committed request=c9b2ac29-37b5-3558-afea-4e378c1ea613 order=134338
2026-09-29T14:50:21.852+08:00  INFO 4276 --- [seckill-system] [OrderListener-1] c.d.seckill.service.AsyncOrderConsumer   : order committed request=109f6fb3-280e-35a6-9734-7fa7ec80cd03 order=134340
2026-09-29T14:50:21.853+08:00  INFO 4276 --- [seckill-system] [OrderListener-2] c.d.seckill.service.AsyncOrderConsumer   : order committed request=ceca0fbb-ee5d-3923-baa0-f8a5331fe058 order=134339
2026-09-29T14:50:21.863+08:00  INFO 4276 --- [seckill-system] [OrderListener-2] c.d.seckill.service.AsyncOrderConsumer   : order committed request=9e5d5274-2ec1-347f-a169-cde1d5a112a1 order=134342
2026-09-29T14:50:21.863+08:00  INFO 4276 --- [seckill-system] [OrderListener-1] c.d.seckill.service.AsyncOrderConsumer   : order committed request=a06be837-c37a-315c-960a-0a8ffbddb8a1 order=134341
2026-09-29T14:50:21.873+08:00  INFO 4276 --- [seckill-system] [OrderListener-1] c.d.seckill.service.AsyncOrderConsumer   : order committed request=9465d6b2-761d-3494-96db-65f15ea3770b order=134344
2026-09-29T14:50:21.874+08:00  INFO 4276 --- [seckill-system] [OrderListener-2] c.d.seckill.service.AsyncOrderConsumer   : order committed request=89f47d28-b8ed-3b8c-b510-56fc78d53e48 order=134343
2026-09-29T14:50:21.884+08:00  INFO 4276 --- [seckill-system] [OrderListener-2] c.d.seckill.service.AsyncOrderConsumer   : order committed request=3070620e-ab30-35d2-b6b4-ecfae86388ca order=134346
2026-09-29T14:50:21.884+08:00  INFO 4276 --- [seckill-system] [OrderListener-1] c.d.seckill.service.AsyncOrderConsumer   : order committed request=cabba4f7-5560-345b-a432-2b47135be24b order=134345
2026-09-29T14:50:21.896+08:00  INFO 4276 --- [seckill-system] [OrderListener-1] c.d.seckill.service.AsyncOrderConsumer   : order committed request=bad72fae-6cae-356e-9cee-c01cd611ecfb order=134347
2026-09-29T14:50:21.896+08:00  INFO 4276 --- [seckill-system] [OrderListener-2] c.d.seckill.service.AsyncOrderConsumer   : order committed request=d98cefd6-8046-3bb3-adb7-866d6d15d4b3 order=134348
2026-09-29T14:50:21.907+08:00  INFO 4276 --- [seckill-system] [OrderListener-2] c.d.seckill.service.AsyncOrderConsumer   : order committed request=af223f05-6fe5-3acb-ac82-7376f8d1786e order=134349
2026-09-29T14:50:21.907+08:00  INFO 4276 --- [seckill-system] [OrderListener-1] c.d.seckill.service.AsyncOrderConsumer   : order committed request=64173eb5-d0a2-3e0a-acfc-0972b003fbd5 order=134350
2026-09-29T14:50:21.917+08:00  INFO 4276 --- [seckill-system] [OrderListener-2] c.d.seckill.service.AsyncOrderConsumer   : order committed request=29b40caf-40b0-3df7-8296-ef31026d053c order=134351
2026-09-29T14:50:21.917+08:00  INFO 4276 --- [seckill-system] [OrderListener-1] c.d.seckill.service.AsyncOrderConsumer   : order committed request=697a9ab3-d12f-3389-a4dc-4762bcddd797 order=134352
2026-09-29T14:50:21.927+08:00  INFO 4276 --- [seckill-system] [OrderListener-1] c.d.seckill.service.AsyncOrderConsumer   : order committed request=e1d088e8-a109-3566-9882-202bf3c17c47 order=134354
2026-09-29T14:50:21.927+08:00  INFO 4276 --- [seckill-system] [OrderListener-2] c.d.seckill.service.AsyncOrderConsumer   : order committed request=0a99102b-debc-39b8-bdcc-0df0c3c3407f order=134353
2026-09-29T14:50:21.937+08:00  INFO 4276 --- [seckill-system] [OrderListener-2] c.d.seckill.service.AsyncOrderConsumer   : order committed request=773ab6cc-25a7-3038-a326-d20b67b9e778 order=134356
2026-09-29T14:50:21.938+08:00  INFO 4276 --- [seckill-system] [OrderListener-1] c.d.seckill.service.AsyncOrderConsumer   : order committed request=40aca556-91bc-3362-8a04-6ad5bc5572ef order=134355
2026-09-29T14:50:21.948+08:00  INFO 4276 --- [seckill-system] [OrderListener-1] c.d.seckill.service.AsyncOrderConsumer   : order committed request=75b45a35-0440-384d-a639-f140554e2b96 order=134358
2026-09-29T14:50:21.948+08:00  INFO 4276 --- [seckill-system] [OrderListener-2] c.d.seckill.service.AsyncOrderConsumer   : order committed request=4808fd3e-7633-38d6-91ab-59044800d975 order=134357
2026-09-29T14:50:21.958+08:00  INFO 4276 --- [seckill-system] [OrderListener-2] c.d.seckill.service.AsyncOrderConsumer   : order committed request=2523e7de-f491-343d-9181-6030cb5ae8ea order=134359
2026-09-29T14:50:21.958+08:00  INFO 4276 --- [seckill-system] [OrderListener-1] c.d.seckill.service.AsyncOrderConsumer   : order committed request=cb4c394d-78e6-34a5-ad46-1c7906b9b13f order=134360
2026-09-29T14:50:21.968+08:00  INFO 4276 --- [seckill-system] [OrderListener-2] c.d.seckill.service.AsyncOrderConsumer   : order committed request=638bca60-9637-36f6-949c-11b34e973dcf order=134361
2026-09-29T14:50:21.968+08:00  INFO 4276 --- [seckill-system] [OrderListener-1] c.d.seckill.service.AsyncOrderConsumer   : order committed request=e8974af1-0fed-3c54-b988-d2748c924e0d order=134362
2026-09-29T14:50:21.979+08:00  INFO 4276 --- [seckill-system] [OrderListener-2] c.d.seckill.service.AsyncOrderConsumer   : order committed request=545bd49f-cbc7-3871-9e0b-4e0766978438 order=134364
2026-09-29T14:50:21.979+08:00  INFO 4276 --- [seckill-system] [OrderListener-1] c.d.seckill.service.AsyncOrderConsumer   : order committed request=dd2f0b79-5aff-3da3-9cd3-a72be6bc185b order=134363
2026-09-29T14:50:21.989+08:00  INFO 4276 --- [seckill-system] [OrderListener-2] c.d.seckill.service.AsyncOrderConsumer   : order committed request=f7dd83ef-1c93-3f1e-91e6-3ea0e38e184e order=134366
2026-09-29T14:50:21.989+08:00  INFO 4276 --- [seckill-system] [OrderListener-1] c.d.seckill.service.AsyncOrderConsumer   : order committed request=f01bf132-4e5e-3411-81cd-fd46f3884918 order=134365
2026-09-29T14:50:21.999+08:00  INFO 4276 --- [seckill-system] [OrderListener-2] c.d.seckill.service.AsyncOrderConsumer   : order committed request=92b5b23f-7f5e-3ae8-a886-63f098e38105 order=134367
2026-09-29T14:50:21.999+08:00  INFO 4276 --- [seckill-system] [OrderListener-1] c.d.seckill.service.AsyncOrderConsumer   : order committed request=1228de61-5b54-3155-b7f5-a1a7282cdb9c order=134368
2026-09-29T14:50:22.009+08:00  INFO 4276 --- [seckill-system] [OrderListener-1] c.d.seckill.service.AsyncOrderConsumer   : order committed request=f8aa020e-418f-36ae-b4dc-29e3c3c6ac8a order=134370
2026-09-29T14:50:22.009+08:00  INFO 4276 --- [seckill-system] [OrderListener-2] c.d.seckill.service.AsyncOrderConsumer   : order committed request=d521d27d-5020-3e29-a890-40e6c071cfae order=134369
2026-09-29T14:50:22.019+08:00  INFO 4276 --- [seckill-system] [OrderListener-2] c.d.seckill.service.AsyncOrderConsumer   : order committed request=c3029a22-d365-3c86-991b-25b5f2253d43 order=134371
2026-09-29T14:50:22.019+08:00  INFO 4276 --- [seckill-system] [OrderListener-1] c.d.seckill.service.AsyncOrderConsumer   : order committed request=bd9c791e-e342-3558-a083-e57a0a671471 order=134372
2026-09-29T14:50:22.029+08:00  INFO 4276 --- [seckill-system] [OrderListener-2] c.d.seckill.service.AsyncOrderConsumer   : order committed request=b9a8e068-49e0-327e-91d0-eebfa69a5022 order=134373
2026-09-29T14:50:22.029+08:00  INFO 4276 --- [seckill-system] [OrderListener-1] c.d.seckill.service.AsyncOrderConsumer   : order committed request=b77e877e-0e01-36b7-8163-7b2f8fef4346 order=134374
2026-09-29T14:50:22.040+08:00  INFO 4276 --- [seckill-system] [OrderListener-1] c.d.seckill.service.AsyncOrderConsumer   : order committed request=2ddd3d37-0255-3687-8b07-fb52c5c1fff9 order=134375
2026-09-29T14:50:22.041+08:00  INFO 4276 --- [seckill-system] [OrderListener-2] c.d.seckill.service.AsyncOrderConsumer   : order committed request=aa7de010-32e0-3bb2-8a59-93dba933626b order=134376
2026-09-29T14:50:22.051+08:00  INFO 4276 --- [seckill-system] [OrderListener-1] c.d.seckill.service.AsyncOrderConsumer   : order committed request=cd8bf8b1-344d-3761-b522-2e0520a81ee5 order=134377
2026-09-29T14:50:22.051+08:00  INFO 4276 --- [seckill-system] [OrderListener-2] c.d.seckill.service.AsyncOrderConsumer   : order committed request=bf066075-153c-3a83-85d1-50b432c34457 order=134378
2026-09-29T14:50:22.061+08:00  INFO 4276 --- [seckill-system] [OrderListener-2] c.d.seckill.service.AsyncOrderConsumer   : order committed request=b677d09a-075a-383d-9eb0-c0ac0c55969a order=134380
2026-09-29T14:50:22.062+08:00  INFO 4276 --- [seckill-system] [OrderListener-1] c.d.seckill.service.AsyncOrderConsumer   : order committed request=ad7441a2-7082-35d3-869a-04f020880655 order=134379
2026-09-29T14:50:22.072+08:00  INFO 4276 --- [seckill-system] [OrderListener-2] c.d.seckill.service.AsyncOrderConsumer   : order committed request=0dc8dbbc-2a69-3bee-8a19-c2824e875572 order=134381
2026-09-29T14:50:22.072+08:00  INFO 4276 --- [seckill-system] [OrderListener-1] c.d.seckill.service.AsyncOrderConsumer   : order committed request=2cab4700-f7ff-38b9-a18a-b652f9e597fc order=134382
2026-09-29T14:50:22.083+08:00  INFO 4276 --- [seckill-system] [OrderListener-2] c.d.seckill.service.AsyncOrderConsumer   : order committed request=c97beba6-b26b-3125-a9e3-0500a4cb1bf6 order=134383
2026-09-29T14:50:22.084+08:00  INFO 4276 --- [seckill-system] [OrderListener-1] c.d.seckill.service.AsyncOrderConsumer   : order committed request=a5f3ee94-fc06-3acb-bb19-756962b726c3 order=134384
2026-09-29T14:50:22.094+08:00  INFO 4276 --- [seckill-system] [OrderListener-1] c.d.seckill.service.AsyncOrderConsumer   : order committed request=e003f8a9-cd43-3754-acf8-3b1cd7c507fe order=134385
2026-09-29T14:50:22.095+08:00  INFO 4276 --- [seckill-system] [OrderListener-2] c.d.seckill.service.AsyncOrderConsumer   : order committed request=e0ff53b8-20b5-372c-beb9-d9a963e13e76 order=134386
2026-09-29T14:50:22.104+08:00  INFO 4276 --- [seckill-system] [OrderListener-1] c.d.seckill.service.AsyncOrderConsumer   : order committed request=c3c1788c-d7a9-3420-bcb2-4fd219e98d6c order=134387
2026-09-29T14:50:22.105+08:00  INFO 4276 --- [seckill-system] [OrderListener-2] c.d.seckill.service.AsyncOrderConsumer   : order committed request=6c04823d-8a21-392b-964a-ac40fb1ce25f order=134388
2026-09-29T14:50:22.114+08:00  INFO 4276 --- [seckill-system] [OrderListener-1] c.d.seckill.service.AsyncOrderConsumer   : order committed request=f6024478-f4ed-374f-a4e6-f1e36b7cba2f order=134389
2026-09-29T14:50:22.115+08:00  INFO 4276 --- [seckill-system] [OrderListener-2] c.d.seckill.service.AsyncOrderConsumer   : order committed request=9028106c-6c07-3dae-a7ea-c89e565ef94b order=134390
2026-09-29T14:50:22.125+08:00  INFO 4276 --- [seckill-system] [OrderListener-2] c.d.seckill.service.AsyncOrderConsumer   : order committed request=2e596677-add6-315a-8422-b0b6d2ded572 order=134391
2026-09-29T14:50:22.130+08:00  INFO 4276 --- [seckill-system] [OrderListener-1] c.d.seckill.service.AsyncOrderConsumer   : order committed request=a2850f2b-9542-3e36-bac5-e23a46ba4bd4 order=134392
2026-09-29T14:50:22.135+08:00  INFO 4276 --- [seckill-system] [OrderListener-2] c.d.seckill.service.AsyncOrderConsumer   : order committed request=6beed716-f903-37e4-82a3-332509d57bbe order=134393
2026-09-29T14:50:22.140+08:00  INFO 4276 --- [seckill-system] [OrderListener-1] c.d.seckill.service.AsyncOrderConsumer   : order committed request=b9395bd1-1c47-3f4d-92a8-f6ebb8d339ce order=134394
2026-09-29T14:50:22.144+08:00  INFO 4276 --- [seckill-system] [OrderListener-2] c.d.seckill.service.AsyncOrderConsumer   : order committed request=df808cc7-79c8-3645-a238-dc54d25db6b1 order=134395
2026-09-29T14:50:22.149+08:00  INFO 4276 --- [seckill-system] [OrderListener-1] c.d.seckill.service.AsyncOrderConsumer   : order committed request=e0906819-2233-31de-bd9f-0c37f0a49a74 order=134396
2026-09-29T14:50:22.153+08:00  INFO 4276 --- [seckill-system] [OrderListener-2] c.d.seckill.service.AsyncOrderConsumer   : order committed request=09952286-d72b-3441-a2c7-db685689835d order=134397
2026-09-29T14:50:22.159+08:00  INFO 4276 --- [seckill-system] [OrderListener-1] c.d.seckill.service.AsyncOrderConsumer   : order committed request=5010da05-e8fe-35b5-818b-b3ec0b3702df order=134398
2026-09-29T14:50:22.163+08:00  INFO 4276 --- [seckill-system] [OrderListener-2] c.d.seckill.service.AsyncOrderConsumer   : order committed request=907267e9-87fd-3cc3-b0d9-856166162785 order=134399
2026-09-29T14:50:22.169+08:00  INFO 4276 --- [seckill-system] [OrderListener-1] c.d.seckill.service.AsyncOrderConsumer   : order committed request=4b815307-e7fc-3660-ac38-c548fae4b3c9 order=134400
2026-09-29T14:50:22.172+08:00  INFO 4276 --- [seckill-system] [OrderListener-2] c.d.seckill.service.AsyncOrderConsumer   : order committed request=7acb5d1d-6e46-3f31-b234-a4a4263bd585 order=134401
2026-09-29T14:50:22.178+08:00  INFO 4276 --- [seckill-system] [OrderListener-1] c.d.seckill.service.AsyncOrderConsumer   : order committed request=0ff2a381-9df3-3d0f-8016-fa6be82f8c75 order=134402
2026-09-29T14:50:22.182+08:00  INFO 4276 --- [seckill-system] [OrderListener-2] c.d.seckill.service.AsyncOrderConsumer   : order committed request=b08eb10a-8aae-390a-9d09-70a43c84398b order=134403
2026-09-29T14:50:22.188+08:00  INFO 4276 --- [seckill-system] [OrderListener-1] c.d.seckill.service.AsyncOrderConsumer   : order committed request=108d7fbf-a40d-33bf-80b8-4439799151d7 order=134404
2026-09-29T14:50:22.216+08:00  INFO 4276 --- [seckill-system] [OrderListener-2] c.d.seckill.service.AsyncOrderConsumer   : order committed request=4811bff2-ff0a-37ce-8696-7ea0d747bc5f order=134405
2026-09-29T14:50:22.216+08:00  INFO 4276 --- [seckill-system] [OrderListener-1] c.d.seckill.service.AsyncOrderConsumer   : order committed request=7f119671-9479-37cf-aa09-8b82a1e681d6 order=134406
2026-09-29T14:50:22.227+08:00  INFO 4276 --- [seckill-system] [OrderListener-2] c.d.seckill.service.AsyncOrderConsumer   : order committed request=4cfb551c-10ac-35bf-80a3-86cd0253ef93 order=134408
2026-09-29T14:50:22.227+08:00  INFO 4276 --- [seckill-system] [OrderListener-1] c.d.seckill.service.AsyncOrderConsumer   : order committed request=38958273-449b-30be-a194-a9ab4752e1c5 order=134407
2026-09-29T14:50:22.237+08:00  INFO 4276 --- [seckill-system] [OrderListener-1] c.d.seckill.service.AsyncOrderConsumer   : order committed request=74afbf67-1529-3d0b-aa72-4d13cd4db554 order=134410
2026-09-29T14:50:22.237+08:00  INFO 4276 --- [seckill-system] [OrderListener-2] c.d.seckill.service.AsyncOrderConsumer   : order committed request=21ab3f1a-5ff9-34d6-a5d8-63976a1d80f5 order=134409
2026-09-29T14:50:22.246+08:00  INFO 4276 --- [seckill-system] [OrderListener-1] c.d.seckill.service.AsyncOrderConsumer   : order committed request=eeae59b7-35db-3b1a-93c0-71fc2f3f19c7 order=134411
2026-09-29T14:50:22.247+08:00  INFO 4276 --- [seckill-system] [OrderListener-2] c.d.seckill.service.AsyncOrderConsumer   : order committed request=b41e4f72-5283-334c-b806-6c27e7d6146f order=134412
2026-09-29T14:50:22.259+08:00  INFO 4276 --- [seckill-system] [OrderListener-1] c.d.seckill.service.AsyncOrderConsumer   : order committed request=09ff1a53-a504-35f2-b37e-84526c0bad81 order=134413
2026-09-29T14:50:22.262+08:00  INFO 4276 --- [seckill-system] [OrderListener-2] c.d.seckill.service.AsyncOrderConsumer   : order committed request=ed557591-26a8-3be5-9a40-82e6b57a4da0 order=134414
2026-09-29T14:50:22.269+08:00  INFO 4276 --- [seckill-system] [OrderListener-1] c.d.seckill.service.AsyncOrderConsumer   : order committed request=07c1dd03-05d4-36a8-8679-adab20a1de26 order=134415
2026-09-29T14:50:22.272+08:00  INFO 4276 --- [seckill-system] [OrderListener-2] c.d.seckill.service.AsyncOrderConsumer   : order committed request=b484a80e-4ebb-3cdb-99ec-99e3f05e6210 order=134416
2026-09-29T14:50:22.282+08:00  INFO 4276 --- [seckill-system] [OrderListener-2] c.d.seckill.service.AsyncOrderConsumer   : order committed request=7c6d55f4-49f0-3b8e-a0a6-3edb814aafe4 order=134417
