
  .   ____          _            __ _ _
 /\\ / ___'_ __ _ _(_)_ __  __ _ \ \ \ \
( ( )\___ | '_ | '_| | '_ \/ _` | \ \ \ \
 \\/  ___)| |_)| | | | | || (_| |  ) ) ) )
  '  |____| .__|_| |_|_| |_\__, | / / / /
 =========|_|==============|___/=/_/_/_/

 :: Spring Boot ::                (v3.3.5)

2026-09-29T15:13:09.241+08:00  INFO 16396 --- [seckill-system] [           main] com.ddk.seckill.SeckillApplication       : Starting SeckillApplication v0.0.1-SNAPSHOT using Java 21.0.12.1 with PID 16396 (C:\seckill-system\target\seckill-system-stage5.jar started by Asus in C:\seckill-system)
2026-09-29T15:13:09.246+08:00  INFO 16396 --- [seckill-system] [           main] com.ddk.seckill.SeckillApplication       : The following 1 profile is active: "stage4"
2026-09-29T15:13:11.737+08:00  INFO 16396 --- [seckill-system] [           main] .s.d.r.c.RepositoryConfigurationDelegate : Multiple Spring Data modules found, entering strict repository configuration mode
2026-09-29T15:13:11.742+08:00  INFO 16396 --- [seckill-system] [           main] .s.d.r.c.RepositoryConfigurationDelegate : Bootstrapping Spring Data Redis repositories in DEFAULT mode.
2026-09-29T15:13:11.776+08:00  INFO 16396 --- [seckill-system] [           main] .s.d.r.c.RepositoryConfigurationDelegate : Finished Spring Data repository scanning in 14 ms. Found 0 Redis repository interfaces.
2026-09-29T15:13:13.370+08:00  INFO 16396 --- [seckill-system] [           main] o.s.b.w.embedded.tomcat.TomcatWebServer  : Tomcat initialized with port 18090 (http)
2026-09-29T15:13:13.404+08:00  INFO 16396 --- [seckill-system] [           main] o.apache.catalina.core.StandardService   : Starting service [Tomcat]
2026-09-29T15:13:13.405+08:00  INFO 16396 --- [seckill-system] [           main] o.apache.catalina.core.StandardEngine    : Starting Servlet engine: [Apache Tomcat/10.1.31]
2026-09-29T15:13:13.492+08:00  INFO 16396 --- [seckill-system] [           main] o.a.c.c.C.[Tomcat].[localhost].[/api]    : Initializing Spring embedded WebApplicationContext
2026-09-29T15:13:13.494+08:00  INFO 16396 --- [seckill-system] [           main] w.s.c.ServletWebServerApplicationContext : Root WebApplicationContext: initialization completed in 4120 ms
2026-09-29T15:13:18.717+08:00  INFO 16396 --- [seckill-system] [           main] o.s.b.a.e.web.EndpointLinksResolver      : Exposing 1 endpoint beneath base path '/actuator'
2026-09-29T15:13:19.026+08:00  INFO 16396 --- [seckill-system] [           main] o.s.b.w.embedded.tomcat.TomcatWebServer  : Tomcat started on port 18090 (http) with context path '/api'
2026-09-29T15:13:19.034+08:00  INFO 16396 --- [seckill-system] [           main] o.s.a.r.c.CachingConnectionFactory       : Attempting to connect to: [localhost:5672]
2026-09-29T15:13:19.211+08:00  INFO 16396 --- [seckill-system] [           main] o.s.a.r.c.CachingConnectionFactory       : Created new connection: rabbitConnectionFactory#2513155a:0/SimpleConnection@4eb48298 [delegate=amqp://seckill_app@127.0.0.1:5672/seckill, localPort=50281]
2026-09-29T15:13:19.338+08:00  INFO 16396 --- [seckill-system] [           main] com.ddk.seckill.SeckillApplication       : Started SeckillApplication in 10.937 seconds (process running for 12.057)
2026-09-29T15:13:19.628+08:00  INFO 16396 --- [seckill-system] [io-18090-exec-1] o.a.c.c.C.[Tomcat].[localhost].[/api]    : Initializing Spring DispatcherServlet 'dispatcherServlet'
2026-09-29T15:13:19.629+08:00  INFO 16396 --- [seckill-system] [io-18090-exec-1] o.s.web.servlet.DispatcherServlet        : Initializing Servlet 'dispatcherServlet'
2026-09-29T15:13:19.631+08:00  INFO 16396 --- [seckill-system] [io-18090-exec-1] o.s.web.servlet.DispatcherServlet        : Completed initialization in 1 ms
2026-09-29T15:13:37.908+08:00  INFO 16396 --- [seckill-system] [io-18090-exec-6] c.d.s.service.ProtectedSeckillService    : submission queued request=59d3be5a-9e54-3d92-b585-de7388e0c6fc
2026-09-29T15:13:37.908+08:00  INFO 16396 --- [seckill-system] [io-18090-exec-9] c.d.s.service.ProtectedSeckillService    : submission queued request=ac624685-42f6-3781-a21c-dc52d54cde57
2026-09-29T15:13:37.909+08:00  INFO 16396 --- [seckill-system] [io-18090-exec-2] c.d.s.service.ProtectedSeckillService    : submission queued request=3c9f06f2-8ba2-3eb1-b233-98d92c36f1b2
2026-09-29T15:13:37.908+08:00  INFO 16396 --- [seckill-system] [io-18090-exec-1] c.d.s.service.ProtectedSeckillService    : submission queued request=817871d5-f4c5-362d-a533-3563b6317aea
2026-09-29T15:13:37.909+08:00  INFO 16396 --- [seckill-system] [io-18090-exec-5] c.d.s.service.ProtectedSeckillService    : submission queued request=d3944f9a-0faf-3d5f-8ffc-86f2c7f0b948
2026-09-29T15:13:37.908+08:00  INFO 16396 --- [seckill-system] [io-18090-exec-8] c.d.s.service.ProtectedSeckillService    : submission queued request=e1ffdfa2-aace-3ca3-bd8e-0652617d0f88
2026-09-29T15:13:37.901+08:00  INFO 16396 --- [seckill-system] [io-18090-exec-3] c.d.s.service.ProtectedSeckillService    : submission queued request=1d375b18-cbaa-32c8-9066-8547c2fed248
2026-09-29T15:13:37.908+08:00  INFO 16396 --- [seckill-system] [o-18090-exec-10] c.d.s.service.ProtectedSeckillService    : submission queued request=f224330c-b67a-3e1b-8fe6-4370c8a11ea0
2026-09-29T15:13:37.908+08:00  INFO 16396 --- [seckill-system] [io-18090-exec-7] c.d.s.service.ProtectedSeckillService    : submission queued request=4c1d3bcc-636d-36c5-abfd-6e86561a742c
2026-09-29T15:13:37.908+08:00  INFO 16396 --- [seckill-system] [io-18090-exec-4] c.d.s.service.ProtectedSeckillService    : submission queued request=f7862881-5ff8-3132-821b-679818c1e982
2026-09-29T15:13:37.980+08:00  INFO 16396 --- [seckill-system] [io-18090-exec-3] c.d.s.service.ProtectedSeckillService    : submission queued request=d39a1569-e566-3c7a-9412-474cee520f38
2026-09-29T15:13:37.981+08:00  INFO 16396 --- [seckill-system] [io-18090-exec-5] c.d.s.service.ProtectedSeckillService    : submission queued request=0fad3bc7-5dac-36a1-8eb5-7dfb9cdb591f
2026-09-29T15:13:37.983+08:00  INFO 16396 --- [seckill-system] [io-18090-exec-1] c.d.s.service.ProtectedSeckillService    : submission queued request=b72ace02-f84b-3c0a-9b8c-e61ae579ab12
2026-09-29T15:13:37.983+08:00  INFO 16396 --- [seckill-system] [io-18090-exec-6] c.d.s.service.ProtectedSeckillService    : submission queued request=db55f3d0-c9a1-3fb1-96d8-d115a6cb9910
2026-09-29T15:13:37.983+08:00  INFO 16396 --- [seckill-system] [o-18090-exec-10] c.d.s.service.ProtectedSeckillService    : submission queued request=d5853bcc-78ee-3b4d-b0e9-ff55c65fde17
2026-09-29T15:13:37.983+08:00  INFO 16396 --- [seckill-system] [io-18090-exec-2] c.d.s.service.ProtectedSeckillService    : submission queued request=8d9b662f-0055-3ae2-a210-8bf1eed44011
2026-09-29T15:13:37.985+08:00  INFO 16396 --- [seckill-system] [io-18090-exec-4] c.d.s.service.ProtectedSeckillService    : submission queued request=076b8881-1398-366a-b83c-2bce62e7fde4
2026-09-29T15:13:37.985+08:00  INFO 16396 --- [seckill-system] [io-18090-exec-7] c.d.s.service.ProtectedSeckillService    : submission queued request=e59676fd-616f-3952-b7b8-c1d4f751570b
2026-09-29T15:13:37.985+08:00  INFO 16396 --- [seckill-system] [io-18090-exec-8] c.d.s.service.ProtectedSeckillService    : submission queued request=2a515b28-1e8d-3d68-bb07-a01b335fd582
2026-09-29T15:13:37.986+08:00  INFO 16396 --- [seckill-system] [io-18090-exec-9] c.d.s.service.ProtectedSeckillService    : submission queued request=f67f32de-dbbf-314f-b92c-dc83ad394f1c
2026-09-29T15:13:38.003+08:00  INFO 16396 --- [seckill-system] [io-18090-exec-5] c.d.s.service.ProtectedSeckillService    : submission queued request=5ac1ea0b-3465-3e16-84cb-a31044b75dd0
2026-09-29T15:13:38.004+08:00  INFO 16396 --- [seckill-system] [io-18090-exec-1] c.d.s.service.ProtectedSeckillService    : submission queued request=08d30af9-6736-3305-94e4-50ce66ead287
2026-09-29T15:13:38.004+08:00  INFO 16396 --- [seckill-system] [io-18090-exec-7] c.d.s.service.ProtectedSeckillService    : submission queued request=054624fe-5b8d-31f1-b601-08077e8a39b5
2026-09-29T15:13:38.004+08:00  INFO 16396 --- [seckill-system] [io-18090-exec-2] c.d.s.service.ProtectedSeckillService    : submission queued request=7a81a800-899c-32e9-b4dd-a53ceb029a25
2026-09-29T15:13:38.005+08:00  INFO 16396 --- [seckill-system] [io-18090-exec-6] c.d.s.service.ProtectedSeckillService    : submission queued request=4600f4e2-cb96-3cbc-b48a-b444a2036424
2026-09-29T15:13:38.005+08:00  INFO 16396 --- [seckill-system] [io-18090-exec-4] c.d.s.service.ProtectedSeckillService    : submission queued request=3f17a57b-0a33-39d6-89cd-d94534ecdb67
2026-09-29T15:13:38.005+08:00  INFO 16396 --- [seckill-system] [o-18090-exec-10] c.d.s.service.ProtectedSeckillService    : submission queued request=eb5d505d-b52b-321d-b007-339a83bd08ab
2026-09-29T15:13:38.005+08:00  INFO 16396 --- [seckill-system] [io-18090-exec-3] c.d.s.service.ProtectedSeckillService    : submission queued request=c39a52ca-a478-3c74-8f90-5089cd95c73f
2026-09-29T15:13:38.005+08:00  INFO 16396 --- [seckill-system] [io-18090-exec-8] c.d.s.service.ProtectedSeckillService    : submission queued request=0febd854-2565-386b-87ae-b7d5e0032672
2026-09-29T15:13:38.006+08:00  INFO 16396 --- [seckill-system] [io-18090-exec-9] c.d.s.service.ProtectedSeckillService    : submission queued request=c5cec477-cad8-3a84-bda4-8a099af8daad
2026-09-29T15:13:38.007+08:00  INFO 16396 --- [seckill-system] [OrderListener-2] com.zaxxer.hikari.HikariDataSource       : HikariPool-1 - Starting...
2026-09-29T15:13:38.023+08:00  INFO 16396 --- [seckill-system] [io-18090-exec-6] c.d.s.service.ProtectedSeckillService    : submission queued request=be54847f-bb68-36af-a826-ca624b90d089
2026-09-29T15:13:38.024+08:00  INFO 16396 --- [seckill-system] [o-18090-exec-10] c.d.s.service.ProtectedSeckillService    : submission queued request=f30d8a01-662b-3cee-804f-9fc14a3ee589
2026-09-29T15:13:38.025+08:00  INFO 16396 --- [seckill-system] [io-18090-exec-3] c.d.s.service.ProtectedSeckillService    : submission queued request=84f964f3-2f56-3000-8bf8-cfb18a5181b8
2026-09-29T15:13:38.025+08:00  INFO 16396 --- [seckill-system] [io-18090-exec-1] c.d.s.service.ProtectedSeckillService    : submission queued request=f625de9a-be54-3fd7-a175-f04affa277af
2026-09-29T15:13:38.025+08:00  INFO 16396 --- [seckill-system] [io-18090-exec-4] c.d.s.service.ProtectedSeckillService    : submission queued request=51b30ddc-3c62-37af-a68a-edcb2d08ba10
2026-09-29T15:13:38.025+08:00  INFO 16396 --- [seckill-system] [io-18090-exec-7] c.d.s.service.ProtectedSeckillService    : submission queued request=d1e2d5a1-dfdb-3916-a76a-d02c9e99008b
2026-09-29T15:13:38.025+08:00  INFO 16396 --- [seckill-system] [io-18090-exec-2] c.d.s.service.ProtectedSeckillService    : submission queued request=59b553df-5a85-3f03-8ed9-a37332723378
2026-09-29T15:13:38.025+08:00  INFO 16396 --- [seckill-system] [io-18090-exec-5] c.d.s.service.ProtectedSeckillService    : submission queued request=cb12e86f-7fa6-3646-b6d3-8e649985f934
2026-09-29T15:13:38.025+08:00  INFO 16396 --- [seckill-system] [io-18090-exec-8] c.d.s.service.ProtectedSeckillService    : submission queued request=3fb8ed19-c593-3fc6-92fe-a427e54873dd
2026-09-29T15:13:38.025+08:00  INFO 16396 --- [seckill-system] [io-18090-exec-9] c.d.s.service.ProtectedSeckillService    : submission queued request=5d2d2db1-9f1b-3d8d-a399-5a62a2511a51
2026-09-29T15:13:38.047+08:00  INFO 16396 --- [seckill-system] [io-18090-exec-8] c.d.s.service.ProtectedSeckillService    : submission queued request=0799088d-0e4d-3a9d-832a-4032dc17372f
2026-09-29T15:13:38.049+08:00  INFO 16396 --- [seckill-system] [io-18090-exec-6] c.d.s.service.ProtectedSeckillService    : submission queued request=13f7a29e-bcd1-36b3-b15e-0f0d04ec2849
2026-09-29T15:13:38.049+08:00  INFO 16396 --- [seckill-system] [io-18090-exec-3] c.d.s.service.ProtectedSeckillService    : submission queued request=62ef2d7c-2859-393e-b01b-539479222c18
2026-09-29T15:13:38.049+08:00  INFO 16396 --- [seckill-system] [io-18090-exec-2] c.d.s.service.ProtectedSeckillService    : submission queued request=978d9526-3f9d-3a1c-9882-305943f2cfaf
2026-09-29T15:13:38.049+08:00  INFO 16396 --- [seckill-system] [io-18090-exec-4] c.d.s.service.ProtectedSeckillService    : submission queued request=a06ebf23-c1a6-34fc-8de4-00a709c78c64
2026-09-29T15:13:38.049+08:00  INFO 16396 --- [seckill-system] [o-18090-exec-10] c.d.s.service.ProtectedSeckillService    : submission queued request=85ffb61a-4355-396e-bc0f-fda13ddb7a58
2026-09-29T15:13:38.049+08:00  INFO 16396 --- [seckill-system] [io-18090-exec-9] c.d.s.service.ProtectedSeckillService    : submission queued request=1ffb8caa-88ed-3277-b54e-a1eed90bd774
2026-09-29T15:13:38.049+08:00  INFO 16396 --- [seckill-system] [io-18090-exec-5] c.d.s.service.ProtectedSeckillService    : submission queued request=5f98a8e0-2da1-3626-bbe8-5753ad345245
2026-09-29T15:13:38.049+08:00  INFO 16396 --- [seckill-system] [io-18090-exec-1] c.d.s.service.ProtectedSeckillService    : submission queued request=63799f08-184c-3629-8254-6ce77cdd0f77
2026-09-29T15:13:38.049+08:00  INFO 16396 --- [seckill-system] [io-18090-exec-7] c.d.s.service.ProtectedSeckillService    : submission queued request=f8d634a3-ae14-3984-812a-27c3613cdcd9
2026-09-29T15:13:38.067+08:00  INFO 16396 --- [seckill-system] [io-18090-exec-8] c.d.s.service.ProtectedSeckillService    : submission queued request=589ec7a5-198a-395c-8a75-386948a5777d
2026-09-29T15:13:38.069+08:00  INFO 16396 --- [seckill-system] [io-18090-exec-6] c.d.s.service.ProtectedSeckillService    : submission queued request=513bbe02-89d9-3b5d-8628-bd51a31e128d
2026-09-29T15:13:38.070+08:00  INFO 16396 --- [seckill-system] [io-18090-exec-3] c.d.s.service.ProtectedSeckillService    : submission queued request=d93f9a4e-54c2-3d2e-a7d8-a02325a3e775
2026-09-29T15:13:38.071+08:00  INFO 16396 --- [seckill-system] [io-18090-exec-2] c.d.s.service.ProtectedSeckillService    : submission queued request=feaccd02-166c-3ed5-8ee1-a195b4e4ce43
2026-09-29T15:13:38.071+08:00  INFO 16396 --- [seckill-system] [io-18090-exec-7] c.d.s.service.ProtectedSeckillService    : submission queued request=cb572434-1364-3084-a6be-21ed4d6ce242
2026-09-29T15:13:38.071+08:00  INFO 16396 --- [seckill-system] [io-18090-exec-5] c.d.s.service.ProtectedSeckillService    : submission queued request=5feb5dc0-2bec-3fbb-a047-bbec00f8faa7
2026-09-29T15:13:38.071+08:00  INFO 16396 --- [seckill-system] [io-18090-exec-4] c.d.s.service.ProtectedSeckillService    : submission queued request=00358f5c-fefc-352f-b6c1-3890dd3c88eb
2026-09-29T15:13:38.071+08:00  INFO 16396 --- [seckill-system] [o-18090-exec-10] c.d.s.service.ProtectedSeckillService    : submission queued request=d372440a-40b4-3150-ba66-e5e726534efd
2026-09-29T15:13:38.072+08:00  INFO 16396 --- [seckill-system] [io-18090-exec-1] c.d.s.service.ProtectedSeckillService    : submission queued request=894871d3-26c4-3eaa-a9c7-6a74258fc91b
2026-09-29T15:13:38.072+08:00  INFO 16396 --- [seckill-system] [io-18090-exec-9] c.d.s.service.ProtectedSeckillService    : submission queued request=1305364d-e5bc-3ff2-b4fb-0f3b524c9e1e
2026-09-29T15:13:38.086+08:00  INFO 16396 --- [seckill-system] [io-18090-exec-6] c.d.s.service.ProtectedSeckillService    : submission queued request=0806bc37-e90f-32b2-9633-dbd78ffef5d0
2026-09-29T15:13:38.088+08:00  INFO 16396 --- [seckill-system] [io-18090-exec-2] c.d.s.service.ProtectedSeckillService    : submission queued request=94a25442-a316-31aa-8ca1-704adaf5d94d
2026-09-29T15:13:38.088+08:00  INFO 16396 --- [seckill-system] [o-18090-exec-10] c.d.s.service.ProtectedSeckillService    : submission queued request=bfd8a22c-d536-35d8-8827-a6c5eaa095b3
2026-09-29T15:13:38.088+08:00  INFO 16396 --- [seckill-system] [io-18090-exec-3] c.d.s.service.ProtectedSeckillService    : submission queued request=3e62e0da-0f75-3179-87c1-c841b0f6dde7
2026-09-29T15:13:38.089+08:00  INFO 16396 --- [seckill-system] [io-18090-exec-4] c.d.s.service.ProtectedSeckillService    : submission queued request=14a4700d-252e-3a01-a3ce-5f2e6d71f542
2026-09-29T15:13:38.089+08:00  INFO 16396 --- [seckill-system] [io-18090-exec-7] c.d.s.service.ProtectedSeckillService    : submission queued request=87389cf3-17ba-3c0b-9f98-aaf11eadb7b3
2026-09-29T15:13:38.089+08:00  INFO 16396 --- [seckill-system] [io-18090-exec-8] c.d.s.service.ProtectedSeckillService    : submission queued request=a895a1d7-535d-30f4-857e-f52ecd847a8a
2026-09-29T15:13:38.090+08:00  INFO 16396 --- [seckill-system] [io-18090-exec-9] c.d.s.service.ProtectedSeckillService    : submission queued request=d0b0cb1f-878c-348c-ad30-fc4c3e48f7ca
2026-09-29T15:13:38.090+08:00  INFO 16396 --- [seckill-system] [io-18090-exec-1] c.d.s.service.ProtectedSeckillService    : submission queued request=2197e9ff-ffe1-3c2d-84aa-5dd998988883
2026-09-29T15:13:38.090+08:00  INFO 16396 --- [seckill-system] [io-18090-exec-5] c.d.s.service.ProtectedSeckillService    : submission queued request=6dc45992-8814-3014-aa5d-ac76d490838e
2026-09-29T15:13:38.106+08:00  INFO 16396 --- [seckill-system] [io-18090-exec-2] c.d.s.service.ProtectedSeckillService    : submission queued request=c16f75a7-f325-3f8f-9eda-079bd6e4f21c
2026-09-29T15:13:38.108+08:00  INFO 16396 --- [seckill-system] [io-18090-exec-6] c.d.s.service.ProtectedSeckillService    : submission queued request=e5d63f4a-3ffe-360c-84c4-b89f8b5d728f
2026-09-29T15:13:38.108+08:00  INFO 16396 --- [seckill-system] [o-18090-exec-10] c.d.s.service.ProtectedSeckillService    : submission queued request=3999e00b-8b6c-3288-907f-87b247847469
2026-09-29T15:13:38.108+08:00  INFO 16396 --- [seckill-system] [io-18090-exec-7] c.d.s.service.ProtectedSeckillService    : submission queued request=a785ab54-f0d5-387e-ab2e-15181a9365d5
2026-09-29T15:13:38.108+08:00  INFO 16396 --- [seckill-system] [io-18090-exec-3] c.d.s.service.ProtectedSeckillService    : submission queued request=6c0ea56c-f4d7-3609-9e7f-ff4034e5f1c4
2026-09-29T15:13:38.108+08:00  INFO 16396 --- [seckill-system] [io-18090-exec-1] c.d.s.service.ProtectedSeckillService    : submission queued request=5637f44f-a030-320e-b7fa-006db38d616f
2026-09-29T15:13:38.109+08:00  INFO 16396 --- [seckill-system] [io-18090-exec-4] c.d.s.service.ProtectedSeckillService    : submission queued request=dd6affec-c3d4-36a3-a159-856171d71f3d
2026-09-29T15:13:38.109+08:00  INFO 16396 --- [seckill-system] [io-18090-exec-8] c.d.s.service.ProtectedSeckillService    : submission queued request=c55abb4a-d458-3e19-886a-2b8b4313bbd0
2026-09-29T15:13:38.110+08:00  INFO 16396 --- [seckill-system] [io-18090-exec-9] c.d.s.service.ProtectedSeckillService    : submission queued request=4d778e4d-1bfb-3876-ab65-59afbd28d08d
2026-09-29T15:13:38.110+08:00  INFO 16396 --- [seckill-system] [io-18090-exec-5] c.d.s.service.ProtectedSeckillService    : submission queued request=8bc02ae0-8903-3c64-a1c6-67a0137a1ea2
2026-09-29T15:13:38.125+08:00  INFO 16396 --- [seckill-system] [io-18090-exec-2] c.d.s.service.ProtectedSeckillService    : submission queued request=6cab47e2-5685-3754-88c7-1beb9e4540f4
2026-09-29T15:13:38.128+08:00  INFO 16396 --- [seckill-system] [io-18090-exec-7] c.d.s.service.ProtectedSeckillService    : submission queued request=de8ea004-6105-3791-94f9-2ddbde20963e
2026-09-29T15:13:38.129+08:00  INFO 16396 --- [seckill-system] [io-18090-exec-6] c.d.s.service.ProtectedSeckillService    : submission queued request=b3f1732c-ad2a-3ff0-bbc6-4aaf8ade4ff0
2026-09-29T15:13:38.135+08:00  INFO 16396 --- [seckill-system] [io-18090-exec-5] c.d.s.service.ProtectedSeckillService    : submission queued request=0e286c9e-f577-3c6d-aeff-5356a56e8b36
2026-09-29T15:13:38.135+08:00  INFO 16396 --- [seckill-system] [io-18090-exec-1] c.d.s.service.ProtectedSeckillService    : submission queued request=93ed2946-6426-33a2-a12b-5f0178afab58
2026-09-29T15:13:38.135+08:00  INFO 16396 --- [seckill-system] [o-18090-exec-10] c.d.s.service.ProtectedSeckillService    : submission queued request=aed8dd23-917d-3866-acb3-c20156650a69
2026-09-29T15:13:38.135+08:00  INFO 16396 --- [seckill-system] [io-18090-exec-8] c.d.s.service.ProtectedSeckillService    : submission queued request=4461e842-6076-348d-87b6-9488a63a5167
2026-09-29T15:13:38.137+08:00  INFO 16396 --- [seckill-system] [io-18090-exec-4] c.d.s.service.ProtectedSeckillService    : submission queued request=36a04ef1-634f-3c9e-bbaf-11a632996aab
2026-09-29T15:13:38.139+08:00  INFO 16396 --- [seckill-system] [io-18090-exec-9] c.d.s.service.ProtectedSeckillService    : submission queued request=8dc551c1-2e5b-3e04-8035-888db21625df
2026-09-29T15:13:38.139+08:00  INFO 16396 --- [seckill-system] [io-18090-exec-3] c.d.s.service.ProtectedSeckillService    : submission queued request=716040e2-6c56-3596-841f-b83867d3b278
2026-09-29T15:13:38.146+08:00  INFO 16396 --- [seckill-system] [io-18090-exec-2] c.d.s.service.ProtectedSeckillService    : submission queued request=27994305-3629-3b01-91ea-7760b4c8d39a
2026-09-29T15:13:38.148+08:00  INFO 16396 --- [seckill-system] [io-18090-exec-7] c.d.s.service.ProtectedSeckillService    : submission queued request=91125939-7bc1-32c9-bc6b-dcd4a4a84fda
2026-09-29T15:13:38.148+08:00  INFO 16396 --- [seckill-system] [io-18090-exec-6] c.d.s.service.ProtectedSeckillService    : submission queued request=f8f8c413-5f86-3206-93fc-e795324cd845
2026-09-29T15:13:38.154+08:00  INFO 16396 --- [seckill-system] [io-18090-exec-5] c.d.s.service.ProtectedSeckillService    : submission queued request=7a09ac8c-fe38-3917-bbbf-0c086aaf0300
2026-09-29T15:13:38.156+08:00  INFO 16396 --- [seckill-system] [io-18090-exec-8] c.d.s.service.ProtectedSeckillService    : submission queued request=78172157-2314-3310-897f-5d75ae7f6b24
2026-09-29T15:13:38.157+08:00  INFO 16396 --- [seckill-system] [io-18090-exec-1] c.d.s.service.ProtectedSeckillService    : submission queued request=5dbe9ef3-c73c-3886-96a9-b331e0f57e1c
2026-09-29T15:13:38.157+08:00  INFO 16396 --- [seckill-system] [io-18090-exec-4] c.d.s.service.ProtectedSeckillService    : submission queued request=7759a880-9fe9-3776-ba31-af5c0d500238
2026-09-29T15:13:38.157+08:00  INFO 16396 --- [seckill-system] [o-18090-exec-10] c.d.s.service.ProtectedSeckillService    : submission queued request=7cf8c49f-74e9-3f91-a12d-f83073268cd9
2026-09-29T15:13:38.158+08:00  INFO 16396 --- [seckill-system] [io-18090-exec-9] c.d.s.service.ProtectedSeckillService    : submission queued request=249a55c6-4f69-34c7-a7af-9f4e406416f9
2026-09-29T15:13:38.159+08:00  INFO 16396 --- [seckill-system] [io-18090-exec-3] c.d.s.service.ProtectedSeckillService    : submission queued request=f498bedf-6321-3f8a-b9cb-b4acd84f7715
2026-09-29T15:13:38.164+08:00  INFO 16396 --- [seckill-system] [io-18090-exec-2] c.d.s.service.ProtectedSeckillService    : submission queued request=d29de79c-fcd9-3388-9854-f26337dc3d1b
2026-09-29T15:13:38.165+08:00  INFO 16396 --- [seckill-system] [io-18090-exec-6] c.d.s.service.ProtectedSeckillService    : submission queued request=29ee7114-b538-3f36-8423-8c90e8db6230
2026-09-29T15:13:38.166+08:00  INFO 16396 --- [seckill-system] [io-18090-exec-7] c.d.s.service.ProtectedSeckillService    : submission queued request=672ea903-36ac-3257-9b7f-b5ab22682b26
2026-09-29T15:13:38.173+08:00  INFO 16396 --- [seckill-system] [io-18090-exec-8] c.d.s.service.ProtectedSeckillService    : submission queued request=98026dde-7f8d-3a2a-b2cc-9a8f74c08bb1
2026-09-29T15:13:38.174+08:00  INFO 16396 --- [seckill-system] [o-18090-exec-10] c.d.s.service.ProtectedSeckillService    : submission queued request=af6368a5-aeb9-393d-bac1-a82e4d5a4441
2026-09-29T15:13:38.176+08:00  INFO 16396 --- [seckill-system] [io-18090-exec-5] c.d.s.service.ProtectedSeckillService    : submission queued request=3c93206a-5e72-39b8-bfac-01458a271a6a
2026-09-29T15:13:38.176+08:00  INFO 16396 --- [seckill-system] [io-18090-exec-1] c.d.s.service.ProtectedSeckillService    : submission queued request=62e49720-c8e1-342e-838c-8b5fdf86faa5
2026-09-29T15:13:38.177+08:00  INFO 16396 --- [seckill-system] [io-18090-exec-9] c.d.s.service.ProtectedSeckillService    : submission queued request=cf5d17c5-7198-3c26-9187-bae43b37b2ea
2026-09-29T15:13:38.177+08:00  INFO 16396 --- [seckill-system] [io-18090-exec-4] c.d.s.service.ProtectedSeckillService    : submission queued request=afea6449-664e-3dad-a548-a4f7b2a2cf67
2026-09-29T15:13:38.177+08:00  INFO 16396 --- [seckill-system] [io-18090-exec-3] c.d.s.service.ProtectedSeckillService    : submission queued request=bf56d460-6b55-3913-bada-115e34777e66
2026-09-29T15:13:38.180+08:00  INFO 16396 --- [seckill-system] [io-18090-exec-2] c.d.s.service.ProtectedSeckillService    : submission queued request=af11ea70-520a-31fe-8ee6-a46e0210ebd6
2026-09-29T15:13:38.182+08:00  INFO 16396 --- [seckill-system] [io-18090-exec-6] c.d.s.service.ProtectedSeckillService    : submission queued request=827f8f6c-57e4-3761-8331-78620148a4f6
2026-09-29T15:13:38.183+08:00  INFO 16396 --- [seckill-system] [io-18090-exec-7] c.d.s.service.ProtectedSeckillService    : submission queued request=11fbf8b2-eeaa-3233-be60-43d0e62e4856
2026-09-29T15:13:38.195+08:00  INFO 16396 --- [seckill-system] [io-18090-exec-8] c.d.s.service.ProtectedSeckillService    : submission queued request=8952c583-7d73-344f-9201-e177f531ce94
2026-09-29T15:13:38.197+08:00  INFO 16396 --- [seckill-system] [io-18090-exec-1] c.d.s.service.ProtectedSeckillService    : submission queued request=ac1f1cff-06ff-3328-8a5d-ef1eba711c07
2026-09-29T15:13:38.197+08:00  INFO 16396 --- [seckill-system] [io-18090-exec-5] c.d.s.service.ProtectedSeckillService    : submission queued request=09d5e196-3f89-3fa0-aee1-af00d27ee61b
2026-09-29T15:13:38.197+08:00  INFO 16396 --- [seckill-system] [io-18090-exec-9] c.d.s.service.ProtectedSeckillService    : submission queued request=a4e5767f-0e89-323c-b0c5-105f87d5c8bc
2026-09-29T15:13:38.197+08:00  INFO 16396 --- [seckill-system] [o-18090-exec-10] c.d.s.service.ProtectedSeckillService    : submission queued request=7644d4d6-a237-3e86-81a1-634172a851ef
2026-09-29T15:13:38.200+08:00  INFO 16396 --- [seckill-system] [io-18090-exec-4] c.d.s.service.ProtectedSeckillService    : submission queued request=fef0e301-8716-33ac-8376-07e08f096c4d
2026-09-29T15:13:38.200+08:00  INFO 16396 --- [seckill-system] [io-18090-exec-2] c.d.s.service.ProtectedSeckillService    : submission queued request=2aa1e383-fdf5-3ca8-8429-137b197a0539
2026-09-29T15:13:38.200+08:00  INFO 16396 --- [seckill-system] [io-18090-exec-3] c.d.s.service.ProtectedSeckillService    : submission queued request=6d2bb86d-42ac-37bd-b598-194b14751a5b
2026-09-29T15:13:38.200+08:00  INFO 16396 --- [seckill-system] [io-18090-exec-6] c.d.s.service.ProtectedSeckillService    : submission queued request=7a7245ae-e713-3049-a27f-070d4a73ab9f
2026-09-29T15:13:38.203+08:00  INFO 16396 --- [seckill-system] [io-18090-exec-7] c.d.s.service.ProtectedSeckillService    : submission queued request=0bb246a3-ee7d-3c2a-9d23-0924f53d13d1
2026-09-29T15:13:38.217+08:00  INFO 16396 --- [seckill-system] [io-18090-exec-9] c.d.s.service.ProtectedSeckillService    : submission queued request=bbc56255-1b84-37ae-902e-3e7db47c8852
2026-09-29T15:13:38.218+08:00  INFO 16396 --- [seckill-system] [io-18090-exec-8] c.d.s.service.ProtectedSeckillService    : submission queued request=70bc67e6-d314-3878-87f8-3be23c12db7e
2026-09-29T15:13:38.218+08:00  INFO 16396 --- [seckill-system] [o-18090-exec-10] c.d.s.service.ProtectedSeckillService    : submission queued request=5abac284-7357-3b8f-8698-2dfb9a66b0ad
2026-09-29T15:13:38.219+08:00  INFO 16396 --- [seckill-system] [io-18090-exec-5] c.d.s.service.ProtectedSeckillService    : submission queued request=4183e8d8-2563-3ae9-91c2-bd0cdf50cadc
2026-09-29T15:13:38.219+08:00  INFO 16396 --- [seckill-system] [io-18090-exec-1] c.d.s.service.ProtectedSeckillService    : submission queued request=99734d8c-9d9a-346b-8709-b942837d2c9d
2026-09-29T15:13:38.219+08:00  INFO 16396 --- [seckill-system] [io-18090-exec-2] c.d.s.service.ProtectedSeckillService    : submission queued request=f5a4a9b1-8543-3029-a834-cba0cf22ffa3
2026-09-29T15:13:38.220+08:00  INFO 16396 --- [seckill-system] [io-18090-exec-3] c.d.s.service.ProtectedSeckillService    : submission queued request=43ae6a65-f230-3663-b79d-7b4b87c40a57
2026-09-29T15:13:38.221+08:00  INFO 16396 --- [seckill-system] [io-18090-exec-4] c.d.s.service.ProtectedSeckillService    : submission queued request=f1dfbe0f-f430-3d6a-9bdd-b2d6686e7637
2026-09-29T15:13:38.227+08:00  INFO 16396 --- [seckill-system] [io-18090-exec-6] c.d.s.service.ProtectedSeckillService    : submission queued request=b749fea2-d749-34c4-b95f-acb456aff6fd
2026-09-29T15:13:38.228+08:00  INFO 16396 --- [seckill-system] [io-18090-exec-7] c.d.s.service.ProtectedSeckillService    : submission queued request=bb799073-094d-32a8-ad91-4d76445ed1c0
2026-09-29T15:13:38.235+08:00  INFO 16396 --- [seckill-system] [io-18090-exec-8] c.d.s.service.ProtectedSeckillService    : submission queued request=3f7562ea-3a8e-382b-9897-37af10fad56f
2026-09-29T15:13:38.236+08:00  INFO 16396 --- [seckill-system] [io-18090-exec-9] c.d.s.service.ProtectedSeckillService    : submission queued request=9846d514-6166-3980-9bec-6a166979c32e
2026-09-29T15:13:38.238+08:00  INFO 16396 --- [seckill-system] [io-18090-exec-4] c.d.s.service.ProtectedSeckillService    : submission queued request=b178c120-5d1a-3250-90ee-1b0f0b64f1c3
2026-09-29T15:13:38.239+08:00  INFO 16396 --- [seckill-system] [o-18090-exec-10] c.d.s.service.ProtectedSeckillService    : submission queued request=b29be864-d77d-356f-9dda-2297e514ea40
2026-09-29T15:13:38.240+08:00  INFO 16396 --- [seckill-system] [io-18090-exec-1] c.d.s.service.ProtectedSeckillService    : submission queued request=57d0c2a7-b755-391f-8882-9ab23fb94c91
2026-09-29T15:13:38.240+08:00  INFO 16396 --- [seckill-system] [io-18090-exec-2] c.d.s.service.ProtectedSeckillService    : submission queued request=09985ab0-869c-392a-a447-4ac97d07a3f0
2026-09-29T15:13:38.240+08:00  INFO 16396 --- [seckill-system] [io-18090-exec-5] c.d.s.service.ProtectedSeckillService    : submission queued request=f31b5f72-75e1-3858-a9b7-04bb9cb09d68
2026-09-29T15:13:38.240+08:00  INFO 16396 --- [seckill-system] [io-18090-exec-3] c.d.s.service.ProtectedSeckillService    : submission queued request=59dc6988-8caf-3326-b249-12a22458e48f
2026-09-29T15:13:38.243+08:00  INFO 16396 --- [seckill-system] [io-18090-exec-7] c.d.s.service.ProtectedSeckillService    : submission queued request=df378ff9-e035-3fc5-aa7a-cffd084c30d8
2026-09-29T15:13:38.244+08:00  INFO 16396 --- [seckill-system] [io-18090-exec-6] c.d.s.service.ProtectedSeckillService    : submission queued request=87b270e0-b732-348d-920d-1eb88b882264
2026-09-29T15:13:38.250+08:00  INFO 16396 --- [seckill-system] [io-18090-exec-8] c.d.s.service.ProtectedSeckillService    : submission queued request=0e292b23-02b3-37e2-a4fb-9194b1326b50
2026-09-29T15:13:38.254+08:00  INFO 16396 --- [seckill-system] [io-18090-exec-9] c.d.s.service.ProtectedSeckillService    : submission queued request=a1c91af8-cbae-3d80-9db3-7cd583d63b09
2026-09-29T15:13:38.256+08:00  INFO 16396 --- [seckill-system] [o-18090-exec-10] c.d.s.service.ProtectedSeckillService    : submission queued request=d8a1e66d-8149-31fd-89c3-0f06dc1e9539
2026-09-29T15:13:38.256+08:00  INFO 16396 --- [seckill-system] [io-18090-exec-5] c.d.s.service.ProtectedSeckillService    : submission queued request=d4705fb8-97a4-33b9-8c2f-4cf1e3a61641
2026-09-29T15:13:38.256+08:00  INFO 16396 --- [seckill-system] [io-18090-exec-2] c.d.s.service.ProtectedSeckillService    : submission queued request=731c08ae-ffbe-3eb6-9933-e99330c731a6
2026-09-29T15:13:38.256+08:00  INFO 16396 --- [seckill-system] [io-18090-exec-4] c.d.s.service.ProtectedSeckillService    : submission queued request=e16a12cd-c8d5-30ac-bf6b-272ebaeb089e
2026-09-29T15:13:38.256+08:00  INFO 16396 --- [seckill-system] [io-18090-exec-1] c.d.s.service.ProtectedSeckillService    : submission queued request=20de1364-3d77-3fb0-8454-be379e24376e
2026-09-29T15:13:38.257+08:00  INFO 16396 --- [seckill-system] [io-18090-exec-3] c.d.s.service.ProtectedSeckillService    : submission queued request=4fdec3e3-b09e-32ef-9cc6-26e2489fe560
2026-09-29T15:13:38.258+08:00  INFO 16396 --- [seckill-system] [io-18090-exec-7] c.d.s.service.ProtectedSeckillService    : submission queued request=6a65da58-fe64-30f5-8054-fd33b7eb3ae9
2026-09-29T15:13:38.258+08:00  INFO 16396 --- [seckill-system] [io-18090-exec-6] c.d.s.service.ProtectedSeckillService    : submission queued request=7e10d726-46f6-3540-9bfc-8785b3059c60
2026-09-29T15:13:38.281+08:00  INFO 16396 --- [seckill-system] [io-18090-exec-8] c.d.s.service.ProtectedSeckillService    : submission queued request=46742eff-8593-378c-a9bb-6690fb8cb6de
2026-09-29T15:13:38.283+08:00  INFO 16396 --- [seckill-system] [io-18090-exec-5] c.d.s.service.ProtectedSeckillService    : submission queued request=b1b08e9b-d69d-3ad0-ab35-16e7a33316b4
2026-09-29T15:13:38.283+08:00  INFO 16396 --- [seckill-system] [io-18090-exec-9] c.d.s.service.ProtectedSeckillService    : submission queued request=4d015615-d53e-356a-a2ce-6f6ae81d11ec
2026-09-29T15:13:38.283+08:00  INFO 16396 --- [seckill-system] [o-18090-exec-10] c.d.s.service.ProtectedSeckillService    : submission queued request=794834b5-84c6-3bd9-93b3-d5cc08185400
2026-09-29T15:13:38.284+08:00  INFO 16396 --- [seckill-system] [io-18090-exec-4] c.d.s.service.ProtectedSeckillService    : submission queued request=b5d0bd39-55c7-3144-99e9-78436cde4a30
2026-09-29T15:13:38.284+08:00  INFO 16396 --- [seckill-system] [io-18090-exec-1] c.d.s.service.ProtectedSeckillService    : submission queued request=18746ddb-09ed-39a6-b9f1-23dd57a77124
2026-09-29T15:13:38.285+08:00  INFO 16396 --- [seckill-system] [io-18090-exec-3] c.d.s.service.ProtectedSeckillService    : submission queued request=51afc4df-a3b5-3cb1-8755-3edffb6479f8
2026-09-29T15:13:38.291+08:00  INFO 16396 --- [seckill-system] [io-18090-exec-2] c.d.s.service.ProtectedSeckillService    : submission queued request=1a31af81-903d-34a1-96dc-7500dc078de5
2026-09-29T15:13:38.293+08:00  INFO 16396 --- [seckill-system] [io-18090-exec-6] c.d.s.service.ProtectedSeckillService    : submission queued request=2db593b7-c776-343f-80dd-4775a55d030d
2026-09-29T15:13:38.293+08:00  INFO 16396 --- [seckill-system] [io-18090-exec-7] c.d.s.service.ProtectedSeckillService    : submission queued request=6b1f71c2-6ce9-352d-be84-62ee3bf16b55
2026-09-29T15:13:38.298+08:00  INFO 16396 --- [seckill-system] [io-18090-exec-1] c.d.s.service.ProtectedSeckillService    : submission queued request=1968ae20-7ab2-3d60-8155-2a7d466b3999
2026-09-29T15:13:38.300+08:00  INFO 16396 --- [seckill-system] [o-18090-exec-10] c.d.s.service.ProtectedSeckillService    : submission queued request=983f945e-efe6-3e47-8777-d6ffaa3fe60c
2026-09-29T15:13:38.300+08:00  INFO 16396 --- [seckill-system] [io-18090-exec-9] c.d.s.service.ProtectedSeckillService    : submission queued request=ad31b018-04c1-3ab1-ba30-c8939239084e
2026-09-29T15:13:38.300+08:00  INFO 16396 --- [seckill-system] [io-18090-exec-4] c.d.s.service.ProtectedSeckillService    : submission queued request=e0448596-5b33-3207-92d7-49d7165aa54d
2026-09-29T15:13:38.300+08:00  INFO 16396 --- [seckill-system] [io-18090-exec-8] c.d.s.service.ProtectedSeckillService    : submission queued request=36b51099-c6be-39ea-a7c2-fd965f9fab22
2026-09-29T15:13:38.300+08:00  INFO 16396 --- [seckill-system] [io-18090-exec-5] c.d.s.service.ProtectedSeckillService    : submission queued request=4375f85a-07ff-3040-a4a0-924359b14037
2026-09-29T15:13:38.300+08:00  INFO 16396 --- [seckill-system] [io-18090-exec-3] c.d.s.service.ProtectedSeckillService    : submission queued request=ae72d0c6-2bdf-3ac8-af1a-5c23f3ed7dff
2026-09-29T15:13:38.307+08:00  INFO 16396 --- [seckill-system] [io-18090-exec-6] c.d.s.service.ProtectedSeckillService    : submission queued request=fde3e431-d4c1-307b-9186-81aad567f499
2026-09-29T15:13:38.309+08:00  INFO 16396 --- [seckill-system] [io-18090-exec-2] c.d.s.service.ProtectedSeckillService    : submission queued request=01b3665b-2016-34a2-8d05-edcdbe70ddf6
2026-09-29T15:13:38.309+08:00  INFO 16396 --- [seckill-system] [io-18090-exec-7] c.d.s.service.ProtectedSeckillService    : submission queued request=9585afb4-1d49-35c7-98a4-4cf5ee748d4c
2026-09-29T15:13:38.315+08:00  INFO 16396 --- [seckill-system] [io-18090-exec-1] c.d.s.service.ProtectedSeckillService    : submission queued request=4f33fd5c-7045-3415-9fec-360fc8e2e446
2026-09-29T15:13:38.316+08:00  INFO 16396 --- [seckill-system] [io-18090-exec-5] c.d.s.service.ProtectedSeckillService    : submission queued request=7005d084-d94a-39f6-b39a-4089da81cfe6
2026-09-29T15:13:38.316+08:00  INFO 16396 --- [seckill-system] [io-18090-exec-8] c.d.s.service.ProtectedSeckillService    : submission queued request=a0edb054-2a9e-35bb-841c-a96cf4f61f78
2026-09-29T15:13:38.316+08:00  INFO 16396 --- [seckill-system] [io-18090-exec-9] c.d.s.service.ProtectedSeckillService    : submission queued request=3df06049-1eeb-3136-8b03-de9c98e2c80e
2026-09-29T15:13:38.323+08:00  INFO 16396 --- [seckill-system] [io-18090-exec-6] c.d.s.service.ProtectedSeckillService    : submission queued request=f8e37da0-6557-3709-a3a8-2cb9ee8ebcec
2026-09-29T15:13:38.324+08:00  INFO 16396 --- [seckill-system] [io-18090-exec-2] c.d.s.service.ProtectedSeckillService    : submission queued request=e026331f-f7c9-396b-a218-711f978c2cb9
2026-09-29T15:13:38.332+08:00  INFO 16396 --- [seckill-system] [io-18090-exec-1] c.d.s.service.ProtectedSeckillService    : submission queued request=f35f5eba-6fd9-3be5-98ea-109bfc4b4e1f
2026-09-29T15:13:38.336+08:00  INFO 16396 --- [seckill-system] [io-18090-exec-6] c.d.s.service.ProtectedSeckillService    : submission queued request=6dae67a4-675b-3ce2-ab0c-a5ecbe21a751
2026-09-29T15:13:38.337+08:00  INFO 16396 --- [seckill-system] [io-18090-exec-2] c.d.s.service.ProtectedSeckillService    : submission queued request=54f4a2f3-84f5-3d6f-8c7c-4045d437cd9a
2026-09-29T15:13:38.345+08:00  INFO 16396 --- [seckill-system] [io-18090-exec-1] c.d.s.service.ProtectedSeckillService    : submission queued request=32057ca6-e110-3de4-8856-bc21747f7ce1
2026-09-29T15:13:38.350+08:00  INFO 16396 --- [seckill-system] [io-18090-exec-2] c.d.s.service.ProtectedSeckillService    : submission queued request=ca68d161-8952-3359-9bc2-fc411d863b2c
2026-09-29T15:13:38.456+08:00  INFO 16396 --- [seckill-system] [io-18090-exec-4] c.d.s.service.ProtectedSeckillService    : submission queued request=85d4baff-d04b-347e-aeef-3b39cc5cd165
2026-09-29T15:13:38.458+08:00  INFO 16396 --- [seckill-system] [io-18090-exec-5] c.d.s.service.ProtectedSeckillService    : submission queued request=0959d80e-c1a6-34f4-a6c3-a84e58252f4b
2026-09-29T15:13:38.458+08:00  INFO 16396 --- [seckill-system] [io-18090-exec-2] c.d.s.service.ProtectedSeckillService    : submission queued request=fbc36bf6-ae70-3b64-a808-7c9a2eba85c5
2026-09-29T15:13:38.458+08:00  INFO 16396 --- [seckill-system] [io-18090-exec-1] c.d.s.service.ProtectedSeckillService    : submission queued request=9f407a32-7062-3ee6-a1f7-f581c1b6ef7e
2026-09-29T15:13:38.459+08:00  INFO 16396 --- [seckill-system] [io-18090-exec-7] c.d.s.service.ProtectedSeckillService    : submission queued request=3570ce03-fcae-3ecc-a92c-c9b06406ac55
2026-09-29T15:13:38.459+08:00  INFO 16396 --- [seckill-system] [io-18090-exec-6] c.d.s.service.ProtectedSeckillService    : submission queued request=6ad1f76d-d0a3-371d-a69b-7b8e9121a978
2026-09-29T15:13:38.464+08:00  INFO 16396 --- [seckill-system] [o-18090-exec-10] c.d.s.service.ProtectedSeckillService    : submission queued request=0ff1fc28-405d-38bd-ac30-1c4a7beb3411
2026-09-29T15:13:38.472+08:00  INFO 16396 --- [seckill-system] [io-18090-exec-1] c.d.s.service.ProtectedSeckillService    : submission queued request=d4650ee2-e51e-331f-8a41-b33e6ed6b136
2026-09-29T15:13:38.473+08:00  INFO 16396 --- [seckill-system] [io-18090-exec-4] c.d.s.service.ProtectedSeckillService    : submission queued request=abc94e0b-302a-3e03-b7c0-0ad27c92889c
2026-09-29T15:13:38.894+08:00  INFO 16396 --- [seckill-system] [OrderListener-2] com.zaxxer.hikari.pool.HikariPool        : HikariPool-1 - Added connection com.mysql.cj.jdbc.ConnectionImpl@812a5ab
2026-09-29T15:13:38.900+08:00  INFO 16396 --- [seckill-system] [OrderListener-2] com.zaxxer.hikari.HikariDataSource       : HikariPool-1 - Start completed.
2026-09-29T15:13:39.099+08:00  INFO 16396 --- [seckill-system] [OrderListener-1] c.d.seckill.service.AsyncOrderConsumer   : order committed request=59d3be5a-9e54-3d92-b585-de7388e0c6fc order=135956
2026-09-29T15:13:39.099+08:00  INFO 16396 --- [seckill-system] [OrderListener-2] c.d.seckill.service.AsyncOrderConsumer   : order committed request=1d375b18-cbaa-32c8-9066-8547c2fed248 order=135955
2026-09-29T15:13:39.124+08:00  INFO 16396 --- [seckill-system] [OrderListener-2] c.d.seckill.service.AsyncOrderConsumer   : order committed request=f224330c-b67a-3e1b-8fe6-4370c8a11ea0 order=135958
2026-09-29T15:13:39.124+08:00  INFO 16396 --- [seckill-system] [OrderListener-1] c.d.seckill.service.AsyncOrderConsumer   : order committed request=3c9f06f2-8ba2-3eb1-b233-98d92c36f1b2 order=135957
2026-09-29T15:13:39.140+08:00  INFO 16396 --- [seckill-system] [OrderListener-2] c.d.seckill.service.AsyncOrderConsumer   : order committed request=f7862881-5ff8-3132-821b-679818c1e982 order=135960
2026-09-29T15:13:39.141+08:00  INFO 16396 --- [seckill-system] [OrderListener-1] c.d.seckill.service.AsyncOrderConsumer   : order committed request=e1ffdfa2-aace-3ca3-bd8e-0652617d0f88 order=135959
2026-09-29T15:13:39.158+08:00  INFO 16396 --- [seckill-system] [OrderListener-1] c.d.seckill.service.AsyncOrderConsumer   : order committed request=4c1d3bcc-636d-36c5-abfd-6e86561a742c order=135961
2026-09-29T15:13:39.159+08:00  INFO 16396 --- [seckill-system] [OrderListener-2] c.d.seckill.service.AsyncOrderConsumer   : order committed request=ac624685-42f6-3781-a21c-dc52d54cde57 order=135962
2026-09-29T15:13:39.176+08:00  INFO 16396 --- [seckill-system] [OrderListener-2] c.d.seckill.service.AsyncOrderConsumer   : order committed request=817871d5-f4c5-362d-a533-3563b6317aea order=135964
2026-09-29T15:13:39.176+08:00  INFO 16396 --- [seckill-system] [OrderListener-1] c.d.seckill.service.AsyncOrderConsumer   : order committed request=d3944f9a-0faf-3d5f-8ffc-86f2c7f0b948 order=135963
2026-09-29T15:13:39.194+08:00  INFO 16396 --- [seckill-system] [OrderListener-1] c.d.seckill.service.AsyncOrderConsumer   : order committed request=0fad3bc7-5dac-36a1-8eb5-7dfb9cdb591f order=135965
2026-09-29T15:13:39.194+08:00  INFO 16396 --- [seckill-system] [OrderListener-2] c.d.seckill.service.AsyncOrderConsumer   : order committed request=d39a1569-e566-3c7a-9412-474cee520f38 order=135966
2026-09-29T15:13:39.213+08:00  INFO 16396 --- [seckill-system] [OrderListener-2] c.d.seckill.service.AsyncOrderConsumer   : order committed request=db55f3d0-c9a1-3fb1-96d8-d115a6cb9910 order=135968
2026-09-29T15:13:39.213+08:00  INFO 16396 --- [seckill-system] [OrderListener-1] c.d.seckill.service.AsyncOrderConsumer   : order committed request=8d9b662f-0055-3ae2-a210-8bf1eed44011 order=135967
2026-09-29T15:13:39.231+08:00  INFO 16396 --- [seckill-system] [OrderListener-1] c.d.seckill.service.AsyncOrderConsumer   : order committed request=b72ace02-f84b-3c0a-9b8c-e61ae579ab12 order=135969
2026-09-29T15:13:39.232+08:00  INFO 16396 --- [seckill-system] [OrderListener-2] c.d.seckill.service.AsyncOrderConsumer   : order committed request=d5853bcc-78ee-3b4d-b0e9-ff55c65fde17 order=135970
2026-09-29T15:13:39.248+08:00  INFO 16396 --- [seckill-system] [OrderListener-2] c.d.seckill.service.AsyncOrderConsumer   : order committed request=e59676fd-616f-3952-b7b8-c1d4f751570b order=135972
2026-09-29T15:13:39.249+08:00  INFO 16396 --- [seckill-system] [OrderListener-1] c.d.seckill.service.AsyncOrderConsumer   : order committed request=2a515b28-1e8d-3d68-bb07-a01b335fd582 order=135971
2026-09-29T15:13:39.266+08:00  INFO 16396 --- [seckill-system] [OrderListener-2] c.d.seckill.service.AsyncOrderConsumer   : order committed request=076b8881-1398-366a-b83c-2bce62e7fde4 order=135974
2026-09-29T15:13:39.266+08:00  INFO 16396 --- [seckill-system] [OrderListener-1] c.d.seckill.service.AsyncOrderConsumer   : order committed request=f67f32de-dbbf-314f-b92c-dc83ad394f1c order=135973
2026-09-29T15:13:39.282+08:00  INFO 16396 --- [seckill-system] [OrderListener-1] c.d.seckill.service.AsyncOrderConsumer   : order committed request=5ac1ea0b-3465-3e16-84cb-a31044b75dd0 order=135975
2026-09-29T15:13:39.283+08:00  INFO 16396 --- [seckill-system] [OrderListener-2] c.d.seckill.service.AsyncOrderConsumer   : order committed request=c39a52ca-a478-3c74-8f90-5089cd95c73f order=135976
2026-09-29T15:13:39.297+08:00  INFO 16396 --- [seckill-system] [OrderListener-1] c.d.seckill.service.AsyncOrderConsumer   : order committed request=054624fe-5b8d-31f1-b601-08077e8a39b5 order=135978
2026-09-29T15:13:39.298+08:00  INFO 16396 --- [seckill-system] [OrderListener-2] c.d.seckill.service.AsyncOrderConsumer   : order committed request=4600f4e2-cb96-3cbc-b48a-b444a2036424 order=135977
2026-09-29T15:13:39.314+08:00  INFO 16396 --- [seckill-system] [OrderListener-1] c.d.seckill.service.AsyncOrderConsumer   : order committed request=7a81a800-899c-32e9-b4dd-a53ceb029a25 order=135979
2026-09-29T15:13:39.315+08:00  INFO 16396 --- [seckill-system] [OrderListener-2] c.d.seckill.service.AsyncOrderConsumer   : order committed request=eb5d505d-b52b-321d-b007-339a83bd08ab order=135980
2026-09-29T15:13:39.330+08:00  INFO 16396 --- [seckill-system] [OrderListener-2] c.d.seckill.service.AsyncOrderConsumer   : order committed request=08d30af9-6736-3305-94e4-50ce66ead287 order=135981
2026-09-29T15:13:39.330+08:00  INFO 16396 --- [seckill-system] [OrderListener-1] c.d.seckill.service.AsyncOrderConsumer   : order committed request=3f17a57b-0a33-39d6-89cd-d94534ecdb67 order=135982
2026-09-29T15:13:39.346+08:00  INFO 16396 --- [seckill-system] [OrderListener-2] c.d.seckill.service.AsyncOrderConsumer   : order committed request=0febd854-2565-386b-87ae-b7d5e0032672 order=135983
2026-09-29T15:13:39.347+08:00  INFO 16396 --- [seckill-system] [OrderListener-1] c.d.seckill.service.AsyncOrderConsumer   : order committed request=c5cec477-cad8-3a84-bda4-8a099af8daad order=135984
2026-09-29T15:13:39.362+08:00  INFO 16396 --- [seckill-system] [OrderListener-1] c.d.seckill.service.AsyncOrderConsumer   : order committed request=84f964f3-2f56-3000-8bf8-cfb18a5181b8 order=135985
2026-09-29T15:13:39.363+08:00  INFO 16396 --- [seckill-system] [OrderListener-2] c.d.seckill.service.AsyncOrderConsumer   : order committed request=be54847f-bb68-36af-a826-ca624b90d089 order=135986
2026-09-29T15:13:39.380+08:00  INFO 16396 --- [seckill-system] [OrderListener-1] c.d.seckill.service.AsyncOrderConsumer   : order committed request=51b30ddc-3c62-37af-a68a-edcb2d08ba10 order=135987
2026-09-29T15:13:39.380+08:00  INFO 16396 --- [seckill-system] [OrderListener-2] c.d.seckill.service.AsyncOrderConsumer   : order committed request=f625de9a-be54-3fd7-a175-f04affa277af order=135988
2026-09-29T15:13:39.397+08:00  INFO 16396 --- [seckill-system] [OrderListener-1] c.d.seckill.service.AsyncOrderConsumer   : order committed request=3fb8ed19-c593-3fc6-92fe-a427e54873dd order=135989
2026-09-29T15:13:39.397+08:00  INFO 16396 --- [seckill-system] [OrderListener-2] c.d.seckill.service.AsyncOrderConsumer   : order committed request=5d2d2db1-9f1b-3d8d-a399-5a62a2511a51 order=135990
2026-09-29T15:13:39.415+08:00  INFO 16396 --- [seckill-system] [OrderListener-2] c.d.seckill.service.AsyncOrderConsumer   : order committed request=59b553df-5a85-3f03-8ed9-a37332723378 order=135991
2026-09-29T15:13:39.416+08:00  INFO 16396 --- [seckill-system] [OrderListener-1] c.d.seckill.service.AsyncOrderConsumer   : order committed request=d1e2d5a1-dfdb-3916-a76a-d02c9e99008b order=135992
2026-09-29T15:13:39.432+08:00  INFO 16396 --- [seckill-system] [OrderListener-1] c.d.seckill.service.AsyncOrderConsumer   : order committed request=cb12e86f-7fa6-3646-b6d3-8e649985f934 order=135993
2026-09-29T15:13:39.433+08:00  INFO 16396 --- [seckill-system] [OrderListener-2] c.d.seckill.service.AsyncOrderConsumer   : order committed request=f30d8a01-662b-3cee-804f-9fc14a3ee589 order=135994
2026-09-29T15:13:39.448+08:00  INFO 16396 --- [seckill-system] [OrderListener-1] c.d.seckill.service.AsyncOrderConsumer   : order committed request=0799088d-0e4d-3a9d-832a-4032dc17372f order=135995
2026-09-29T15:13:39.449+08:00  INFO 16396 --- [seckill-system] [OrderListener-2] c.d.seckill.service.AsyncOrderConsumer   : order committed request=978d9526-3f9d-3a1c-9882-305943f2cfaf order=135996
2026-09-29T15:13:39.464+08:00  INFO 16396 --- [seckill-system] [OrderListener-1] c.d.seckill.service.AsyncOrderConsumer   : order committed request=62ef2d7c-2859-393e-b01b-539479222c18 order=135997
2026-09-29T15:13:39.465+08:00  INFO 16396 --- [seckill-system] [OrderListener-2] c.d.seckill.service.AsyncOrderConsumer   : order committed request=a06ebf23-c1a6-34fc-8de4-00a709c78c64 order=135998
2026-09-29T15:13:39.479+08:00  INFO 16396 --- [seckill-system] [OrderListener-2] c.d.seckill.service.AsyncOrderConsumer   : order committed request=13f7a29e-bcd1-36b3-b15e-0f0d04ec2849 order=136000
2026-09-29T15:13:39.480+08:00  INFO 16396 --- [seckill-system] [OrderListener-1] c.d.seckill.service.AsyncOrderConsumer   : order committed request=63799f08-184c-3629-8254-6ce77cdd0f77 order=135999
2026-09-29T15:13:39.496+08:00  INFO 16396 --- [seckill-system] [OrderListener-2] c.d.seckill.service.AsyncOrderConsumer   : order committed request=1ffb8caa-88ed-3277-b54e-a1eed90bd774 order=136002
2026-09-29T15:13:39.496+08:00  INFO 16396 --- [seckill-system] [OrderListener-1] c.d.seckill.service.AsyncOrderConsumer   : order committed request=85ffb61a-4355-396e-bc0f-fda13ddb7a58 order=136001
2026-09-29T15:13:39.511+08:00  INFO 16396 --- [seckill-system] [OrderListener-2] c.d.seckill.service.AsyncOrderConsumer   : order committed request=f8d634a3-ae14-3984-812a-27c3613cdcd9 order=136003
2026-09-29T15:13:39.511+08:00  INFO 16396 --- [seckill-system] [OrderListener-1] c.d.seckill.service.AsyncOrderConsumer   : order committed request=5f98a8e0-2da1-3626-bbe8-5753ad345245 order=136004
2026-09-29T15:13:39.526+08:00  INFO 16396 --- [seckill-system] [OrderListener-1] c.d.seckill.service.AsyncOrderConsumer   : order committed request=589ec7a5-198a-395c-8a75-386948a5777d order=136006
2026-09-29T15:13:39.527+08:00  INFO 16396 --- [seckill-system] [OrderListener-2] c.d.seckill.service.AsyncOrderConsumer   : order committed request=513bbe02-89d9-3b5d-8628-bd51a31e128d order=136005
2026-09-29T15:13:39.541+08:00  INFO 16396 --- [seckill-system] [OrderListener-1] c.d.seckill.service.AsyncOrderConsumer   : order committed request=d93f9a4e-54c2-3d2e-a7d8-a02325a3e775 order=136007
2026-09-29T15:13:39.542+08:00  INFO 16396 --- [seckill-system] [OrderListener-2] c.d.seckill.service.AsyncOrderConsumer   : order committed request=feaccd02-166c-3ed5-8ee1-a195b4e4ce43 order=136008
2026-09-29T15:13:39.557+08:00  INFO 16396 --- [seckill-system] [OrderListener-1] c.d.seckill.service.AsyncOrderConsumer   : order committed request=00358f5c-fefc-352f-b6c1-3890dd3c88eb order=136010
2026-09-29T15:13:39.557+08:00  INFO 16396 --- [seckill-system] [OrderListener-2] c.d.seckill.service.AsyncOrderConsumer   : order committed request=5feb5dc0-2bec-3fbb-a047-bbec00f8faa7 order=136009
2026-09-29T15:13:39.574+08:00  INFO 16396 --- [seckill-system] [OrderListener-1] c.d.seckill.service.AsyncOrderConsumer   : order committed request=cb572434-1364-3084-a6be-21ed4d6ce242 order=136011
2026-09-29T15:13:39.574+08:00  INFO 16396 --- [seckill-system] [OrderListener-2] c.d.seckill.service.AsyncOrderConsumer   : order committed request=d372440a-40b4-3150-ba66-e5e726534efd order=136012
2026-09-29T15:13:39.590+08:00  INFO 16396 --- [seckill-system] [OrderListener-2] c.d.seckill.service.AsyncOrderConsumer   : order committed request=1305364d-e5bc-3ff2-b4fb-0f3b524c9e1e order=136014
2026-09-29T15:13:39.590+08:00  INFO 16396 --- [seckill-system] [OrderListener-1] c.d.seckill.service.AsyncOrderConsumer   : order committed request=894871d3-26c4-3eaa-a9c7-6a74258fc91b order=136013
2026-09-29T15:13:39.606+08:00  INFO 16396 --- [seckill-system] [OrderListener-1] c.d.seckill.service.AsyncOrderConsumer   : order committed request=0806bc37-e90f-32b2-9633-dbd78ffef5d0 order=136015
2026-09-29T15:13:39.606+08:00  INFO 16396 --- [seckill-system] [OrderListener-2] c.d.seckill.service.AsyncOrderConsumer   : order committed request=a895a1d7-535d-30f4-857e-f52ecd847a8a order=136016
2026-09-29T15:13:39.622+08:00  INFO 16396 --- [seckill-system] [OrderListener-2] c.d.seckill.service.AsyncOrderConsumer   : order committed request=3e62e0da-0f75-3179-87c1-c841b0f6dde7 order=136018
2026-09-29T15:13:39.622+08:00  INFO 16396 --- [seckill-system] [OrderListener-1] c.d.seckill.service.AsyncOrderConsumer   : order committed request=94a25442-a316-31aa-8ca1-704adaf5d94d order=136017
2026-09-29T15:13:39.642+08:00  INFO 16396 --- [seckill-system] [OrderListener-1] c.d.seckill.service.AsyncOrderConsumer   : order committed request=87389cf3-17ba-3c0b-9f98-aaf11eadb7b3 order=136019
2026-09-29T15:13:39.642+08:00  INFO 16396 --- [seckill-system] [OrderListener-2] c.d.seckill.service.AsyncOrderConsumer   : order committed request=bfd8a22c-d536-35d8-8827-a6c5eaa095b3 order=136020
2026-09-29T15:13:39.656+08:00  INFO 16396 --- [seckill-system] [OrderListener-1] c.d.seckill.service.AsyncOrderConsumer   : order committed request=6dc45992-8814-3014-aa5d-ac76d490838e order=136021
2026-09-29T15:13:39.657+08:00  INFO 16396 --- [seckill-system] [OrderListener-2] c.d.seckill.service.AsyncOrderConsumer   : order committed request=14a4700d-252e-3a01-a3ce-5f2e6d71f542 order=136022
2026-09-29T15:13:39.672+08:00  INFO 16396 --- [seckill-system] [OrderListener-2] c.d.seckill.service.AsyncOrderConsumer   : order committed request=2197e9ff-ffe1-3c2d-84aa-5dd998988883 order=136024
2026-09-29T15:13:39.672+08:00  INFO 16396 --- [seckill-system] [OrderListener-1] c.d.seckill.service.AsyncOrderConsumer   : order committed request=d0b0cb1f-878c-348c-ad30-fc4c3e48f7ca order=136023
2026-09-29T15:13:39.687+08:00  INFO 16396 --- [seckill-system] [OrderListener-2] c.d.seckill.service.AsyncOrderConsumer   : order committed request=3999e00b-8b6c-3288-907f-87b247847469 order=136026
2026-09-29T15:13:39.687+08:00  INFO 16396 --- [seckill-system] [OrderListener-1] c.d.seckill.service.AsyncOrderConsumer   : order committed request=c16f75a7-f325-3f8f-9eda-079bd6e4f21c order=136025
2026-09-29T15:13:39.708+08:00  INFO 16396 --- [seckill-system] [OrderListener-1] c.d.seckill.service.AsyncOrderConsumer   : order committed request=e5d63f4a-3ffe-360c-84c4-b89f8b5d728f order=136028
2026-09-29T15:13:39.709+08:00  INFO 16396 --- [seckill-system] [OrderListener-2] c.d.seckill.service.AsyncOrderConsumer   : order committed request=a785ab54-f0d5-387e-ab2e-15181a9365d5 order=136027
2026-09-29T15:13:39.724+08:00  INFO 16396 --- [seckill-system] [OrderListener-1] c.d.seckill.service.AsyncOrderConsumer   : order committed request=dd6affec-c3d4-36a3-a159-856171d71f3d order=136029
2026-09-29T15:13:39.724+08:00  INFO 16396 --- [seckill-system] [OrderListener-2] c.d.seckill.service.AsyncOrderConsumer   : order committed request=6c0ea56c-f4d7-3609-9e7f-ff4034e5f1c4 order=136030
2026-09-29T15:13:39.739+08:00  INFO 16396 --- [seckill-system] [OrderListener-1] c.d.seckill.service.AsyncOrderConsumer   : order committed request=5637f44f-a030-320e-b7fa-006db38d616f order=136032
2026-09-29T15:13:39.739+08:00  INFO 16396 --- [seckill-system] [OrderListener-2] c.d.seckill.service.AsyncOrderConsumer   : order committed request=c55abb4a-d458-3e19-886a-2b8b4313bbd0 order=136031
2026-09-29T15:13:39.757+08:00  INFO 16396 --- [seckill-system] [OrderListener-1] c.d.seckill.service.AsyncOrderConsumer   : order committed request=8bc02ae0-8903-3c64-a1c6-67a0137a1ea2 order=136033
2026-09-29T15:13:39.757+08:00  INFO 16396 --- [seckill-system] [OrderListener-2] c.d.seckill.service.AsyncOrderConsumer   : order committed request=4d778e4d-1bfb-3876-ab65-59afbd28d08d order=136034
2026-09-29T15:13:39.773+08:00  INFO 16396 --- [seckill-system] [OrderListener-2] c.d.seckill.service.AsyncOrderConsumer   : order committed request=6cab47e2-5685-3754-88c7-1beb9e4540f4 order=136036
2026-09-29T15:13:39.773+08:00  INFO 16396 --- [seckill-system] [OrderListener-1] c.d.seckill.service.AsyncOrderConsumer   : order committed request=de8ea004-6105-3791-94f9-2ddbde20963e order=136035
2026-09-29T15:13:39.787+08:00  INFO 16396 --- [seckill-system] [OrderListener-1] c.d.seckill.service.AsyncOrderConsumer   : order committed request=93ed2946-6426-33a2-a12b-5f0178afab58 order=136038
2026-09-29T15:13:39.787+08:00  INFO 16396 --- [seckill-system] [OrderListener-2] c.d.seckill.service.AsyncOrderConsumer   : order committed request=b3f1732c-ad2a-3ff0-bbc6-4aaf8ade4ff0 order=136037
2026-09-29T15:13:39.800+08:00  INFO 16396 --- [seckill-system] [OrderListener-1] c.d.seckill.service.AsyncOrderConsumer   : order committed request=0e286c9e-f577-3c6d-aeff-5356a56e8b36 order=136039
2026-09-29T15:13:39.801+08:00  INFO 16396 --- [seckill-system] [OrderListener-2] c.d.seckill.service.AsyncOrderConsumer   : order committed request=4461e842-6076-348d-87b6-9488a63a5167 order=136040
2026-09-29T15:13:39.817+08:00  INFO 16396 --- [seckill-system] [OrderListener-2] c.d.seckill.service.AsyncOrderConsumer   : order committed request=36a04ef1-634f-3c9e-bbaf-11a632996aab order=136042
2026-09-29T15:13:39.817+08:00  INFO 16396 --- [seckill-system] [OrderListener-1] c.d.seckill.service.AsyncOrderConsumer   : order committed request=aed8dd23-917d-3866-acb3-c20156650a69 order=136041
2026-09-29T15:13:39.833+08:00  INFO 16396 --- [seckill-system] [OrderListener-1] c.d.seckill.service.AsyncOrderConsumer   : order committed request=716040e2-6c56-3596-841f-b83867d3b278 order=136043
2026-09-29T15:13:39.834+08:00  INFO 16396 --- [seckill-system] [OrderListener-2] c.d.seckill.service.AsyncOrderConsumer   : order committed request=8dc551c1-2e5b-3e04-8035-888db21625df order=136044
2026-09-29T15:13:39.850+08:00  INFO 16396 --- [seckill-system] [OrderListener-2] c.d.seckill.service.AsyncOrderConsumer   : order committed request=27994305-3629-3b01-91ea-7760b4c8d39a order=136046
2026-09-29T15:13:39.850+08:00  INFO 16396 --- [seckill-system] [OrderListener-1] c.d.seckill.service.AsyncOrderConsumer   : order committed request=91125939-7bc1-32c9-bc6b-dcd4a4a84fda order=136045
2026-09-29T15:13:39.864+08:00  INFO 16396 --- [seckill-system] [OrderListener-1] c.d.seckill.service.AsyncOrderConsumer   : order committed request=f8f8c413-5f86-3206-93fc-e795324cd845 order=136047
2026-09-29T15:13:39.864+08:00  INFO 16396 --- [seckill-system] [OrderListener-2] c.d.seckill.service.AsyncOrderConsumer   : order committed request=7a09ac8c-fe38-3917-bbbf-0c086aaf0300 order=136048
2026-09-29T15:13:39.878+08:00  INFO 16396 --- [seckill-system] [OrderListener-1] c.d.seckill.service.AsyncOrderConsumer   : order committed request=5dbe9ef3-c73c-3886-96a9-b331e0f57e1c order=136049
2026-09-29T15:13:39.878+08:00  INFO 16396 --- [seckill-system] [OrderListener-2] c.d.seckill.service.AsyncOrderConsumer   : order committed request=78172157-2314-3310-897f-5d75ae7f6b24 order=136050
2026-09-29T15:13:39.893+08:00  INFO 16396 --- [seckill-system] [OrderListener-1] c.d.seckill.service.AsyncOrderConsumer   : order committed request=7cf8c49f-74e9-3f91-a12d-f83073268cd9 order=136051
2026-09-29T15:13:39.893+08:00  INFO 16396 --- [seckill-system] [OrderListener-2] c.d.seckill.service.AsyncOrderConsumer   : order committed request=7759a880-9fe9-3776-ba31-af5c0d500238 order=136052
2026-09-29T15:13:39.908+08:00  INFO 16396 --- [seckill-system] [OrderListener-1] c.d.seckill.service.AsyncOrderConsumer   : order committed request=f498bedf-6321-3f8a-b9cb-b4acd84f7715 order=136053
2026-09-29T15:13:39.908+08:00  INFO 16396 --- [seckill-system] [OrderListener-2] c.d.seckill.service.AsyncOrderConsumer   : order committed request=249a55c6-4f69-34c7-a7af-9f4e406416f9 order=136054
2026-09-29T15:13:39.921+08:00  INFO 16396 --- [seckill-system] [OrderListener-2] c.d.seckill.service.AsyncOrderConsumer   : order committed request=d29de79c-fcd9-3388-9854-f26337dc3d1b order=136055
2026-09-29T15:13:39.921+08:00  INFO 16396 --- [seckill-system] [OrderListener-1] c.d.seckill.service.AsyncOrderConsumer   : order committed request=29ee7114-b538-3f36-8423-8c90e8db6230 order=136056
2026-09-29T15:13:39.933+08:00  INFO 16396 --- [seckill-system] [OrderListener-1] c.d.seckill.service.AsyncOrderConsumer   : order committed request=672ea903-36ac-3257-9b7f-b5ab22682b26 order=136058
2026-09-29T15:13:39.933+08:00  INFO 16396 --- [seckill-system] [OrderListener-2] c.d.seckill.service.AsyncOrderConsumer   : order committed request=98026dde-7f8d-3a2a-b2cc-9a8f74c08bb1 order=136057
2026-09-29T15:13:39.946+08:00  INFO 16396 --- [seckill-system] [OrderListener-2] c.d.seckill.service.AsyncOrderConsumer   : order committed request=3c93206a-5e72-39b8-bfac-01458a271a6a order=136059
2026-09-29T15:13:39.946+08:00  INFO 16396 --- [seckill-system] [OrderListener-1] c.d.seckill.service.AsyncOrderConsumer   : order committed request=af6368a5-aeb9-393d-bac1-a82e4d5a4441 order=136060
2026-09-29T15:13:39.958+08:00  INFO 16396 --- [seckill-system] [OrderListener-1] c.d.seckill.service.AsyncOrderConsumer   : order committed request=afea6449-664e-3dad-a548-a4f7b2a2cf67 order=136061
2026-09-29T15:13:39.958+08:00  INFO 16396 --- [seckill-system] [OrderListener-2] c.d.seckill.service.AsyncOrderConsumer   : order committed request=62e49720-c8e1-342e-838c-8b5fdf86faa5 order=136062
2026-09-29T15:13:39.969+08:00  INFO 16396 --- [seckill-system] [OrderListener-2] c.d.seckill.service.AsyncOrderConsumer   : order committed request=bf56d460-6b55-3913-bada-115e34777e66 order=136064
2026-09-29T15:13:39.969+08:00  INFO 16396 --- [seckill-system] [OrderListener-1] c.d.seckill.service.AsyncOrderConsumer   : order committed request=cf5d17c5-7198-3c26-9187-bae43b37b2ea order=136063
2026-09-29T15:13:39.983+08:00  INFO 16396 --- [seckill-system] [OrderListener-2] c.d.seckill.service.AsyncOrderConsumer   : order committed request=af11ea70-520a-31fe-8ee6-a46e0210ebd6 order=136066
2026-09-29T15:13:39.982+08:00  INFO 16396 --- [seckill-system] [OrderListener-1] c.d.seckill.service.AsyncOrderConsumer   : order committed request=827f8f6c-57e4-3761-8331-78620148a4f6 order=136065
2026-09-29T15:13:39.997+08:00  INFO 16396 --- [seckill-system] [OrderListener-2] c.d.seckill.service.AsyncOrderConsumer   : order committed request=8952c583-7d73-344f-9201-e177f531ce94 order=136068
2026-09-29T15:13:39.997+08:00  INFO 16396 --- [seckill-system] [OrderListener-1] c.d.seckill.service.AsyncOrderConsumer   : order committed request=11fbf8b2-eeaa-3233-be60-43d0e62e4856 order=136067
2026-09-29T15:13:40.012+08:00  INFO 16396 --- [seckill-system] [OrderListener-2] c.d.seckill.service.AsyncOrderConsumer   : order committed request=ac1f1cff-06ff-3328-8a5d-ef1eba711c07 order=136070
2026-09-29T15:13:40.012+08:00  INFO 16396 --- [seckill-system] [OrderListener-1] c.d.seckill.service.AsyncOrderConsumer   : order committed request=7644d4d6-a237-3e86-81a1-634172a851ef order=136069
2026-09-29T15:13:40.025+08:00  INFO 16396 --- [seckill-system] [OrderListener-1] c.d.seckill.service.AsyncOrderConsumer   : order committed request=09d5e196-3f89-3fa0-aee1-af00d27ee61b order=136072
2026-09-29T15:13:40.025+08:00  INFO 16396 --- [seckill-system] [OrderListener-2] c.d.seckill.service.AsyncOrderConsumer   : order committed request=a4e5767f-0e89-323c-b0c5-105f87d5c8bc order=136071
2026-09-29T15:13:40.041+08:00  INFO 16396 --- [seckill-system] [OrderListener-1] c.d.seckill.service.AsyncOrderConsumer   : order committed request=6d2bb86d-42ac-37bd-b598-194b14751a5b order=136074
2026-09-29T15:13:40.041+08:00  INFO 16396 --- [seckill-system] [OrderListener-2] c.d.seckill.service.AsyncOrderConsumer   : order committed request=2aa1e383-fdf5-3ca8-8429-137b197a0539 order=136073
2026-09-29T15:13:40.054+08:00  INFO 16396 --- [seckill-system] [OrderListener-2] c.d.seckill.service.AsyncOrderConsumer   : order committed request=fef0e301-8716-33ac-8376-07e08f096c4d order=136076
2026-09-29T15:13:40.054+08:00  INFO 16396 --- [seckill-system] [OrderListener-1] c.d.seckill.service.AsyncOrderConsumer   : order committed request=7a7245ae-e713-3049-a27f-070d4a73ab9f order=136075
2026-09-29T15:13:40.068+08:00  INFO 16396 --- [seckill-system] [OrderListener-1] c.d.seckill.service.AsyncOrderConsumer   : order committed request=0bb246a3-ee7d-3c2a-9d23-0924f53d13d1 order=136077
2026-09-29T15:13:40.069+08:00  INFO 16396 --- [seckill-system] [OrderListener-2] c.d.seckill.service.AsyncOrderConsumer   : order committed request=bbc56255-1b84-37ae-902e-3e7db47c8852 order=136078
2026-09-29T15:13:40.083+08:00  INFO 16396 --- [seckill-system] [OrderListener-2] c.d.seckill.service.AsyncOrderConsumer   : order committed request=4183e8d8-2563-3ae9-91c2-bd0cdf50cadc order=136080
2026-09-29T15:13:40.083+08:00  INFO 16396 --- [seckill-system] [OrderListener-1] c.d.seckill.service.AsyncOrderConsumer   : order committed request=5abac284-7357-3b8f-8698-2dfb9a66b0ad order=136079
2026-09-29T15:13:40.096+08:00  INFO 16396 --- [seckill-system] [OrderListener-2] c.d.seckill.service.AsyncOrderConsumer   : order committed request=99734d8c-9d9a-346b-8709-b942837d2c9d order=136082
2026-09-29T15:13:40.097+08:00  INFO 16396 --- [seckill-system] [OrderListener-1] c.d.seckill.service.AsyncOrderConsumer   : order committed request=70bc67e6-d314-3878-87f8-3be23c12db7e order=136081
2026-09-29T15:13:40.113+08:00  INFO 16396 --- [seckill-system] [OrderListener-1] c.d.seckill.service.AsyncOrderConsumer   : order committed request=43ae6a65-f230-3663-b79d-7b4b87c40a57 order=136083
2026-09-29T15:13:40.113+08:00  INFO 16396 --- [seckill-system] [OrderListener-2] c.d.seckill.service.AsyncOrderConsumer   : order committed request=f5a4a9b1-8543-3029-a834-cba0cf22ffa3 order=136084
2026-09-29T15:13:40.127+08:00  INFO 16396 --- [seckill-system] [OrderListener-2] c.d.seckill.service.AsyncOrderConsumer   : order committed request=f1dfbe0f-f430-3d6a-9bdd-b2d6686e7637 order=136086
2026-09-29T15:13:40.128+08:00  INFO 16396 --- [seckill-system] [OrderListener-1] c.d.seckill.service.AsyncOrderConsumer   : order committed request=b749fea2-d749-34c4-b95f-acb456aff6fd order=136085
2026-09-29T15:13:40.141+08:00  INFO 16396 --- [seckill-system] [OrderListener-1] c.d.seckill.service.AsyncOrderConsumer   : order committed request=3f7562ea-3a8e-382b-9897-37af10fad56f order=136087
2026-09-29T15:13:40.142+08:00  INFO 16396 --- [seckill-system] [OrderListener-2] c.d.seckill.service.AsyncOrderConsumer   : order committed request=bb799073-094d-32a8-ad91-4d76445ed1c0 order=136088
2026-09-29T15:13:40.154+08:00  INFO 16396 --- [seckill-system] [OrderListener-1] c.d.seckill.service.AsyncOrderConsumer   : order committed request=b178c120-5d1a-3250-90ee-1b0f0b64f1c3 order=136089
2026-09-29T15:13:40.156+08:00  INFO 16396 --- [seckill-system] [OrderListener-2] c.d.seckill.service.AsyncOrderConsumer   : order committed request=9846d514-6166-3980-9bec-6a166979c32e order=136090
2026-09-29T15:13:40.167+08:00  INFO 16396 --- [seckill-system] [OrderListener-1] c.d.seckill.service.AsyncOrderConsumer   : order committed request=b29be864-d77d-356f-9dda-2297e514ea40 order=136091
2026-09-29T15:13:40.168+08:00  INFO 16396 --- [seckill-system] [OrderListener-2] c.d.seckill.service.AsyncOrderConsumer   : order committed request=57d0c2a7-b755-391f-8882-9ab23fb94c91 order=136092
2026-09-29T15:13:40.180+08:00  INFO 16396 --- [seckill-system] [OrderListener-1] c.d.seckill.service.AsyncOrderConsumer   : order committed request=09985ab0-869c-392a-a447-4ac97d07a3f0 order=136093
2026-09-29T15:13:40.181+08:00  INFO 16396 --- [seckill-system] [OrderListener-2] c.d.seckill.service.AsyncOrderConsumer   : order committed request=f31b5f72-75e1-3858-a9b7-04bb9cb09d68 order=136094
2026-09-29T15:13:40.193+08:00  INFO 16396 --- [seckill-system] [OrderListener-1] c.d.seckill.service.AsyncOrderConsumer   : order committed request=df378ff9-e035-3fc5-aa7a-cffd084c30d8 order=136095
2026-09-29T15:13:40.193+08:00  INFO 16396 --- [seckill-system] [OrderListener-2] c.d.seckill.service.AsyncOrderConsumer   : order committed request=59dc6988-8caf-3326-b249-12a22458e48f order=136096
2026-09-29T15:13:40.205+08:00  INFO 16396 --- [seckill-system] [OrderListener-2] c.d.seckill.service.AsyncOrderConsumer   : order committed request=0e292b23-02b3-37e2-a4fb-9194b1326b50 order=136098
2026-09-29T15:13:40.206+08:00  INFO 16396 --- [seckill-system] [OrderListener-1] c.d.seckill.service.AsyncOrderConsumer   : order committed request=87b270e0-b732-348d-920d-1eb88b882264 order=136097
2026-09-29T15:13:40.218+08:00  INFO 16396 --- [seckill-system] [OrderListener-1] c.d.seckill.service.AsyncOrderConsumer   : order committed request=e16a12cd-c8d5-30ac-bf6b-272ebaeb089e order=136099
2026-09-29T15:13:40.219+08:00  INFO 16396 --- [seckill-system] [OrderListener-2] c.d.seckill.service.AsyncOrderConsumer   : order committed request=a1c91af8-cbae-3d80-9db3-7cd583d63b09 order=136100
2026-09-29T15:13:40.231+08:00  INFO 16396 --- [seckill-system] [OrderListener-1] c.d.seckill.service.AsyncOrderConsumer   : order committed request=d8a1e66d-8149-31fd-89c3-0f06dc1e9539 order=136101
2026-09-29T15:13:40.231+08:00  INFO 16396 --- [seckill-system] [OrderListener-2] c.d.seckill.service.AsyncOrderConsumer   : order committed request=731c08ae-ffbe-3eb6-9933-e99330c731a6 order=136102
2026-09-29T15:13:40.243+08:00  INFO 16396 --- [seckill-system] [OrderListener-2] c.d.seckill.service.AsyncOrderConsumer   : order committed request=d4705fb8-97a4-33b9-8c2f-4cf1e3a61641 order=136104
2026-09-29T15:13:40.243+08:00  INFO 16396 --- [seckill-system] [OrderListener-1] c.d.seckill.service.AsyncOrderConsumer   : order committed request=20de1364-3d77-3fb0-8454-be379e24376e order=136103
2026-09-29T15:13:40.256+08:00  INFO 16396 --- [seckill-system] [OrderListener-1] c.d.seckill.service.AsyncOrderConsumer   : order committed request=6a65da58-fe64-30f5-8054-fd33b7eb3ae9 order=136105
2026-09-29T15:13:40.256+08:00  INFO 16396 --- [seckill-system] [OrderListener-2] c.d.seckill.service.AsyncOrderConsumer   : order committed request=4fdec3e3-b09e-32ef-9cc6-26e2489fe560 order=136106
2026-09-29T15:13:40.269+08:00  INFO 16396 --- [seckill-system] [OrderListener-2] c.d.seckill.service.AsyncOrderConsumer   : order committed request=46742eff-8593-378c-a9bb-6690fb8cb6de order=136108
2026-09-29T15:13:40.269+08:00  INFO 16396 --- [seckill-system] [OrderListener-1] c.d.seckill.service.AsyncOrderConsumer   : order committed request=7e10d726-46f6-3540-9bfc-8785b3059c60 order=136107
2026-09-29T15:13:40.282+08:00  INFO 16396 --- [seckill-system] [OrderListener-1] c.d.seckill.service.AsyncOrderConsumer   : order committed request=4d015615-d53e-356a-a2ce-6f6ae81d11ec order=136110
2026-09-29T15:13:40.282+08:00  INFO 16396 --- [seckill-system] [OrderListener-2] c.d.seckill.service.AsyncOrderConsumer   : order committed request=b1b08e9b-d69d-3ad0-ab35-16e7a33316b4 order=136109
2026-09-29T15:13:40.294+08:00  INFO 16396 --- [seckill-system] [OrderListener-1] c.d.seckill.service.AsyncOrderConsumer   : order committed request=794834b5-84c6-3bd9-93b3-d5cc08185400 order=136112
2026-09-29T15:13:40.295+08:00  INFO 16396 --- [seckill-system] [OrderListener-2] c.d.seckill.service.AsyncOrderConsumer   : order committed request=b5d0bd39-55c7-3144-99e9-78436cde4a30 order=136111
2026-09-29T15:13:40.308+08:00  INFO 16396 --- [seckill-system] [OrderListener-2] c.d.seckill.service.AsyncOrderConsumer   : order committed request=51afc4df-a3b5-3cb1-8755-3edffb6479f8 order=136114
2026-09-29T15:13:40.308+08:00  INFO 16396 --- [seckill-system] [OrderListener-1] c.d.seckill.service.AsyncOrderConsumer   : order committed request=18746ddb-09ed-39a6-b9f1-23dd57a77124 order=136113
2026-09-29T15:13:40.323+08:00  INFO 16396 --- [seckill-system] [OrderListener-2] c.d.seckill.service.AsyncOrderConsumer   : order committed request=6b1f71c2-6ce9-352d-be84-62ee3bf16b55 order=136116
2026-09-29T15:13:40.323+08:00  INFO 16396 --- [seckill-system] [OrderListener-1] c.d.seckill.service.AsyncOrderConsumer   : order committed request=1a31af81-903d-34a1-96dc-7500dc078de5 order=136115
2026-09-29T15:13:40.337+08:00  INFO 16396 --- [seckill-system] [OrderListener-2] c.d.seckill.service.AsyncOrderConsumer   : order committed request=2db593b7-c776-343f-80dd-4775a55d030d order=136117
2026-09-29T15:13:40.337+08:00  INFO 16396 --- [seckill-system] [OrderListener-1] c.d.seckill.service.AsyncOrderConsumer   : order committed request=1968ae20-7ab2-3d60-8155-2a7d466b3999 order=136118
2026-09-29T15:13:40.351+08:00  INFO 16396 --- [seckill-system] [OrderListener-1] c.d.seckill.service.AsyncOrderConsumer   : order committed request=36b51099-c6be-39ea-a7c2-fd965f9fab22 order=136120
2026-09-29T15:13:40.351+08:00  INFO 16396 --- [seckill-system] [OrderListener-2] c.d.seckill.service.AsyncOrderConsumer   : order committed request=983f945e-efe6-3e47-8777-d6ffaa3fe60c order=136119
2026-09-29T15:13:40.365+08:00  INFO 16396 --- [seckill-system] [OrderListener-2] c.d.seckill.service.AsyncOrderConsumer   : order committed request=e0448596-5b33-3207-92d7-49d7165aa54d order=136121
2026-09-29T15:13:40.365+08:00  INFO 16396 --- [seckill-system] [OrderListener-1] c.d.seckill.service.AsyncOrderConsumer   : order committed request=4375f85a-07ff-3040-a4a0-924359b14037 order=136122
2026-09-29T15:13:40.379+08:00  INFO 16396 --- [seckill-system] [OrderListener-1] c.d.seckill.service.AsyncOrderConsumer   : order committed request=ad31b018-04c1-3ab1-ba30-c8939239084e order=136124
2026-09-29T15:13:40.379+08:00  INFO 16396 --- [seckill-system] [OrderListener-2] c.d.seckill.service.AsyncOrderConsumer   : order committed request=ae72d0c6-2bdf-3ac8-af1a-5c23f3ed7dff order=136123
2026-09-29T15:13:40.392+08:00  INFO 16396 --- [seckill-system] [OrderListener-2] c.d.seckill.service.AsyncOrderConsumer   : order committed request=01b3665b-2016-34a2-8d05-edcdbe70ddf6 order=136125
2026-09-29T15:13:40.392+08:00  INFO 16396 --- [seckill-system] [OrderListener-1] c.d.seckill.service.AsyncOrderConsumer   : order committed request=fde3e431-d4c1-307b-9186-81aad567f499 order=136126
2026-09-29T15:13:40.406+08:00  INFO 16396 --- [seckill-system] [OrderListener-2] c.d.seckill.service.AsyncOrderConsumer   : order committed request=9585afb4-1d49-35c7-98a4-4cf5ee748d4c order=136128
2026-09-29T15:13:40.407+08:00  INFO 16396 --- [seckill-system] [OrderListener-1] c.d.seckill.service.AsyncOrderConsumer   : order committed request=4f33fd5c-7045-3415-9fec-360fc8e2e446 order=136127
2026-09-29T15:13:40.419+08:00  INFO 16396 --- [seckill-system] [OrderListener-2] c.d.seckill.service.AsyncOrderConsumer   : order committed request=a0edb054-2a9e-35bb-841c-a96cf4f61f78 order=136130
2026-09-29T15:13:40.418+08:00  INFO 16396 --- [seckill-system] [OrderListener-1] c.d.seckill.service.AsyncOrderConsumer   : order committed request=7005d084-d94a-39f6-b39a-4089da81cfe6 order=136129
2026-09-29T15:13:40.431+08:00  INFO 16396 --- [seckill-system] [OrderListener-1] c.d.seckill.service.AsyncOrderConsumer   : order committed request=3df06049-1eeb-3136-8b03-de9c98e2c80e order=136131
2026-09-29T15:13:40.431+08:00  INFO 16396 --- [seckill-system] [OrderListener-2] c.d.seckill.service.AsyncOrderConsumer   : order committed request=f8e37da0-6557-3709-a3a8-2cb9ee8ebcec order=136132
2026-09-29T15:13:40.444+08:00  INFO 16396 --- [seckill-system] [OrderListener-2] c.d.seckill.service.AsyncOrderConsumer   : order committed request=e026331f-f7c9-396b-a218-711f978c2cb9 order=136133
2026-09-29T15:13:40.444+08:00  INFO 16396 --- [seckill-system] [OrderListener-1] c.d.seckill.service.AsyncOrderConsumer   : order committed request=f35f5eba-6fd9-3be5-98ea-109bfc4b4e1f order=136134
2026-09-29T15:13:40.457+08:00  INFO 16396 --- [seckill-system] [OrderListener-1] c.d.seckill.service.AsyncOrderConsumer   : order committed request=54f4a2f3-84f5-3d6f-8c7c-4045d437cd9a order=136136
2026-09-29T15:13:40.457+08:00  INFO 16396 --- [seckill-system] [OrderListener-2] c.d.seckill.service.AsyncOrderConsumer   : order committed request=6dae67a4-675b-3ce2-ab0c-a5ecbe21a751 order=136135
2026-09-29T15:13:40.470+08:00  INFO 16396 --- [seckill-system] [OrderListener-1] c.d.seckill.service.AsyncOrderConsumer   : order committed request=ca68d161-8952-3359-9bc2-fc411d863b2c order=136137
2026-09-29T15:13:40.470+08:00  INFO 16396 --- [seckill-system] [OrderListener-2] c.d.seckill.service.AsyncOrderConsumer   : order committed request=32057ca6-e110-3de4-8856-bc21747f7ce1 order=136138
2026-09-29T15:13:40.483+08:00  INFO 16396 --- [seckill-system] [OrderListener-2] c.d.seckill.service.AsyncOrderConsumer   : order committed request=0959d80e-c1a6-34f4-a6c3-a84e58252f4b order=136139
2026-09-29T15:13:40.484+08:00  INFO 16396 --- [seckill-system] [OrderListener-1] c.d.seckill.service.AsyncOrderConsumer   : order committed request=85d4baff-d04b-347e-aeef-3b39cc5cd165 order=136140
2026-09-29T15:13:40.495+08:00  INFO 16396 --- [seckill-system] [OrderListener-1] c.d.seckill.service.AsyncOrderConsumer   : order committed request=9f407a32-7062-3ee6-a1f7-f581c1b6ef7e order=136141
2026-09-29T15:13:40.496+08:00  INFO 16396 --- [seckill-system] [OrderListener-2] c.d.seckill.service.AsyncOrderConsumer   : order committed request=fbc36bf6-ae70-3b64-a808-7c9a2eba85c5 order=136142
2026-09-29T15:13:40.507+08:00  INFO 16396 --- [seckill-system] [OrderListener-1] c.d.seckill.service.AsyncOrderConsumer   : order committed request=3570ce03-fcae-3ecc-a92c-c9b06406ac55 order=136143
2026-09-29T15:13:40.507+08:00  INFO 16396 --- [seckill-system] [OrderListener-2] c.d.seckill.service.AsyncOrderConsumer   : order committed request=6ad1f76d-d0a3-371d-a69b-7b8e9121a978 order=136144
2026-09-29T15:13:40.519+08:00  INFO 16396 --- [seckill-system] [OrderListener-2] c.d.seckill.service.AsyncOrderConsumer   : order committed request=0ff1fc28-405d-38bd-ac30-1c4a7beb3411 order=136146
2026-09-29T15:13:40.520+08:00  INFO 16396 --- [seckill-system] [OrderListener-1] c.d.seckill.service.AsyncOrderConsumer   : order committed request=d4650ee2-e51e-331f-8a41-b33e6ed6b136 order=136145
2026-09-29T15:13:40.532+08:00  INFO 16396 --- [seckill-system] [OrderListener-2] c.d.seckill.service.AsyncOrderConsumer   : order committed request=abc94e0b-302a-3e03-b7c0-0ad27c92889c order=136147
2026-09-29T15:14:00.733+08:00  INFO 16396 --- [seckill-system] [io-18090-exec-3] c.d.s.service.ProtectedSeckillService    : submission queued request=e76f4403-83d3-3611-b9b7-06ba4181163a
2026-09-29T15:14:00.733+08:00  INFO 16396 --- [seckill-system] [io-18090-exec-8] c.d.s.service.ProtectedSeckillService    : submission queued request=31af33a7-97f3-3098-9286-2ab12e0d52b6
2026-09-29T15:14:00.733+08:00  INFO 16396 --- [seckill-system] [io-18090-exec-9] c.d.s.service.ProtectedSeckillService    : submission queued request=e3a7ea57-ad24-3eb0-9ccd-9ead62f4dcca
2026-09-29T15:14:00.752+08:00  INFO 16396 --- [seckill-system] [OrderListener-2] c.d.seckill.service.AsyncOrderConsumer   : order committed request=e76f4403-83d3-3611-b9b7-06ba4181163a order=136148
2026-09-29T15:14:00.754+08:00  INFO 16396 --- [seckill-system] [OrderListener-1] c.d.seckill.service.AsyncOrderConsumer   : order committed request=31af33a7-97f3-3098-9286-2ab12e0d52b6 order=136149
2026-09-29T15:14:00.771+08:00  INFO 16396 --- [seckill-system] [OrderListener-2] c.d.seckill.service.AsyncOrderConsumer   : order committed request=e3a7ea57-ad24-3eb0-9ccd-9ead62f4dcca order=136150
2026-09-29T15:14:00.820+08:00  INFO 16396 --- [seckill-system] [io-18090-exec-5] c.d.s.service.ProtectedSeckillService    : submission queued request=07b5b397-8fec-344f-8e72-66853cd3986b
2026-09-29T15:14:00.841+08:00  INFO 16396 --- [seckill-system] [OrderListener-1] c.d.seckill.service.AsyncOrderConsumer   : order committed request=07b5b397-8fec-344f-8e72-66853cd3986b order=136151
2026-09-29T15:14:00.886+08:00  INFO 16396 --- [seckill-system] [io-18090-exec-2] c.d.s.service.ProtectedSeckillService    : submission queued request=750b060c-fcb7-39a6-877d-c2ff27998b6f
2026-09-29T15:14:00.887+08:00  INFO 16396 --- [seckill-system] [io-18090-exec-1] c.d.s.service.ProtectedSeckillService    : submission queued request=1d12ed5e-2a10-3a11-80b9-125a94eff403
2026-09-29T15:14:00.887+08:00  INFO 16396 --- [seckill-system] [o-18090-exec-10] c.d.s.service.ProtectedSeckillService    : submission queued request=537c188f-e0a0-3c35-8613-d5f91dc8f570
2026-09-29T15:14:00.907+08:00  INFO 16396 --- [seckill-system] [OrderListener-2] c.d.seckill.service.AsyncOrderConsumer   : order committed request=537c188f-e0a0-3c35-8613-d5f91dc8f570 order=136153
2026-09-29T15:14:00.907+08:00  INFO 16396 --- [seckill-system] [OrderListener-1] c.d.seckill.service.AsyncOrderConsumer   : order committed request=750b060c-fcb7-39a6-877d-c2ff27998b6f order=136152
2026-09-29T15:14:00.926+08:00  INFO 16396 --- [seckill-system] [OrderListener-2] c.d.seckill.service.AsyncOrderConsumer   : order committed request=1d12ed5e-2a10-3a11-80b9-125a94eff403 order=136154
2026-09-29T15:14:00.956+08:00  INFO 16396 --- [seckill-system] [io-18090-exec-6] c.d.s.service.ProtectedSeckillService    : submission queued request=895e76f3-a695-3999-ad43-09d821aaf53a
2026-09-29T15:14:00.956+08:00  INFO 16396 --- [seckill-system] [io-18090-exec-4] c.d.s.service.ProtectedSeckillService    : submission queued request=1353b081-6bdc-31af-9c6d-96112b3b29a7
2026-09-29T15:14:00.971+08:00  INFO 16396 --- [seckill-system] [OrderListener-1] c.d.seckill.service.AsyncOrderConsumer   : order committed request=1353b081-6bdc-31af-9c6d-96112b3b29a7 order=136155
2026-09-29T15:14:00.971+08:00  INFO 16396 --- [seckill-system] [OrderListener-2] c.d.seckill.service.AsyncOrderConsumer   : order committed request=895e76f3-a695-3999-ad43-09d821aaf53a order=136156
2026-09-29T15:14:01.018+08:00  INFO 16396 --- [seckill-system] [io-18090-exec-3] c.d.s.service.ProtectedSeckillService    : submission queued request=a09f2ac7-791c-364f-bf84-873a8f7d8f2b
2026-09-29T15:14:01.019+08:00  INFO 16396 --- [seckill-system] [io-18090-exec-8] c.d.s.service.ProtectedSeckillService    : submission queued request=dc56f8cc-06eb-3b66-ba5f-c8d695e8aa95
2026-09-29T15:14:01.019+08:00  INFO 16396 --- [seckill-system] [io-18090-exec-7] c.d.s.service.ProtectedSeckillService    : submission queued request=5e759237-31e3-3aac-b2d0-cab176969def
2026-09-29T15:14:01.019+08:00  INFO 16396 --- [seckill-system] [io-18090-exec-9] c.d.s.service.ProtectedSeckillService    : submission queued request=ade473b6-3d7e-39a2-82e5-cbbf014ce9f9
2026-09-29T15:14:01.033+08:00  INFO 16396 --- [seckill-system] [OrderListener-2] c.d.seckill.service.AsyncOrderConsumer   : order committed request=dc56f8cc-06eb-3b66-ba5f-c8d695e8aa95 order=136157
2026-09-29T15:14:01.033+08:00  INFO 16396 --- [seckill-system] [OrderListener-1] c.d.seckill.service.AsyncOrderConsumer   : order committed request=a09f2ac7-791c-364f-bf84-873a8f7d8f2b order=136158
2026-09-29T15:14:01.051+08:00  INFO 16396 --- [seckill-system] [OrderListener-2] c.d.seckill.service.AsyncOrderConsumer   : order committed request=ade473b6-3d7e-39a2-82e5-cbbf014ce9f9 order=136159
2026-09-29T15:14:01.055+08:00  INFO 16396 --- [seckill-system] [OrderListener-1] c.d.seckill.service.AsyncOrderConsumer   : order committed request=5e759237-31e3-3aac-b2d0-cab176969def order=136160
2026-09-29T15:14:01.080+08:00  INFO 16396 --- [seckill-system] [o-18090-exec-10] c.d.s.service.ProtectedSeckillService    : submission queued request=8315ee83-772b-3dca-a31e-35415f5ad91d
2026-09-29T15:14:01.080+08:00  INFO 16396 --- [seckill-system] [io-18090-exec-5] c.d.s.service.ProtectedSeckillService    : submission queued request=da9bb1fc-72d3-39e3-a6af-717dfa01d55b
2026-09-29T15:14:01.095+08:00  INFO 16396 --- [seckill-system] [OrderListener-1] c.d.seckill.service.AsyncOrderConsumer   : order committed request=da9bb1fc-72d3-39e3-a6af-717dfa01d55b order=136161
2026-09-29T15:14:01.097+08:00  INFO 16396 --- [seckill-system] [OrderListener-2] c.d.seckill.service.AsyncOrderConsumer   : order committed request=8315ee83-772b-3dca-a31e-35415f5ad91d order=136162
2026-09-29T15:14:01.143+08:00  INFO 16396 --- [seckill-system] [io-18090-exec-9] c.d.s.service.ProtectedSeckillService    : submission queued request=4fa8ec08-3f26-3290-acec-0e09088a2ba6
2026-09-29T15:14:01.144+08:00  INFO 16396 --- [seckill-system] [io-18090-exec-2] c.d.s.service.ProtectedSeckillService    : submission queued request=c3433ba5-2a88-3728-b0c2-99ff4a15d3e2
2026-09-29T15:14:01.144+08:00  INFO 16396 --- [seckill-system] [io-18090-exec-1] c.d.s.service.ProtectedSeckillService    : submission queued request=3901b036-eadc-3b6d-a05d-130abeb72ef2
2026-09-29T15:14:01.147+08:00  INFO 16396 --- [seckill-system] [io-18090-exec-4] c.d.s.service.ProtectedSeckillService    : submission queued request=b8078add-84b2-3161-a474-8ed5038ba861
2026-09-29T15:14:01.148+08:00  INFO 16396 --- [seckill-system] [io-18090-exec-6] c.d.s.service.ProtectedSeckillService    : submission queued request=3913e3b4-f7a4-3e6b-a37d-dcf6f16a0da4
2026-09-29T15:14:01.160+08:00  INFO 16396 --- [seckill-system] [OrderListener-1] c.d.seckill.service.AsyncOrderConsumer   : order committed request=c3433ba5-2a88-3728-b0c2-99ff4a15d3e2 order=136163
2026-09-29T15:14:01.160+08:00  INFO 16396 --- [seckill-system] [OrderListener-2] c.d.seckill.service.AsyncOrderConsumer   : order committed request=4fa8ec08-3f26-3290-acec-0e09088a2ba6 order=136164
2026-09-29T15:14:01.175+08:00  INFO 16396 --- [seckill-system] [OrderListener-2] c.d.seckill.service.AsyncOrderConsumer   : order committed request=b8078add-84b2-3161-a474-8ed5038ba861 order=136165
2026-09-29T15:14:01.175+08:00  INFO 16396 --- [seckill-system] [OrderListener-1] c.d.seckill.service.AsyncOrderConsumer   : order committed request=3901b036-eadc-3b6d-a05d-130abeb72ef2 order=136166
2026-09-29T15:14:01.191+08:00  INFO 16396 --- [seckill-system] [OrderListener-1] c.d.seckill.service.AsyncOrderConsumer   : order committed request=3913e3b4-f7a4-3e6b-a37d-dcf6f16a0da4 order=136167
2026-09-29T15:14:01.209+08:00  INFO 16396 --- [seckill-system] [io-18090-exec-3] c.d.s.service.ProtectedSeckillService    : submission queued request=28bd6ed8-921a-366b-af5f-acc88c470c8f
2026-09-29T15:14:01.209+08:00  INFO 16396 --- [seckill-system] [io-18090-exec-7] c.d.s.service.ProtectedSeckillService    : submission queued request=76aa1e86-d357-36f3-bfee-a23a0c3009b7
2026-09-29T15:14:01.221+08:00  INFO 16396 --- [seckill-system] [io-18090-exec-8] c.d.s.service.ProtectedSeckillService    : submission queued request=c83b4d33-51c2-3667-b881-9508a54bebe2
2026-09-29T15:14:01.224+08:00  INFO 16396 --- [seckill-system] [OrderListener-1] c.d.seckill.service.AsyncOrderConsumer   : order committed request=76aa1e86-d357-36f3-bfee-a23a0c3009b7 order=136169
2026-09-29T15:14:01.225+08:00  INFO 16396 --- [seckill-system] [OrderListener-2] c.d.seckill.service.AsyncOrderConsumer   : order committed request=28bd6ed8-921a-366b-af5f-acc88c470c8f order=136168
2026-09-29T15:14:01.239+08:00  INFO 16396 --- [seckill-system] [OrderListener-2] c.d.seckill.service.AsyncOrderConsumer   : order committed request=c83b4d33-51c2-3667-b881-9508a54bebe2 order=136170
2026-09-29T15:14:01.271+08:00  INFO 16396 --- [seckill-system] [io-18090-exec-2] c.d.s.service.ProtectedSeckillService    : submission queued request=d708a162-7ef0-3573-bd36-1e3d8f3faffc
2026-09-29T15:14:01.271+08:00  INFO 16396 --- [seckill-system] [io-18090-exec-9] c.d.s.service.ProtectedSeckillService    : submission queued request=9bb9fbb1-80ce-3208-b081-f61f8f1685f2
2026-09-29T15:14:01.272+08:00  INFO 16396 --- [seckill-system] [io-18090-exec-5] c.d.s.service.ProtectedSeckillService    : submission queued request=adbe707b-410a-3047-a38c-653c9f53ec3b
2026-09-29T15:14:01.272+08:00  INFO 16396 --- [seckill-system] [io-18090-exec-1] c.d.s.service.ProtectedSeckillService    : submission queued request=1fff4b8b-b254-3185-8981-86a27451ac03
2026-09-29T15:14:01.272+08:00  INFO 16396 --- [seckill-system] [o-18090-exec-10] c.d.s.service.ProtectedSeckillService    : submission queued request=56b5bce6-2def-36f1-907e-3f042515198b
2026-09-29T15:14:01.286+08:00  INFO 16396 --- [seckill-system] [OrderListener-2] c.d.seckill.service.AsyncOrderConsumer   : order committed request=1fff4b8b-b254-3185-8981-86a27451ac03 order=136171
2026-09-29T15:14:01.287+08:00  INFO 16396 --- [seckill-system] [OrderListener-1] c.d.seckill.service.AsyncOrderConsumer   : order committed request=d708a162-7ef0-3573-bd36-1e3d8f3faffc order=136172
2026-09-29T15:14:01.300+08:00  INFO 16396 --- [seckill-system] [OrderListener-1] c.d.seckill.service.AsyncOrderConsumer   : order committed request=adbe707b-410a-3047-a38c-653c9f53ec3b order=136173
2026-09-29T15:14:01.301+08:00  INFO 16396 --- [seckill-system] [OrderListener-2] c.d.seckill.service.AsyncOrderConsumer   : order committed request=56b5bce6-2def-36f1-907e-3f042515198b order=136174
2026-09-29T15:14:01.316+08:00  INFO 16396 --- [seckill-system] [OrderListener-1] c.d.seckill.service.AsyncOrderConsumer   : order committed request=9bb9fbb1-80ce-3208-b081-f61f8f1685f2 order=136175
2026-09-29T15:14:01.335+08:00  INFO 16396 --- [seckill-system] [io-18090-exec-3] c.d.s.service.ProtectedSeckillService    : submission queued request=f8cccca3-fd17-3b4b-ae95-79d8011c9462
2026-09-29T15:14:01.335+08:00  INFO 16396 --- [seckill-system] [io-18090-exec-6] c.d.s.service.ProtectedSeckillService    : submission queued request=63b1755b-7d83-3427-b251-221a066d28f3
2026-09-29T15:14:01.335+08:00  INFO 16396 --- [seckill-system] [io-18090-exec-4] c.d.s.service.ProtectedSeckillService    : submission queued request=a1643dc3-f44e-39d8-802b-6d0b5ad055d8
2026-09-29T15:14:01.339+08:00  INFO 16396 --- [seckill-system] [io-18090-exec-7] c.d.s.service.ProtectedSeckillService    : submission queued request=63e01562-2c15-395d-aaf6-db1df9d6f2c0
2026-09-29T15:14:01.349+08:00  INFO 16396 --- [seckill-system] [OrderListener-1] c.d.seckill.service.AsyncOrderConsumer   : order committed request=63b1755b-7d83-3427-b251-221a066d28f3 order=136177
2026-09-29T15:14:01.349+08:00  INFO 16396 --- [seckill-system] [OrderListener-2] c.d.seckill.service.AsyncOrderConsumer   : order committed request=f8cccca3-fd17-3b4b-ae95-79d8011c9462 order=136176
2026-09-29T15:14:01.363+08:00  INFO 16396 --- [seckill-system] [OrderListener-1] c.d.seckill.service.AsyncOrderConsumer   : order committed request=63e01562-2c15-395d-aaf6-db1df9d6f2c0 order=136178
2026-09-29T15:14:01.363+08:00  INFO 16396 --- [seckill-system] [OrderListener-2] c.d.seckill.service.AsyncOrderConsumer   : order committed request=a1643dc3-f44e-39d8-802b-6d0b5ad055d8 order=136179
2026-09-29T15:14:01.395+08:00  INFO 16396 --- [seckill-system] [io-18090-exec-1] c.d.s.service.ProtectedSeckillService    : submission queued request=748fdef8-0870-3d80-8c83-611a51fcecc0
2026-09-29T15:14:01.395+08:00  INFO 16396 --- [seckill-system] [io-18090-exec-8] c.d.s.service.ProtectedSeckillService    : submission queued request=2f8ddb3c-2006-3575-a572-9d37b39fa856
2026-09-29T15:14:01.395+08:00  INFO 16396 --- [seckill-system] [io-18090-exec-5] c.d.s.service.ProtectedSeckillService    : submission queued request=3f7aa518-c71e-365a-9b72-e6fe4c61cc29
2026-09-29T15:14:01.395+08:00  INFO 16396 --- [seckill-system] [o-18090-exec-10] c.d.s.service.ProtectedSeckillService    : submission queued request=905dd947-49c7-3409-bf2b-2fabee192462
2026-09-29T15:14:01.395+08:00  INFO 16396 --- [seckill-system] [io-18090-exec-9] c.d.s.service.ProtectedSeckillService    : submission queued request=15c10028-76ae-3659-947c-7cfa9c80e20d
2026-09-29T15:14:01.408+08:00  INFO 16396 --- [seckill-system] [OrderListener-2] c.d.seckill.service.AsyncOrderConsumer   : order committed request=905dd947-49c7-3409-bf2b-2fabee192462 order=136181
2026-09-29T15:14:01.408+08:00  INFO 16396 --- [seckill-system] [OrderListener-1] c.d.seckill.service.AsyncOrderConsumer   : order committed request=748fdef8-0870-3d80-8c83-611a51fcecc0 order=136180
2026-09-29T15:14:01.421+08:00  INFO 16396 --- [seckill-system] [OrderListener-1] c.d.seckill.service.AsyncOrderConsumer   : order committed request=15c10028-76ae-3659-947c-7cfa9c80e20d order=136183
2026-09-29T15:14:01.422+08:00  INFO 16396 --- [seckill-system] [OrderListener-2] c.d.seckill.service.AsyncOrderConsumer   : order committed request=3f7aa518-c71e-365a-9b72-e6fe4c61cc29 order=136182
2026-09-29T15:14:01.436+08:00  INFO 16396 --- [seckill-system] [OrderListener-2] c.d.seckill.service.AsyncOrderConsumer   : order committed request=2f8ddb3c-2006-3575-a572-9d37b39fa856 order=136184
2026-09-29T15:14:01.455+08:00  INFO 16396 --- [seckill-system] [io-18090-exec-2] c.d.s.service.ProtectedSeckillService    : submission queued request=de9cb58a-b29c-3872-aa13-39809e68a5d6
2026-09-29T15:14:01.462+08:00  INFO 16396 --- [seckill-system] [io-18090-exec-3] c.d.s.service.ProtectedSeckillService    : submission queued request=28ca9b46-5ea5-3d2d-8406-206215c1acf7
2026-09-29T15:14:01.463+08:00  INFO 16396 --- [seckill-system] [io-18090-exec-7] c.d.s.service.ProtectedSeckillService    : submission queued request=35c93e2a-227b-37db-bfa1-6c3f5c311587
2026-09-29T15:14:01.463+08:00  INFO 16396 --- [seckill-system] [io-18090-exec-4] c.d.s.service.ProtectedSeckillService    : submission queued request=60078dbc-0fda-3831-ac35-f59c8df48b06
2026-09-29T15:14:01.463+08:00  INFO 16396 --- [seckill-system] [io-18090-exec-6] c.d.s.service.ProtectedSeckillService    : submission queued request=69d22b22-9356-352e-bed9-616f71cc023a
2026-09-29T15:14:01.472+08:00  INFO 16396 --- [seckill-system] [OrderListener-1] c.d.seckill.service.AsyncOrderConsumer   : order committed request=de9cb58a-b29c-3872-aa13-39809e68a5d6 order=136185
2026-09-29T15:14:01.478+08:00  INFO 16396 --- [seckill-system] [OrderListener-2] c.d.seckill.service.AsyncOrderConsumer   : order committed request=28ca9b46-5ea5-3d2d-8406-206215c1acf7 order=136186
2026-09-29T15:14:01.487+08:00  INFO 16396 --- [seckill-system] [OrderListener-1] c.d.seckill.service.AsyncOrderConsumer   : order committed request=69d22b22-9356-352e-bed9-616f71cc023a order=136187
2026-09-29T15:14:01.493+08:00  INFO 16396 --- [seckill-system] [OrderListener-2] c.d.seckill.service.AsyncOrderConsumer   : order committed request=60078dbc-0fda-3831-ac35-f59c8df48b06 order=136188
2026-09-29T15:14:01.502+08:00  INFO 16396 --- [seckill-system] [OrderListener-1] c.d.seckill.service.AsyncOrderConsumer   : order committed request=35c93e2a-227b-37db-bfa1-6c3f5c311587 order=136189
2026-09-29T15:14:01.524+08:00  INFO 16396 --- [seckill-system] [io-18090-exec-1] c.d.s.service.ProtectedSeckillService    : submission queued request=413ae01e-0854-385c-a8e8-b4971f61810b
2026-09-29T15:14:01.524+08:00  INFO 16396 --- [seckill-system] [io-18090-exec-9] c.d.s.service.ProtectedSeckillService    : submission queued request=50397c63-cb25-3d70-9a84-c7c2759028cf
2026-09-29T15:14:01.524+08:00  INFO 16396 --- [seckill-system] [io-18090-exec-8] c.d.s.service.ProtectedSeckillService    : submission queued request=9810f66c-610b-345c-b5c8-d7b82aaeff04
2026-09-29T15:14:01.524+08:00  INFO 16396 --- [seckill-system] [o-18090-exec-10] c.d.s.service.ProtectedSeckillService    : submission queued request=fd4c4096-b90e-3d75-ba43-517fe9727aa9
2026-09-29T15:14:01.524+08:00  INFO 16396 --- [seckill-system] [io-18090-exec-5] c.d.s.service.ProtectedSeckillService    : submission queued request=43bde9b6-fc7a-3273-8263-749cb3d7f1cc
2026-09-29T15:14:01.538+08:00  INFO 16396 --- [seckill-system] [OrderListener-2] c.d.seckill.service.AsyncOrderConsumer   : order committed request=fd4c4096-b90e-3d75-ba43-517fe9727aa9 order=136190
2026-09-29T15:14:01.539+08:00  INFO 16396 --- [seckill-system] [OrderListener-1] c.d.seckill.service.AsyncOrderConsumer   : order committed request=9810f66c-610b-345c-b5c8-d7b82aaeff04 order=136191
2026-09-29T15:14:01.554+08:00  INFO 16396 --- [seckill-system] [OrderListener-1] c.d.seckill.service.AsyncOrderConsumer   : order committed request=50397c63-cb25-3d70-9a84-c7c2759028cf order=136192
2026-09-29T15:14:01.554+08:00  INFO 16396 --- [seckill-system] [OrderListener-2] c.d.seckill.service.AsyncOrderConsumer   : order committed request=43bde9b6-fc7a-3273-8263-749cb3d7f1cc order=136193
2026-09-29T15:14:01.569+08:00  INFO 16396 --- [seckill-system] [OrderListener-2] c.d.seckill.service.AsyncOrderConsumer   : order committed request=413ae01e-0854-385c-a8e8-b4971f61810b order=136194
2026-09-29T15:14:01.587+08:00  INFO 16396 --- [seckill-system] [io-18090-exec-4] c.d.s.service.ProtectedSeckillService    : submission queued request=ece27be8-d0ed-3b3e-8866-3c425f289e87
2026-09-29T15:14:01.587+08:00  INFO 16396 --- [seckill-system] [io-18090-exec-6] c.d.s.service.ProtectedSeckillService    : submission queued request=11326a2a-317a-3526-a50d-a7793152ab36
2026-09-29T15:14:01.587+08:00  INFO 16396 --- [seckill-system] [io-18090-exec-7] c.d.s.service.ProtectedSeckillService    : submission queued request=7795f9f6-07dd-3822-9690-46462f316a57
2026-09-29T15:14:01.587+08:00  INFO 16396 --- [seckill-system] [io-18090-exec-2] c.d.s.service.ProtectedSeckillService    : submission queued request=0e4fdfc2-b20c-31aa-9041-18e47b202475
2026-09-29T15:14:01.587+08:00  INFO 16396 --- [seckill-system] [io-18090-exec-3] c.d.s.service.ProtectedSeckillService    : submission queued request=09909c22-e994-3696-8b79-530d6d028d14
2026-09-29T15:14:01.601+08:00  INFO 16396 --- [seckill-system] [OrderListener-2] c.d.seckill.service.AsyncOrderConsumer   : order committed request=0e4fdfc2-b20c-31aa-9041-18e47b202475 order=136196
2026-09-29T15:14:01.602+08:00  INFO 16396 --- [seckill-system] [OrderListener-1] c.d.seckill.service.AsyncOrderConsumer   : order committed request=ece27be8-d0ed-3b3e-8866-3c425f289e87 order=136195
2026-09-29T15:14:01.615+08:00  INFO 16396 --- [seckill-system] [OrderListener-1] c.d.seckill.service.AsyncOrderConsumer   : order committed request=7795f9f6-07dd-3822-9690-46462f316a57 order=136197
2026-09-29T15:14:01.615+08:00  INFO 16396 --- [seckill-system] [OrderListener-2] c.d.seckill.service.AsyncOrderConsumer   : order committed request=11326a2a-317a-3526-a50d-a7793152ab36 order=136198
2026-09-29T15:14:01.627+08:00  INFO 16396 --- [seckill-system] [OrderListener-1] c.d.seckill.service.AsyncOrderConsumer   : order committed request=09909c22-e994-3696-8b79-530d6d028d14 order=136199
2026-09-29T15:14:01.647+08:00  INFO 16396 --- [seckill-system] [io-18090-exec-9] c.d.s.service.ProtectedSeckillService    : submission queued request=e81ce20b-12ef-33cc-9688-f0dc5768c139
2026-09-29T15:14:01.647+08:00  INFO 16396 --- [seckill-system] [o-18090-exec-10] c.d.s.service.ProtectedSeckillService    : submission queued request=d74bb417-28d1-3ae5-a94d-ae7601e271a1
2026-09-29T15:14:01.647+08:00  INFO 16396 --- [seckill-system] [io-18090-exec-8] c.d.s.service.ProtectedSeckillService    : submission queued request=5cc44c1a-e61f-3888-9210-46629f555f7f
2026-09-29T15:14:01.647+08:00  INFO 16396 --- [seckill-system] [io-18090-exec-5] c.d.s.service.ProtectedSeckillService    : submission queued request=0c47cdf4-d8e9-3ca4-851c-6f0c63f153db
2026-09-29T15:14:01.647+08:00  INFO 16396 --- [seckill-system] [io-18090-exec-1] c.d.s.service.ProtectedSeckillService    : submission queued request=09619839-b3f5-35e5-abf3-111fb10dd3f2
2026-09-29T15:14:01.659+08:00  INFO 16396 --- [seckill-system] [OrderListener-2] c.d.seckill.service.AsyncOrderConsumer   : order committed request=d74bb417-28d1-3ae5-a94d-ae7601e271a1 order=136201
2026-09-29T15:14:01.660+08:00  INFO 16396 --- [seckill-system] [OrderListener-1] c.d.seckill.service.AsyncOrderConsumer   : order committed request=0c47cdf4-d8e9-3ca4-851c-6f0c63f153db order=136200
2026-09-29T15:14:01.672+08:00  INFO 16396 --- [seckill-system] [OrderListener-1] c.d.seckill.service.AsyncOrderConsumer   : order committed request=5cc44c1a-e61f-3888-9210-46629f555f7f order=136202
2026-09-29T15:14:01.673+08:00  INFO 16396 --- [seckill-system] [OrderListener-2] c.d.seckill.service.AsyncOrderConsumer   : order committed request=09619839-b3f5-35e5-abf3-111fb10dd3f2 order=136203
2026-09-29T15:14:01.685+08:00  INFO 16396 --- [seckill-system] [OrderListener-2] c.d.seckill.service.AsyncOrderConsumer   : order committed request=e81ce20b-12ef-33cc-9688-f0dc5768c139 order=136204
2026-09-29T15:14:01.707+08:00  INFO 16396 --- [seckill-system] [io-18090-exec-7] c.d.s.service.ProtectedSeckillService    : submission queued request=b3dd93de-ec1f-3d33-8505-25b887c43dc3
2026-09-29T15:14:01.707+08:00  INFO 16396 --- [seckill-system] [io-18090-exec-2] c.d.s.service.ProtectedSeckillService    : submission queued request=e9dcac4a-b6b2-328b-8557-e10db68920f1
2026-09-29T15:14:01.707+08:00  INFO 16396 --- [seckill-system] [io-18090-exec-6] c.d.s.service.ProtectedSeckillService    : submission queued request=530b751e-20cf-33c6-9d66-887c3ace8e63
2026-09-29T15:14:01.707+08:00  INFO 16396 --- [seckill-system] [io-18090-exec-4] c.d.s.service.ProtectedSeckillService    : submission queued request=eac51f79-800e-3a1a-9d79-106a2e9eb993
2026-09-29T15:14:01.707+08:00  INFO 16396 --- [seckill-system] [io-18090-exec-3] c.d.s.service.ProtectedSeckillService    : submission queued request=92c9ae25-90ba-324d-8f02-7c8a4b820001
2026-09-29T15:14:01.721+08:00  INFO 16396 --- [seckill-system] [OrderListener-2] c.d.seckill.service.AsyncOrderConsumer   : order committed request=b3dd93de-ec1f-3d33-8505-25b887c43dc3 order=136205
2026-09-29T15:14:01.721+08:00  INFO 16396 --- [seckill-system] [OrderListener-1] c.d.seckill.service.AsyncOrderConsumer   : order committed request=eac51f79-800e-3a1a-9d79-106a2e9eb993 order=136206
2026-09-29T15:14:01.735+08:00  INFO 16396 --- [seckill-system] [OrderListener-2] c.d.seckill.service.AsyncOrderConsumer   : order committed request=e9dcac4a-b6b2-328b-8557-e10db68920f1 order=136207
2026-09-29T15:14:01.735+08:00  INFO 16396 --- [seckill-system] [OrderListener-1] c.d.seckill.service.AsyncOrderConsumer   : order committed request=530b751e-20cf-33c6-9d66-887c3ace8e63 order=136208
2026-09-29T15:14:01.748+08:00  INFO 16396 --- [seckill-system] [OrderListener-1] c.d.seckill.service.AsyncOrderConsumer   : order committed request=92c9ae25-90ba-324d-8f02-7c8a4b820001 order=136209
2026-09-29T15:14:01.770+08:00  INFO 16396 --- [seckill-system] [io-18090-exec-8] c.d.s.service.ProtectedSeckillService    : submission queued request=97fdd6ff-e76b-3fbd-874a-d4534ce7971f
2026-09-29T15:14:01.770+08:00  INFO 16396 --- [seckill-system] [io-18090-exec-1] c.d.s.service.ProtectedSeckillService    : submission queued request=892bdbe5-74bf-3fb8-8121-b387eb796ac2
2026-09-29T15:14:01.770+08:00  INFO 16396 --- [seckill-system] [io-18090-exec-5] c.d.s.service.ProtectedSeckillService    : submission queued request=6c55f62e-7d51-3fb7-99cb-d0e43364c15a
2026-09-29T15:14:01.770+08:00  INFO 16396 --- [seckill-system] [o-18090-exec-10] c.d.s.service.ProtectedSeckillService    : submission queued request=30a8663f-a01f-3f0d-a008-d5769c01c8f5
2026-09-29T15:14:01.770+08:00  INFO 16396 --- [seckill-system] [io-18090-exec-9] c.d.s.service.ProtectedSeckillService    : submission queued request=c7bd6cec-4038-388f-8d15-e868a10d34e1
2026-09-29T15:14:01.783+08:00  INFO 16396 --- [seckill-system] [OrderListener-1] c.d.seckill.service.AsyncOrderConsumer   : order committed request=892bdbe5-74bf-3fb8-8121-b387eb796ac2 order=136210
2026-09-29T15:14:01.783+08:00  INFO 16396 --- [seckill-system] [OrderListener-2] c.d.seckill.service.AsyncOrderConsumer   : order committed request=6c55f62e-7d51-3fb7-99cb-d0e43364c15a order=136211
2026-09-29T15:14:01.796+08:00  INFO 16396 --- [seckill-system] [OrderListener-1] c.d.seckill.service.AsyncOrderConsumer   : order committed request=97fdd6ff-e76b-3fbd-874a-d4534ce7971f order=136213
2026-09-29T15:14:01.796+08:00  INFO 16396 --- [seckill-system] [OrderListener-2] c.d.seckill.service.AsyncOrderConsumer   : order committed request=c7bd6cec-4038-388f-8d15-e868a10d34e1 order=136212
2026-09-29T15:14:01.809+08:00  INFO 16396 --- [seckill-system] [OrderListener-2] c.d.seckill.service.AsyncOrderConsumer   : order committed request=30a8663f-a01f-3f0d-a008-d5769c01c8f5 order=136214
2026-09-29T15:14:01.832+08:00  INFO 16396 --- [seckill-system] [io-18090-exec-4] c.d.s.service.ProtectedSeckillService    : submission queued request=6ea68475-d64e-335f-8584-cebd6bb8496b
2026-09-29T15:14:01.832+08:00  INFO 16396 --- [seckill-system] [io-18090-exec-6] c.d.s.service.ProtectedSeckillService    : submission queued request=979f5b72-7283-3964-a4cc-9c230cc90b97
2026-09-29T15:14:01.832+08:00  INFO 16396 --- [seckill-system] [io-18090-exec-3] c.d.s.service.ProtectedSeckillService    : submission queued request=0f292aaf-91f9-331a-b230-2b4f46bdec0c
2026-09-29T15:14:01.832+08:00  INFO 16396 --- [seckill-system] [io-18090-exec-7] c.d.s.service.ProtectedSeckillService    : submission queued request=e0dd1bcd-486e-3ffa-87dc-840180824c22
2026-09-29T15:14:01.832+08:00  INFO 16396 --- [seckill-system] [io-18090-exec-2] c.d.s.service.ProtectedSeckillService    : submission queued request=21c6a862-f8b5-3952-bc93-58f9e6150279
2026-09-29T15:14:01.846+08:00  INFO 16396 --- [seckill-system] [OrderListener-1] c.d.seckill.service.AsyncOrderConsumer   : order committed request=21c6a862-f8b5-3952-bc93-58f9e6150279 order=136216
2026-09-29T15:14:01.846+08:00  INFO 16396 --- [seckill-system] [OrderListener-2] c.d.seckill.service.AsyncOrderConsumer   : order committed request=6ea68475-d64e-335f-8584-cebd6bb8496b order=136215
2026-09-29T15:14:01.863+08:00  INFO 16396 --- [seckill-system] [OrderListener-1] c.d.seckill.service.AsyncOrderConsumer   : order committed request=979f5b72-7283-3964-a4cc-9c230cc90b97 order=136217
2026-09-29T15:14:01.863+08:00  INFO 16396 --- [seckill-system] [OrderListener-2] c.d.seckill.service.AsyncOrderConsumer   : order committed request=e0dd1bcd-486e-3ffa-87dc-840180824c22 order=136218
2026-09-29T15:14:01.878+08:00  INFO 16396 --- [seckill-system] [OrderListener-1] c.d.seckill.service.AsyncOrderConsumer   : order committed request=0f292aaf-91f9-331a-b230-2b4f46bdec0c order=136219
2026-09-29T15:14:01.895+08:00  INFO 16396 --- [seckill-system] [io-18090-exec-5] c.d.s.service.ProtectedSeckillService    : submission queued request=e76d420b-639a-369c-9bf7-289fbc2e3844
2026-09-29T15:14:01.895+08:00  INFO 16396 --- [seckill-system] [io-18090-exec-8] c.d.s.service.ProtectedSeckillService    : submission queued request=8e1b019a-120e-3a8a-ae02-6a38989c4879
2026-09-29T15:14:01.895+08:00  INFO 16396 --- [seckill-system] [o-18090-exec-10] c.d.s.service.ProtectedSeckillService    : submission queued request=eda89613-7e97-3dd0-b2bc-32c1d3ac1542
2026-09-29T15:14:01.895+08:00  INFO 16396 --- [seckill-system] [io-18090-exec-9] c.d.s.service.ProtectedSeckillService    : submission queued request=7a11dec0-8326-38de-a210-d6357fbdd18c
2026-09-29T15:14:01.895+08:00  INFO 16396 --- [seckill-system] [io-18090-exec-1] c.d.s.service.ProtectedSeckillService    : submission queued request=0ba2b380-5d2c-3a3f-b821-5359b808d05d
2026-09-29T15:14:01.909+08:00  INFO 16396 --- [seckill-system] [OrderListener-1] c.d.seckill.service.AsyncOrderConsumer   : order committed request=8e1b019a-120e-3a8a-ae02-6a38989c4879 order=136221
2026-09-29T15:14:01.909+08:00  INFO 16396 --- [seckill-system] [OrderListener-2] c.d.seckill.service.AsyncOrderConsumer   : order committed request=e76d420b-639a-369c-9bf7-289fbc2e3844 order=136220
2026-09-29T15:14:01.924+08:00  INFO 16396 --- [seckill-system] [OrderListener-1] c.d.seckill.service.AsyncOrderConsumer   : order committed request=7a11dec0-8326-38de-a210-d6357fbdd18c order=136223
2026-09-29T15:14:01.924+08:00  INFO 16396 --- [seckill-system] [OrderListener-2] c.d.seckill.service.AsyncOrderConsumer   : order committed request=eda89613-7e97-3dd0-b2bc-32c1d3ac1542 order=136222
2026-09-29T15:14:01.938+08:00  INFO 16396 --- [seckill-system] [OrderListener-2] c.d.seckill.service.AsyncOrderConsumer   : order committed request=0ba2b380-5d2c-3a3f-b821-5359b808d05d order=136224
2026-09-29T15:14:01.955+08:00  INFO 16396 --- [seckill-system] [io-18090-exec-6] c.d.s.service.ProtectedSeckillService    : submission queued request=952d7060-de12-3699-96d0-96fcc756f069
2026-09-29T15:14:01.955+08:00  INFO 16396 --- [seckill-system] [io-18090-exec-4] c.d.s.service.ProtectedSeckillService    : submission queued request=d8dc0c91-9aed-352a-af74-90e320827243
2026-09-29T15:14:01.955+08:00  INFO 16396 --- [seckill-system] [io-18090-exec-2] c.d.s.service.ProtectedSeckillService    : submission queued request=48e8cf6c-5e7f-354a-88f0-6b3afbb13c9c
2026-09-29T15:14:01.955+08:00  INFO 16396 --- [seckill-system] [io-18090-exec-7] c.d.s.service.ProtectedSeckillService    : submission queued request=c4d984ce-2d60-3287-ae2d-479df180e030
2026-09-29T15:14:01.955+08:00  INFO 16396 --- [seckill-system] [io-18090-exec-3] c.d.s.service.ProtectedSeckillService    : submission queued request=0c8f9120-5644-318f-b1d2-47992a021df1
2026-09-29T15:14:01.968+08:00  INFO 16396 --- [seckill-system] [OrderListener-1] c.d.seckill.service.AsyncOrderConsumer   : order committed request=48e8cf6c-5e7f-354a-88f0-6b3afbb13c9c order=136226
2026-09-29T15:14:01.969+08:00  INFO 16396 --- [seckill-system] [OrderListener-2] c.d.seckill.service.AsyncOrderConsumer   : order committed request=0c8f9120-5644-318f-b1d2-47992a021df1 order=136225
2026-09-29T15:14:01.980+08:00  INFO 16396 --- [seckill-system] [OrderListener-1] c.d.seckill.service.AsyncOrderConsumer   : order committed request=d8dc0c91-9aed-352a-af74-90e320827243 order=136227
2026-09-29T15:14:01.981+08:00  INFO 16396 --- [seckill-system] [OrderListener-2] c.d.seckill.service.AsyncOrderConsumer   : order committed request=952d7060-de12-3699-96d0-96fcc756f069 order=136228
2026-09-29T15:14:01.993+08:00  INFO 16396 --- [seckill-system] [OrderListener-1] c.d.seckill.service.AsyncOrderConsumer   : order committed request=c4d984ce-2d60-3287-ae2d-479df180e030 order=136229
2026-09-29T15:14:02.016+08:00  INFO 16396 --- [seckill-system] [o-18090-exec-10] c.d.s.service.ProtectedSeckillService    : submission queued request=df561542-27ec-3d56-9370-09677fcb3eb4
2026-09-29T15:14:02.016+08:00  INFO 16396 --- [seckill-system] [io-18090-exec-5] c.d.s.service.ProtectedSeckillService    : submission queued request=21b20ec1-5c44-354d-ac35-05f11120e32e
2026-09-29T15:14:02.019+08:00  INFO 16396 --- [seckill-system] [io-18090-exec-9] c.d.s.service.ProtectedSeckillService    : submission queued request=2b13f9ae-54cf-38c0-9ac6-a184013f779e
2026-09-29T15:14:02.020+08:00  INFO 16396 --- [seckill-system] [io-18090-exec-8] c.d.s.service.ProtectedSeckillService    : submission queued request=5af47233-6046-3b0e-8e56-651734d741a4
2026-09-29T15:14:02.020+08:00  INFO 16396 --- [seckill-system] [io-18090-exec-1] c.d.s.service.ProtectedSeckillService    : submission queued request=88638183-008e-32cf-807b-d7967f5f4dcd
2026-09-29T15:14:02.030+08:00  INFO 16396 --- [seckill-system] [OrderListener-1] c.d.seckill.service.AsyncOrderConsumer   : order committed request=21b20ec1-5c44-354d-ac35-05f11120e32e order=136230
2026-09-29T15:14:02.030+08:00  INFO 16396 --- [seckill-system] [OrderListener-2] c.d.seckill.service.AsyncOrderConsumer   : order committed request=df561542-27ec-3d56-9370-09677fcb3eb4 order=136231
2026-09-29T15:14:02.044+08:00  INFO 16396 --- [seckill-system] [OrderListener-2] c.d.seckill.service.AsyncOrderConsumer   : order committed request=2b13f9ae-54cf-38c0-9ac6-a184013f779e order=136232
2026-09-29T15:14:02.044+08:00  INFO 16396 --- [seckill-system] [OrderListener-1] c.d.seckill.service.AsyncOrderConsumer   : order committed request=5af47233-6046-3b0e-8e56-651734d741a4 order=136233
2026-09-29T15:14:02.057+08:00  INFO 16396 --- [seckill-system] [OrderListener-2] c.d.seckill.service.AsyncOrderConsumer   : order committed request=88638183-008e-32cf-807b-d7967f5f4dcd order=136234
2026-09-29T15:14:02.075+08:00  INFO 16396 --- [seckill-system] [io-18090-exec-7] c.d.s.service.ProtectedSeckillService    : submission queued request=ca154289-bd73-3442-91f0-4d844c32d2ef
2026-09-29T15:14:02.077+08:00  INFO 16396 --- [seckill-system] [io-18090-exec-2] c.d.s.service.ProtectedSeckillService    : submission queued request=3bc33915-66dc-3cf3-835c-1fd3371f37a1
2026-09-29T15:14:02.078+08:00  INFO 16396 --- [seckill-system] [io-18090-exec-6] c.d.s.service.ProtectedSeckillService    : submission queued request=9be54f4a-ff77-3e92-9e3a-73883350687d
2026-09-29T15:14:02.078+08:00  INFO 16396 --- [seckill-system] [io-18090-exec-3] c.d.s.service.ProtectedSeckillService    : submission queued request=644707a2-0c04-39dd-9217-903991c7bf3e
2026-09-29T15:14:02.078+08:00  INFO 16396 --- [seckill-system] [io-18090-exec-4] c.d.s.service.ProtectedSeckillService    : submission queued request=42c25836-9273-3287-b920-5141cf070c01
2026-09-29T15:14:02.088+08:00  INFO 16396 --- [seckill-system] [OrderListener-1] c.d.seckill.service.AsyncOrderConsumer   : order committed request=ca154289-bd73-3442-91f0-4d844c32d2ef order=136235
2026-09-29T15:14:02.089+08:00  INFO 16396 --- [seckill-system] [OrderListener-2] c.d.seckill.service.AsyncOrderConsumer   : order committed request=3bc33915-66dc-3cf3-835c-1fd3371f37a1 order=136236
2026-09-29T15:14:02.101+08:00  INFO 16396 --- [seckill-system] [OrderListener-1] c.d.seckill.service.AsyncOrderConsumer   : order committed request=9be54f4a-ff77-3e92-9e3a-73883350687d order=136237
2026-09-29T15:14:02.101+08:00  INFO 16396 --- [seckill-system] [OrderListener-2] c.d.seckill.service.AsyncOrderConsumer   : order committed request=644707a2-0c04-39dd-9217-903991c7bf3e order=136238
2026-09-29T15:14:02.114+08:00  INFO 16396 --- [seckill-system] [OrderListener-1] c.d.seckill.service.AsyncOrderConsumer   : order committed request=42c25836-9273-3287-b920-5141cf070c01 order=136239
2026-09-29T15:14:02.139+08:00  INFO 16396 --- [seckill-system] [io-18090-exec-5] c.d.s.service.ProtectedSeckillService    : submission queued request=d8ae8885-57f9-37d2-8fdb-0eabbd015dd1
2026-09-29T15:14:02.139+08:00  INFO 16396 --- [seckill-system] [o-18090-exec-10] c.d.s.service.ProtectedSeckillService    : submission queued request=e0516d46-c1bf-3324-8eb0-0fa74353b9a5
2026-09-29T15:14:02.139+08:00  INFO 16396 --- [seckill-system] [io-18090-exec-8] c.d.s.service.ProtectedSeckillService    : submission queued request=cdac6ad6-c0f7-38f6-aa6b-d21eccacfeb1
2026-09-29T15:14:02.146+08:00  INFO 16396 --- [seckill-system] [io-18090-exec-1] c.d.s.service.ProtectedSeckillService    : submission queued request=44960c46-1dd4-3827-ac73-40795b7c2fba
2026-09-29T15:14:02.147+08:00  INFO 16396 --- [seckill-system] [io-18090-exec-9] c.d.s.service.ProtectedSeckillService    : submission queued request=30dcb010-0868-31bb-81cf-de117244db35
2026-09-29T15:14:02.153+08:00  INFO 16396 --- [seckill-system] [OrderListener-2] c.d.seckill.service.AsyncOrderConsumer   : order committed request=d8ae8885-57f9-37d2-8fdb-0eabbd015dd1 order=136240
2026-09-29T15:14:02.153+08:00  INFO 16396 --- [seckill-system] [OrderListener-1] c.d.seckill.service.AsyncOrderConsumer   : order committed request=cdac6ad6-c0f7-38f6-aa6b-d21eccacfeb1 order=136241
2026-09-29T15:14:02.164+08:00  INFO 16396 --- [seckill-system] [OrderListener-2] c.d.seckill.service.AsyncOrderConsumer   : order committed request=e0516d46-c1bf-3324-8eb0-0fa74353b9a5 order=136242
2026-09-29T15:14:02.165+08:00  INFO 16396 --- [seckill-system] [OrderListener-1] c.d.seckill.service.AsyncOrderConsumer   : order committed request=44960c46-1dd4-3827-ac73-40795b7c2fba order=136243
2026-09-29T15:14:02.176+08:00  INFO 16396 --- [seckill-system] [OrderListener-2] c.d.seckill.service.AsyncOrderConsumer   : order committed request=30dcb010-0868-31bb-81cf-de117244db35 order=136244
2026-09-29T15:14:02.198+08:00  INFO 16396 --- [seckill-system] [io-18090-exec-2] c.d.s.service.ProtectedSeckillService    : submission queued request=00c7a8ee-b6e3-3443-b228-a06108be75cd
2026-09-29T15:14:02.198+08:00  INFO 16396 --- [seckill-system] [io-18090-exec-3] c.d.s.service.ProtectedSeckillService    : submission queued request=b5df77e6-16a1-3d0b-a8a9-0013e905579b
2026-09-29T15:14:02.198+08:00  INFO 16396 --- [seckill-system] [io-18090-exec-7] c.d.s.service.ProtectedSeckillService    : submission queued request=a23c03a3-a7d4-39c6-89b4-6b59bff54bb5
2026-09-29T15:14:02.199+08:00  INFO 16396 --- [seckill-system] [io-18090-exec-4] c.d.s.service.ProtectedSeckillService    : submission queued request=848c3558-6df3-336e-b5b1-0cf7cd0bea3c
2026-09-29T15:14:02.204+08:00  INFO 16396 --- [seckill-system] [io-18090-exec-6] c.d.s.service.ProtectedSeckillService    : submission queued request=df671d4e-aa90-338e-917c-7e09d9ce489d
2026-09-29T15:14:02.210+08:00  INFO 16396 --- [seckill-system] [OrderListener-2] c.d.seckill.service.AsyncOrderConsumer   : order committed request=b5df77e6-16a1-3d0b-a8a9-0013e905579b order=136245
2026-09-29T15:14:02.211+08:00  INFO 16396 --- [seckill-system] [OrderListener-1] c.d.seckill.service.AsyncOrderConsumer   : order committed request=a23c03a3-a7d4-39c6-89b4-6b59bff54bb5 order=136246
2026-09-29T15:14:02.223+08:00  INFO 16396 --- [seckill-system] [OrderListener-2] c.d.seckill.service.AsyncOrderConsumer   : order committed request=848c3558-6df3-336e-b5b1-0cf7cd0bea3c order=136247
2026-09-29T15:14:02.223+08:00  INFO 16396 --- [seckill-system] [OrderListener-1] c.d.seckill.service.AsyncOrderConsumer   : order committed request=00c7a8ee-b6e3-3443-b228-a06108be75cd order=136248
2026-09-29T15:14:02.236+08:00  INFO 16396 --- [seckill-system] [OrderListener-1] c.d.seckill.service.AsyncOrderConsumer   : order committed request=df671d4e-aa90-338e-917c-7e09d9ce489d order=136249
2026-09-29T15:14:02.263+08:00  INFO 16396 --- [seckill-system] [io-18090-exec-5] c.d.s.service.ProtectedSeckillService    : submission queued request=5dd01de9-18b0-336b-b4e9-dd92bc348397
2026-09-29T15:14:02.263+08:00  INFO 16396 --- [seckill-system] [io-18090-exec-8] c.d.s.service.ProtectedSeckillService    : submission queued request=d5ccae8b-8dd0-3984-8520-2d9680e23a50
2026-09-29T15:14:02.263+08:00  INFO 16396 --- [seckill-system] [o-18090-exec-10] c.d.s.service.ProtectedSeckillService    : submission queued request=6fe58221-45b2-3b84-b0bf-b4206c13b9ca
2026-09-29T15:14:02.271+08:00  INFO 16396 --- [seckill-system] [io-18090-exec-9] c.d.s.service.ProtectedSeckillService    : submission queued request=799c5ecf-bb62-371e-bfbf-92e539538b2b
2026-09-29T15:14:02.273+08:00  INFO 16396 --- [seckill-system] [io-18090-exec-1] c.d.s.service.ProtectedSeckillService    : submission queued request=eb547d5c-6cc0-3fd7-8924-78c2f6114f28
2026-09-29T15:14:02.276+08:00  INFO 16396 --- [seckill-system] [OrderListener-2] c.d.seckill.service.AsyncOrderConsumer   : order committed request=d5ccae8b-8dd0-3984-8520-2d9680e23a50 order=136251
2026-09-29T15:14:02.276+08:00  INFO 16396 --- [seckill-system] [OrderListener-1] c.d.seckill.service.AsyncOrderConsumer   : order committed request=5dd01de9-18b0-336b-b4e9-dd92bc348397 order=136250
2026-09-29T15:14:02.288+08:00  INFO 16396 --- [seckill-system] [OrderListener-1] c.d.seckill.service.AsyncOrderConsumer   : order committed request=799c5ecf-bb62-371e-bfbf-92e539538b2b order=136253
2026-09-29T15:14:02.288+08:00  INFO 16396 --- [seckill-system] [OrderListener-2] c.d.seckill.service.AsyncOrderConsumer   : order committed request=6fe58221-45b2-3b84-b0bf-b4206c13b9ca order=136252
2026-09-29T15:14:02.300+08:00  INFO 16396 --- [seckill-system] [OrderListener-2] c.d.seckill.service.AsyncOrderConsumer   : order committed request=eb547d5c-6cc0-3fd7-8924-78c2f6114f28 order=136254
2026-09-29T15:14:02.323+08:00  INFO 16396 --- [seckill-system] [io-18090-exec-2] c.d.s.service.ProtectedSeckillService    : submission queued request=d027a29b-6f80-3ff7-a203-f3caff70ed60
2026-09-29T15:14:02.323+08:00  INFO 16396 --- [seckill-system] [io-18090-exec-4] c.d.s.service.ProtectedSeckillService    : submission queued request=c90472f6-0a71-36e7-abe9-5d4cf9a6b49c
2026-09-29T15:14:02.323+08:00  INFO 16396 --- [seckill-system] [io-18090-exec-3] c.d.s.service.ProtectedSeckillService    : submission queued request=5d545d5c-bd25-3fa5-bd7d-26ff76909e15
2026-09-29T15:14:02.323+08:00  INFO 16396 --- [seckill-system] [io-18090-exec-7] c.d.s.service.ProtectedSeckillService    : submission queued request=10972c68-f272-3919-a3e9-e5ee09482842
2026-09-29T15:14:02.332+08:00  INFO 16396 --- [seckill-system] [io-18090-exec-6] c.d.s.service.ProtectedSeckillService    : submission queued request=56dc0df4-20cd-3918-be5c-9cd4d5e427e1
2026-09-29T15:14:02.333+08:00  INFO 16396 --- [seckill-system] [OrderListener-2] c.d.seckill.service.AsyncOrderConsumer   : order committed request=c90472f6-0a71-36e7-abe9-5d4cf9a6b49c order=136255
2026-09-29T15:14:02.334+08:00  INFO 16396 --- [seckill-system] [OrderListener-1] c.d.seckill.service.AsyncOrderConsumer   : order committed request=d027a29b-6f80-3ff7-a203-f3caff70ed60 order=136256
2026-09-29T15:14:02.344+08:00  INFO 16396 --- [seckill-system] [OrderListener-1] c.d.seckill.service.AsyncOrderConsumer   : order committed request=5d545d5c-bd25-3fa5-bd7d-26ff76909e15 order=136257
2026-09-29T15:14:02.344+08:00  INFO 16396 --- [seckill-system] [OrderListener-2] c.d.seckill.service.AsyncOrderConsumer   : order committed request=10972c68-f272-3919-a3e9-e5ee09482842 order=136258
2026-09-29T15:14:02.354+08:00  INFO 16396 --- [seckill-system] [OrderListener-1] c.d.seckill.service.AsyncOrderConsumer   : order committed request=56dc0df4-20cd-3918-be5c-9cd4d5e427e1 order=136259
2026-09-29T15:14:02.378+08:00  INFO 16396 --- [seckill-system] [o-18090-exec-10] c.d.s.service.ProtectedSeckillService    : submission queued request=bbcdee11-c269-3e2f-9bbf-7e394a7f8ba3
2026-09-29T15:14:02.378+08:00  INFO 16396 --- [seckill-system] [io-18090-exec-8] c.d.s.service.ProtectedSeckillService    : submission queued request=79d8d055-3e42-388b-9c50-bf9af9a0a6d7
2026-09-29T15:14:02.378+08:00  INFO 16396 --- [seckill-system] [io-18090-exec-5] c.d.s.service.ProtectedSeckillService    : submission queued request=db2b7f32-bde9-3deb-8e09-e12a76671380
2026-09-29T15:14:02.388+08:00  INFO 16396 --- [seckill-system] [OrderListener-2] c.d.seckill.service.AsyncOrderConsumer   : order committed request=79d8d055-3e42-388b-9c50-bf9af9a0a6d7 order=136261
2026-09-29T15:14:02.388+08:00  INFO 16396 --- [seckill-system] [OrderListener-1] c.d.seckill.service.AsyncOrderConsumer   : order committed request=bbcdee11-c269-3e2f-9bbf-7e394a7f8ba3 order=136260
2026-09-29T15:14:02.399+08:00  INFO 16396 --- [seckill-system] [OrderListener-2] c.d.seckill.service.AsyncOrderConsumer   : order committed request=db2b7f32-bde9-3deb-8e09-e12a76671380 order=136262
2026-09-29T15:14:02.434+08:00  INFO 16396 --- [seckill-system] [io-18090-exec-9] c.d.s.service.ProtectedSeckillService    : submission queued request=415277ff-4da4-327c-bce2-83e35b3491a2
2026-09-29T15:14:02.434+08:00  INFO 16396 --- [seckill-system] [io-18090-exec-1] c.d.s.service.ProtectedSeckillService    : submission queued request=fa4a7293-f795-32c5-8951-6edd34cab0d6
2026-09-29T15:14:02.439+08:00  INFO 16396 --- [seckill-system] [io-18090-exec-3] c.d.s.service.ProtectedSeckillService    : submission queued request=e11e02c8-e558-37cf-9898-aad7e63ac3db
2026-09-29T15:14:02.440+08:00  INFO 16396 --- [seckill-system] [io-18090-exec-4] c.d.s.service.ProtectedSeckillService    : submission queued request=f7b70160-b362-3314-902b-0fe0f4b4a4ee
2026-09-29T15:14:02.440+08:00  INFO 16396 --- [seckill-system] [io-18090-exec-7] c.d.s.service.ProtectedSeckillService    : submission queued request=83d0f847-eb09-32bc-a3a7-9d949df03688
2026-09-29T15:14:02.440+08:00  INFO 16396 --- [seckill-system] [io-18090-exec-2] c.d.s.service.ProtectedSeckillService    : submission queued request=fb614979-aa23-3d58-9e0f-453b9446a80d
2026-09-29T15:14:02.444+08:00  INFO 16396 --- [seckill-system] [OrderListener-2] c.d.seckill.service.AsyncOrderConsumer   : order committed request=415277ff-4da4-327c-bce2-83e35b3491a2 order=136264
2026-09-29T15:14:02.444+08:00  INFO 16396 --- [seckill-system] [OrderListener-1] c.d.seckill.service.AsyncOrderConsumer   : order committed request=fa4a7293-f795-32c5-8951-6edd34cab0d6 order=136263
2026-09-29T15:14:02.456+08:00  INFO 16396 --- [seckill-system] [OrderListener-2] c.d.seckill.service.AsyncOrderConsumer   : order committed request=83d0f847-eb09-32bc-a3a7-9d949df03688 order=136265
2026-09-29T15:14:02.456+08:00  INFO 16396 --- [seckill-system] [OrderListener-1] c.d.seckill.service.AsyncOrderConsumer   : order committed request=e11e02c8-e558-37cf-9898-aad7e63ac3db order=136266
2026-09-29T15:14:02.467+08:00  INFO 16396 --- [seckill-system] [OrderListener-2] c.d.seckill.service.AsyncOrderConsumer   : order committed request=f7b70160-b362-3314-902b-0fe0f4b4a4ee order=136267
2026-09-29T15:14:02.468+08:00  INFO 16396 --- [seckill-system] [OrderListener-1] c.d.seckill.service.AsyncOrderConsumer   : order committed request=fb614979-aa23-3d58-9e0f-453b9446a80d order=136268
2026-09-29T15:14:02.489+08:00  INFO 16396 --- [seckill-system] [io-18090-exec-6] c.d.s.service.ProtectedSeckillService    : submission queued request=791f847b-3d03-3ee1-a0aa-df5d141d5d45
2026-09-29T15:14:02.501+08:00  INFO 16396 --- [seckill-system] [OrderListener-1] c.d.seckill.service.AsyncOrderConsumer   : order committed request=791f847b-3d03-3ee1-a0aa-df5d141d5d45 order=136269
2026-09-29T15:14:02.502+08:00  INFO 16396 --- [seckill-system] [o-18090-exec-10] c.d.s.service.ProtectedSeckillService    : submission queued request=d14726b7-00ba-367c-912f-e059d31b225c
2026-09-29T15:14:02.503+08:00  INFO 16396 --- [seckill-system] [io-18090-exec-8] c.d.s.service.ProtectedSeckillService    : submission queued request=298102fa-1593-3f90-b2f6-c9e02d5cb28b
2026-09-29T15:14:02.503+08:00  INFO 16396 --- [seckill-system] [io-18090-exec-5] c.d.s.service.ProtectedSeckillService    : submission queued request=435fd959-2482-3996-97a2-8ce6690221c4
2026-09-29T15:14:02.511+08:00  INFO 16396 --- [seckill-system] [OrderListener-2] c.d.seckill.service.AsyncOrderConsumer   : order committed request=d14726b7-00ba-367c-912f-e059d31b225c order=136270
2026-09-29T15:14:02.512+08:00  INFO 16396 --- [seckill-system] [OrderListener-1] c.d.seckill.service.AsyncOrderConsumer   : order committed request=435fd959-2482-3996-97a2-8ce6690221c4 order=136271
2026-09-29T15:14:02.523+08:00  INFO 16396 --- [seckill-system] [OrderListener-2] c.d.seckill.service.AsyncOrderConsumer   : order committed request=298102fa-1593-3f90-b2f6-c9e02d5cb28b order=136272
2026-09-29T15:14:02.558+08:00  INFO 16396 --- [seckill-system] [io-18090-exec-1] c.d.s.service.ProtectedSeckillService    : submission queued request=65a8cd87-09db-3b3b-86b6-0f838fbaee1b
2026-09-29T15:14:02.558+08:00  INFO 16396 --- [seckill-system] [io-18090-exec-9] c.d.s.service.ProtectedSeckillService    : submission queued request=4f6619e5-2a41-3c07-9383-53a1b1711b91
2026-09-29T15:14:02.563+08:00  INFO 16396 --- [seckill-system] [io-18090-exec-2] c.d.s.service.ProtectedSeckillService    : submission queued request=36ef2d57-8d5d-3df2-8f8b-d899c47e38c0
2026-09-29T15:14:02.564+08:00  INFO 16396 --- [seckill-system] [io-18090-exec-7] c.d.s.service.ProtectedSeckillService    : submission queued request=c40f412e-930a-3939-aa6f-3fcb7b97f03c
2026-09-29T15:14:02.564+08:00  INFO 16396 --- [seckill-system] [io-18090-exec-3] c.d.s.service.ProtectedSeckillService    : submission queued request=360b0972-3a16-3136-9995-600fb57ba474
2026-09-29T15:14:02.564+08:00  INFO 16396 --- [seckill-system] [io-18090-exec-4] c.d.s.service.ProtectedSeckillService    : submission queued request=edee9bb0-534b-3e9c-be99-d610d39faf82
2026-09-29T15:14:02.570+08:00  INFO 16396 --- [seckill-system] [OrderListener-1] c.d.seckill.service.AsyncOrderConsumer   : order committed request=65a8cd87-09db-3b3b-86b6-0f838fbaee1b order=136273
2026-09-29T15:14:02.570+08:00  INFO 16396 --- [seckill-system] [OrderListener-2] c.d.seckill.service.AsyncOrderConsumer   : order committed request=4f6619e5-2a41-3c07-9383-53a1b1711b91 order=136274
2026-09-29T15:14:02.581+08:00  INFO 16396 --- [seckill-system] [OrderListener-1] c.d.seckill.service.AsyncOrderConsumer   : order committed request=36ef2d57-8d5d-3df2-8f8b-d899c47e38c0 order=136275
2026-09-29T15:14:02.581+08:00  INFO 16396 --- [seckill-system] [OrderListener-2] c.d.seckill.service.AsyncOrderConsumer   : order committed request=360b0972-3a16-3136-9995-600fb57ba474 order=136276
2026-09-29T15:14:02.593+08:00  INFO 16396 --- [seckill-system] [OrderListener-1] c.d.seckill.service.AsyncOrderConsumer   : order committed request=c40f412e-930a-3939-aa6f-3fcb7b97f03c order=136277
2026-09-29T15:14:02.593+08:00  INFO 16396 --- [seckill-system] [OrderListener-2] c.d.seckill.service.AsyncOrderConsumer   : order committed request=edee9bb0-534b-3e9c-be99-d610d39faf82 order=136278
2026-09-29T15:14:02.614+08:00  INFO 16396 --- [seckill-system] [io-18090-exec-6] c.d.s.service.ProtectedSeckillService    : submission queued request=ba6fa60f-c584-3ed5-ae94-bee5d33f027d
2026-09-29T15:14:02.623+08:00  INFO 16396 --- [seckill-system] [io-18090-exec-5] c.d.s.service.ProtectedSeckillService    : submission queued request=bb87a8d7-3039-3b7a-947d-ada5c6f416db
2026-09-29T15:14:02.623+08:00  INFO 16396 --- [seckill-system] [io-18090-exec-8] c.d.s.service.ProtectedSeckillService    : submission queued request=9712cd3c-675a-3e0b-a058-caf706d176c4
2026-09-29T15:14:02.624+08:00  INFO 16396 --- [seckill-system] [o-18090-exec-10] c.d.s.service.ProtectedSeckillService    : submission queued request=b73a64bc-759c-3c54-9c47-55e7a9e2f0d4
2026-09-29T15:14:02.625+08:00  INFO 16396 --- [seckill-system] [OrderListener-1] c.d.seckill.service.AsyncOrderConsumer   : order committed request=ba6fa60f-c584-3ed5-ae94-bee5d33f027d order=136279
2026-09-29T15:14:02.633+08:00  INFO 16396 --- [seckill-system] [OrderListener-2] c.d.seckill.service.AsyncOrderConsumer   : order committed request=9712cd3c-675a-3e0b-a058-caf706d176c4 order=136280
2026-09-29T15:14:02.635+08:00  INFO 16396 --- [seckill-system] [OrderListener-1] c.d.seckill.service.AsyncOrderConsumer   : order committed request=bb87a8d7-3039-3b7a-947d-ada5c6f416db order=136281
2026-09-29T15:14:02.643+08:00  INFO 16396 --- [seckill-system] [OrderListener-2] c.d.seckill.service.AsyncOrderConsumer   : order committed request=b73a64bc-759c-3c54-9c47-55e7a9e2f0d4 order=136282
2026-09-29T15:14:02.685+08:00  INFO 16396 --- [seckill-system] [io-18090-exec-1] c.d.s.service.ProtectedSeckillService    : submission queued request=3d18f9e1-1635-396d-ad8b-5050fb931475
2026-09-29T15:14:02.685+08:00  INFO 16396 --- [seckill-system] [io-18090-exec-4] c.d.s.service.ProtectedSeckillService    : submission queued request=6f7176db-0eaa-3fc3-bfe8-a8cc23e09e4e
2026-09-29T15:14:02.686+08:00  INFO 16396 --- [seckill-system] [io-18090-exec-7] c.d.s.service.ProtectedSeckillService    : submission queued request=b402f8a1-726b-3967-89da-f93c1bc8e028
2026-09-29T15:14:02.698+08:00  INFO 16396 --- [seckill-system] [io-18090-exec-2] c.d.s.service.ProtectedSeckillService    : submission queued request=ed812ec7-4d66-38e2-b279-34439e7a5734
2026-09-29T15:14:02.699+08:00  INFO 16396 --- [seckill-system] [io-18090-exec-9] c.d.s.service.ProtectedSeckillService    : submission queued request=d226cd69-cc09-32f9-a3bb-1adac1d69791
2026-09-29T15:14:02.699+08:00  INFO 16396 --- [seckill-system] [io-18090-exec-3] c.d.s.service.ProtectedSeckillService    : submission queued request=6b881d39-f13c-3ece-98c7-8d3c517e0e14
2026-09-29T15:14:02.704+08:00  INFO 16396 --- [seckill-system] [OrderListener-1] c.d.seckill.service.AsyncOrderConsumer   : order committed request=3d18f9e1-1635-396d-ad8b-5050fb931475 order=136283
2026-09-29T15:14:02.710+08:00  INFO 16396 --- [seckill-system] [OrderListener-2] c.d.seckill.service.AsyncOrderConsumer   : order committed request=6f7176db-0eaa-3fc3-bfe8-a8cc23e09e4e order=136284
2026-09-29T15:14:02.714+08:00  INFO 16396 --- [seckill-system] [OrderListener-1] c.d.seckill.service.AsyncOrderConsumer   : order committed request=b402f8a1-726b-3967-89da-f93c1bc8e028 order=136285
2026-09-29T15:14:02.721+08:00  INFO 16396 --- [seckill-system] [OrderListener-2] c.d.seckill.service.AsyncOrderConsumer   : order committed request=ed812ec7-4d66-38e2-b279-34439e7a5734 order=136286
2026-09-29T15:14:02.727+08:00  INFO 16396 --- [seckill-system] [OrderListener-1] c.d.seckill.service.AsyncOrderConsumer   : order committed request=6b881d39-f13c-3ece-98c7-8d3c517e0e14 order=136287
2026-09-29T15:14:02.731+08:00  INFO 16396 --- [seckill-system] [OrderListener-2] c.d.seckill.service.AsyncOrderConsumer   : order committed request=d226cd69-cc09-32f9-a3bb-1adac1d69791 order=136288
2026-09-29T15:14:02.750+08:00  INFO 16396 --- [seckill-system] [io-18090-exec-8] c.d.s.service.ProtectedSeckillService    : submission queued request=fe9a9b7d-a535-3e57-9ef8-5cc218f38d51
2026-09-29T15:14:02.750+08:00  INFO 16396 --- [seckill-system] [o-18090-exec-10] c.d.s.service.ProtectedSeckillService    : submission queued request=bd002f54-2a46-3e3e-b29d-86c6343b7bcf
2026-09-29T15:14:02.751+08:00  INFO 16396 --- [seckill-system] [io-18090-exec-6] c.d.s.service.ProtectedSeckillService    : submission queued request=60730a09-0e97-3797-a8bb-335f4e8469c6
2026-09-29T15:14:02.751+08:00  INFO 16396 --- [seckill-system] [io-18090-exec-5] c.d.s.service.ProtectedSeckillService    : submission queued request=90b83132-6059-34d2-9ef8-4c37d4f46e8a
2026-09-29T15:14:02.762+08:00  INFO 16396 --- [seckill-system] [OrderListener-2] c.d.seckill.service.AsyncOrderConsumer   : order committed request=60730a09-0e97-3797-a8bb-335f4e8469c6 order=136289
2026-09-29T15:14:02.762+08:00  INFO 16396 --- [seckill-system] [OrderListener-1] c.d.seckill.service.AsyncOrderConsumer   : order committed request=90b83132-6059-34d2-9ef8-4c37d4f46e8a order=136290
2026-09-29T15:14:02.774+08:00  INFO 16396 --- [seckill-system] [OrderListener-1] c.d.seckill.service.AsyncOrderConsumer   : order committed request=fe9a9b7d-a535-3e57-9ef8-5cc218f38d51 order=136292
2026-09-29T15:14:02.774+08:00  INFO 16396 --- [seckill-system] [OrderListener-2] c.d.seckill.service.AsyncOrderConsumer   : order committed request=bd002f54-2a46-3e3e-b29d-86c6343b7bcf order=136291
2026-09-29T15:14:02.817+08:00  INFO 16396 --- [seckill-system] [io-18090-exec-1] c.d.s.service.ProtectedSeckillService    : submission queued request=0f4e0d54-e0ec-364d-9a3d-a0635bd98801
2026-09-29T15:14:02.817+08:00  INFO 16396 --- [seckill-system] [io-18090-exec-7] c.d.s.service.ProtectedSeckillService    : submission queued request=1f850259-55d3-37b9-a593-a688733c1fee
2026-09-29T15:14:02.817+08:00  INFO 16396 --- [seckill-system] [io-18090-exec-4] c.d.s.service.ProtectedSeckillService    : submission queued request=9515378b-0d20-322a-9247-dc68239b1d86
2026-09-29T15:14:02.831+08:00  INFO 16396 --- [seckill-system] [io-18090-exec-3] c.d.s.service.ProtectedSeckillService    : submission queued request=cde2c5ac-d246-32fa-acfd-e895f4255036
2026-09-29T15:14:02.831+08:00  INFO 16396 --- [seckill-system] [io-18090-exec-2] c.d.s.service.ProtectedSeckillService    : submission queued request=bcd71ad7-0dee-339f-b7fa-7c4d4dcfb664
2026-09-29T15:14:02.831+08:00  INFO 16396 --- [seckill-system] [io-18090-exec-9] c.d.s.service.ProtectedSeckillService    : submission queued request=f725be32-f19d-3348-9a0a-52a5d54a947e
2026-09-29T15:14:02.835+08:00  INFO 16396 --- [seckill-system] [OrderListener-1] c.d.seckill.service.AsyncOrderConsumer   : order committed request=0f4e0d54-e0ec-364d-9a3d-a0635bd98801 order=136293
2026-09-29T15:14:02.835+08:00  INFO 16396 --- [seckill-system] [OrderListener-2] c.d.seckill.service.AsyncOrderConsumer   : order committed request=1f850259-55d3-37b9-a593-a688733c1fee order=136294
2026-09-29T15:14:02.851+08:00  INFO 16396 --- [seckill-system] [OrderListener-2] c.d.seckill.service.AsyncOrderConsumer   : order committed request=cde2c5ac-d246-32fa-acfd-e895f4255036 order=136295
2026-09-29T15:14:02.851+08:00  INFO 16396 --- [seckill-system] [OrderListener-1] c.d.seckill.service.AsyncOrderConsumer   : order committed request=9515378b-0d20-322a-9247-dc68239b1d86 order=136296
2026-09-29T15:14:02.866+08:00  INFO 16396 --- [seckill-system] [OrderListener-1] c.d.seckill.service.AsyncOrderConsumer   : order committed request=bcd71ad7-0dee-339f-b7fa-7c4d4dcfb664 order=136297
2026-09-29T15:14:02.867+08:00  INFO 16396 --- [seckill-system] [OrderListener-2] c.d.seckill.service.AsyncOrderConsumer   : order committed request=f725be32-f19d-3348-9a0a-52a5d54a947e order=136298
2026-09-29T15:14:02.883+08:00  INFO 16396 --- [seckill-system] [io-18090-exec-8] c.d.s.service.ProtectedSeckillService    : submission queued request=14eb834d-caaa-330b-8859-6fbcda2f8423
2026-09-29T15:14:02.883+08:00  INFO 16396 --- [seckill-system] [io-18090-exec-6] c.d.s.service.ProtectedSeckillService    : submission queued request=a8406360-c8be-3fc9-98c8-fb540ac50236
2026-09-29T15:14:02.883+08:00  INFO 16396 --- [seckill-system] [o-18090-exec-10] c.d.s.service.ProtectedSeckillService    : submission queued request=de8355f4-cc26-3897-ae24-8761325f881f
2026-09-29T15:14:02.883+08:00  INFO 16396 --- [seckill-system] [io-18090-exec-5] c.d.s.service.ProtectedSeckillService    : submission queued request=9ae9adac-6ea0-3e45-b4e0-9bebceab1b3e
2026-09-29T15:14:02.898+08:00  INFO 16396 --- [seckill-system] [OrderListener-2] c.d.seckill.service.AsyncOrderConsumer   : order committed request=a8406360-c8be-3fc9-98c8-fb540ac50236 order=136299
2026-09-29T15:14:02.898+08:00  INFO 16396 --- [seckill-system] [OrderListener-1] c.d.seckill.service.AsyncOrderConsumer   : order committed request=de8355f4-cc26-3897-ae24-8761325f881f order=136300
2026-09-29T15:14:02.915+08:00  INFO 16396 --- [seckill-system] [OrderListener-1] c.d.seckill.service.AsyncOrderConsumer   : order committed request=14eb834d-caaa-330b-8859-6fbcda2f8423 order=136302
2026-09-29T15:14:02.915+08:00  INFO 16396 --- [seckill-system] [OrderListener-2] c.d.seckill.service.AsyncOrderConsumer   : order committed request=9ae9adac-6ea0-3e45-b4e0-9bebceab1b3e order=136301
2026-09-29T15:14:02.950+08:00  INFO 16396 --- [seckill-system] [io-18090-exec-7] c.d.s.service.ProtectedSeckillService    : submission queued request=8caf2b22-4339-39f7-8e8e-1ae8341a6cd1
2026-09-29T15:14:02.950+08:00  INFO 16396 --- [seckill-system] [io-18090-exec-4] c.d.s.service.ProtectedSeckillService    : submission queued request=87af0203-a54d-323e-9596-24c2ae00d2ee
2026-09-29T15:14:02.950+08:00  INFO 16396 --- [seckill-system] [io-18090-exec-2] c.d.s.service.ProtectedSeckillService    : submission queued request=ce80ea63-8c07-313d-9c0c-cec31ef310a4
2026-09-29T15:14:02.970+08:00  INFO 16396 --- [seckill-system] [io-18090-exec-1] c.d.s.service.ProtectedSeckillService    : submission queued request=979529fa-68d1-3e55-a243-5a0b30abad4e
2026-09-29T15:14:02.971+08:00  INFO 16396 --- [seckill-system] [io-18090-exec-3] c.d.s.service.ProtectedSeckillService    : submission queued request=553081c5-a4a2-3736-ac1c-7428c18df441
2026-09-29T15:14:02.971+08:00  INFO 16396 --- [seckill-system] [io-18090-exec-9] c.d.s.service.ProtectedSeckillService    : submission queued request=b3ddc214-5a76-3564-ac9a-5feeab1be831
2026-09-29T15:14:02.976+08:00  INFO 16396 --- [seckill-system] [OrderListener-2] c.d.seckill.service.AsyncOrderConsumer   : order committed request=ce80ea63-8c07-313d-9c0c-cec31ef310a4 order=136303
2026-09-29T15:14:02.976+08:00  INFO 16396 --- [seckill-system] [OrderListener-1] c.d.seckill.service.AsyncOrderConsumer   : order committed request=8caf2b22-4339-39f7-8e8e-1ae8341a6cd1 order=136304
2026-09-29T15:14:02.992+08:00  INFO 16396 --- [seckill-system] [OrderListener-2] c.d.seckill.service.AsyncOrderConsumer   : order committed request=979529fa-68d1-3e55-a243-5a0b30abad4e order=136306
2026-09-29T15:14:02.992+08:00  INFO 16396 --- [seckill-system] [OrderListener-1] c.d.seckill.service.AsyncOrderConsumer   : order committed request=87af0203-a54d-323e-9596-24c2ae00d2ee order=136305
2026-09-29T15:14:03.007+08:00  INFO 16396 --- [seckill-system] [OrderListener-2] c.d.seckill.service.AsyncOrderConsumer   : order committed request=553081c5-a4a2-3736-ac1c-7428c18df441 order=136308
2026-09-29T15:14:03.012+08:00  INFO 16396 --- [seckill-system] [OrderListener-1] c.d.seckill.service.AsyncOrderConsumer   : order committed request=b3ddc214-5a76-3564-ac9a-5feeab1be831 order=136307
2026-09-29T15:14:03.024+08:00  INFO 16396 --- [seckill-system] [io-18090-exec-8] c.d.s.service.ProtectedSeckillService    : submission queued request=b6a9fd50-9dcc-3cc0-91ff-60f132d585ca
2026-09-29T15:14:03.024+08:00  INFO 16396 --- [seckill-system] [o-18090-exec-10] c.d.s.service.ProtectedSeckillService    : submission queued request=17371f27-b33b-3634-8c5c-a7c55dff9403
2026-09-29T15:14:03.024+08:00  INFO 16396 --- [seckill-system] [io-18090-exec-6] c.d.s.service.ProtectedSeckillService    : submission queued request=b7ca0a05-ea40-31bd-8594-29649cb79101
2026-09-29T15:14:03.024+08:00  INFO 16396 --- [seckill-system] [io-18090-exec-5] c.d.s.service.ProtectedSeckillService    : submission queued request=788ec87c-6281-33f1-8e39-fa26548f9cae
2026-09-29T15:14:03.039+08:00  INFO 16396 --- [seckill-system] [OrderListener-2] c.d.seckill.service.AsyncOrderConsumer   : order committed request=788ec87c-6281-33f1-8e39-fa26548f9cae order=136309
2026-09-29T15:14:03.039+08:00  INFO 16396 --- [seckill-system] [OrderListener-1] c.d.seckill.service.AsyncOrderConsumer   : order committed request=b6a9fd50-9dcc-3cc0-91ff-60f132d585ca order=136310
2026-09-29T15:14:03.056+08:00  INFO 16396 --- [seckill-system] [OrderListener-1] c.d.seckill.service.AsyncOrderConsumer   : order committed request=b7ca0a05-ea40-31bd-8594-29649cb79101 order=136311
2026-09-29T15:14:03.056+08:00  INFO 16396 --- [seckill-system] [OrderListener-2] c.d.seckill.service.AsyncOrderConsumer   : order committed request=17371f27-b33b-3634-8c5c-a7c55dff9403 order=136312
2026-09-29T15:14:03.093+08:00  INFO 16396 --- [seckill-system] [io-18090-exec-1] c.d.s.service.ProtectedSeckillService    : submission queued request=c6dd1e6f-3655-3a35-844c-64c3a78f1270
2026-09-29T15:14:03.093+08:00  INFO 16396 --- [seckill-system] [io-18090-exec-9] c.d.s.service.ProtectedSeckillService    : submission queued request=a12b44be-9577-3281-b037-17e4785d3652
2026-09-29T15:14:03.094+08:00  INFO 16396 --- [seckill-system] [io-18090-exec-3] c.d.s.service.ProtectedSeckillService    : submission queued request=6ca6bf78-2dd8-3699-a6e9-dc3d95beb64f
2026-09-29T15:14:03.094+08:00  INFO 16396 --- [seckill-system] [io-18090-exec-7] c.d.s.service.ProtectedSeckillService    : submission queued request=bccfb45e-e706-37ee-8b85-6cafe2d2b0cd
2026-09-29T15:14:03.094+08:00  INFO 16396 --- [seckill-system] [io-18090-exec-4] c.d.s.service.ProtectedSeckillService    : submission queued request=24cb10a3-3a1e-31df-985e-e6ff179eb36c
2026-09-29T15:14:03.094+08:00  INFO 16396 --- [seckill-system] [io-18090-exec-2] c.d.s.service.ProtectedSeckillService    : submission queued request=d0c4fb4d-9c06-31ca-b4e0-fe88a2f38623
2026-09-29T15:14:03.105+08:00  INFO 16396 --- [seckill-system] [OrderListener-2] c.d.seckill.service.AsyncOrderConsumer   : order committed request=d0c4fb4d-9c06-31ca-b4e0-fe88a2f38623 order=136314
2026-09-29T15:14:03.105+08:00  INFO 16396 --- [seckill-system] [OrderListener-1] c.d.seckill.service.AsyncOrderConsumer   : order committed request=24cb10a3-3a1e-31df-985e-e6ff179eb36c order=136313
2026-09-29T15:14:03.120+08:00  INFO 16396 --- [seckill-system] [OrderListener-1] c.d.seckill.service.AsyncOrderConsumer   : order committed request=bccfb45e-e706-37ee-8b85-6cafe2d2b0cd order=136316
2026-09-29T15:14:03.120+08:00  INFO 16396 --- [seckill-system] [OrderListener-2] c.d.seckill.service.AsyncOrderConsumer   : order committed request=a12b44be-9577-3281-b037-17e4785d3652 order=136315
2026-09-29T15:14:03.135+08:00  INFO 16396 --- [seckill-system] [OrderListener-1] c.d.seckill.service.AsyncOrderConsumer   : order committed request=6ca6bf78-2dd8-3699-a6e9-dc3d95beb64f order=136318
2026-09-29T15:14:03.135+08:00  INFO 16396 --- [seckill-system] [OrderListener-2] c.d.seckill.service.AsyncOrderConsumer   : order committed request=c6dd1e6f-3655-3a35-844c-64c3a78f1270 order=136317
2026-09-29T15:14:03.155+08:00  INFO 16396 --- [seckill-system] [io-18090-exec-8] c.d.s.service.ProtectedSeckillService    : submission queued request=209e5e87-e4ff-3a68-8b57-2fd67f8e5337
2026-09-29T15:14:03.155+08:00  INFO 16396 --- [seckill-system] [io-18090-exec-5] c.d.s.service.ProtectedSeckillService    : submission queued request=ba68fc9a-9255-3ed6-b98a-12a72944dc2b
2026-09-29T15:14:03.155+08:00  INFO 16396 --- [seckill-system] [io-18090-exec-6] c.d.s.service.ProtectedSeckillService    : submission queued request=c1a60cee-27bb-32ba-9678-68bc28298e67
2026-09-29T15:14:03.155+08:00  INFO 16396 --- [seckill-system] [o-18090-exec-10] c.d.s.service.ProtectedSeckillService    : submission queued request=8eed8420-4019-351d-9dc0-1bb64ffefa60
2026-09-29T15:14:03.171+08:00  INFO 16396 --- [seckill-system] [OrderListener-1] c.d.seckill.service.AsyncOrderConsumer   : order committed request=ba68fc9a-9255-3ed6-b98a-12a72944dc2b order=136320
2026-09-29T15:14:03.172+08:00  INFO 16396 --- [seckill-system] [OrderListener-2] c.d.seckill.service.AsyncOrderConsumer   : order committed request=8eed8420-4019-351d-9dc0-1bb64ffefa60 order=136319
2026-09-29T15:14:03.188+08:00  INFO 16396 --- [seckill-system] [OrderListener-2] c.d.seckill.service.AsyncOrderConsumer   : order committed request=209e5e87-e4ff-3a68-8b57-2fd67f8e5337 order=136321
2026-09-29T15:14:03.188+08:00  INFO 16396 --- [seckill-system] [OrderListener-1] c.d.seckill.service.AsyncOrderConsumer   : order committed request=c1a60cee-27bb-32ba-9678-68bc28298e67 order=136322
2026-09-29T15:14:03.219+08:00  INFO 16396 --- [seckill-system] [io-18090-exec-9] c.d.s.service.ProtectedSeckillService    : submission queued request=abcd995e-218c-346e-8511-d1f445ce607d
2026-09-29T15:14:03.219+08:00  INFO 16396 --- [seckill-system] [io-18090-exec-1] c.d.s.service.ProtectedSeckillService    : submission queued request=73607123-5089-3c10-814e-c99d4f67ce28
2026-09-29T15:14:03.219+08:00  INFO 16396 --- [seckill-system] [io-18090-exec-3] c.d.s.service.ProtectedSeckillService    : submission queued request=8a27cf6c-3ce9-3f61-a2ec-ba0866f6bff0
2026-09-29T15:14:03.227+08:00  INFO 16396 --- [seckill-system] [io-18090-exec-2] c.d.s.service.ProtectedSeckillService    : submission queued request=51e973f3-607b-3100-91d6-24edbe6273c0
2026-09-29T15:14:03.228+08:00  INFO 16396 --- [seckill-system] [io-18090-exec-7] c.d.s.service.ProtectedSeckillService    : submission queued request=96f19ef1-540f-3be1-a683-fa71ae4499bf
2026-09-29T15:14:03.228+08:00  INFO 16396 --- [seckill-system] [io-18090-exec-4] c.d.s.service.ProtectedSeckillService    : submission queued request=460b1d20-36a1-30fd-b05a-a96ff2e02a76
2026-09-29T15:14:03.234+08:00  INFO 16396 --- [seckill-system] [OrderListener-2] c.d.seckill.service.AsyncOrderConsumer   : order committed request=73607123-5089-3c10-814e-c99d4f67ce28 order=136324
2026-09-29T15:14:03.235+08:00  INFO 16396 --- [seckill-system] [OrderListener-1] c.d.seckill.service.AsyncOrderConsumer   : order committed request=abcd995e-218c-346e-8511-d1f445ce607d order=136323
2026-09-29T15:14:03.247+08:00  INFO 16396 --- [seckill-system] [OrderListener-2] c.d.seckill.service.AsyncOrderConsumer   : order committed request=51e973f3-607b-3100-91d6-24edbe6273c0 order=136326
2026-09-29T15:14:03.248+08:00  INFO 16396 --- [seckill-system] [OrderListener-1] c.d.seckill.service.AsyncOrderConsumer   : order committed request=8a27cf6c-3ce9-3f61-a2ec-ba0866f6bff0 order=136325
2026-09-29T15:14:03.260+08:00  INFO 16396 --- [seckill-system] [OrderListener-1] c.d.seckill.service.AsyncOrderConsumer   : order committed request=460b1d20-36a1-30fd-b05a-a96ff2e02a76 order=136327
2026-09-29T15:14:03.260+08:00  INFO 16396 --- [seckill-system] [OrderListener-2] c.d.seckill.service.AsyncOrderConsumer   : order committed request=96f19ef1-540f-3be1-a683-fa71ae4499bf order=136328
2026-09-29T15:14:03.287+08:00  INFO 16396 --- [seckill-system] [o-18090-exec-10] c.d.s.service.ProtectedSeckillService    : submission queued request=27bda82d-e1b8-3dd5-95e9-be6fe19116c3
2026-09-29T15:14:03.287+08:00  INFO 16396 --- [seckill-system] [io-18090-exec-8] c.d.s.service.ProtectedSeckillService    : submission queued request=28e801a2-195c-34de-bde9-37c36d2ea3f5
2026-09-29T15:14:03.287+08:00  INFO 16396 --- [seckill-system] [io-18090-exec-5] c.d.s.service.ProtectedSeckillService    : submission queued request=f17ab441-e21b-335e-a9e0-9b0eb3da594a
2026-09-29T15:14:03.287+08:00  INFO 16396 --- [seckill-system] [io-18090-exec-6] c.d.s.service.ProtectedSeckillService    : submission queued request=3fca4a1d-a15b-39aa-8a75-f301d3d9f2c6
2026-09-29T15:14:03.300+08:00  INFO 16396 --- [seckill-system] [OrderListener-1] c.d.seckill.service.AsyncOrderConsumer   : order committed request=3fca4a1d-a15b-39aa-8a75-f301d3d9f2c6 order=136329
2026-09-29T15:14:03.300+08:00  INFO 16396 --- [seckill-system] [OrderListener-2] c.d.seckill.service.AsyncOrderConsumer   : order committed request=f17ab441-e21b-335e-a9e0-9b0eb3da594a order=136330
2026-09-29T15:14:03.316+08:00  INFO 16396 --- [seckill-system] [OrderListener-2] c.d.seckill.service.AsyncOrderConsumer   : order committed request=28e801a2-195c-34de-bde9-37c36d2ea3f5 order=136332
2026-09-29T15:14:03.316+08:00  INFO 16396 --- [seckill-system] [OrderListener-1] c.d.seckill.service.AsyncOrderConsumer   : order committed request=27bda82d-e1b8-3dd5-95e9-be6fe19116c3 order=136331
2026-09-29T15:14:03.372+08:00  INFO 16396 --- [seckill-system] [io-18090-exec-4] c.d.s.service.ProtectedSeckillService    : submission queued request=4df1f443-298d-3471-a71f-9e256b877bca
2026-09-29T15:14:03.372+08:00  INFO 16396 --- [seckill-system] [io-18090-exec-2] c.d.s.service.ProtectedSeckillService    : submission queued request=3de7e236-32fd-320d-90c3-b1f694c33d7c
2026-09-29T15:14:03.372+08:00  INFO 16396 --- [seckill-system] [io-18090-exec-3] c.d.s.service.ProtectedSeckillService    : submission queued request=ffd634b0-1aa4-3815-ac17-0785aad00463
2026-09-29T15:14:03.372+08:00  INFO 16396 --- [seckill-system] [io-18090-exec-9] c.d.s.service.ProtectedSeckillService    : submission queued request=fecc9fa3-d55a-35d6-9c61-1a6fa041033b
2026-09-29T15:14:03.373+08:00  INFO 16396 --- [seckill-system] [io-18090-exec-1] c.d.s.service.ProtectedSeckillService    : submission queued request=836f76d7-9240-34f6-9bf3-75a470b32a9c
2026-09-29T15:14:03.374+08:00  INFO 16396 --- [seckill-system] [io-18090-exec-7] c.d.s.service.ProtectedSeckillService    : submission queued request=f4bc5fe8-5d4c-3409-b5ac-132c763cacef
2026-09-29T15:14:03.385+08:00  INFO 16396 --- [seckill-system] [OrderListener-1] c.d.seckill.service.AsyncOrderConsumer   : order committed request=ffd634b0-1aa4-3815-ac17-0785aad00463 order=136333
2026-09-29T15:14:03.385+08:00  INFO 16396 --- [seckill-system] [OrderListener-2] c.d.seckill.service.AsyncOrderConsumer   : order committed request=4df1f443-298d-3471-a71f-9e256b877bca order=136334
2026-09-29T15:14:03.397+08:00  INFO 16396 --- [seckill-system] [OrderListener-1] c.d.seckill.service.AsyncOrderConsumer   : order committed request=3de7e236-32fd-320d-90c3-b1f694c33d7c order=136336
2026-09-29T15:14:03.398+08:00  INFO 16396 --- [seckill-system] [OrderListener-2] c.d.seckill.service.AsyncOrderConsumer   : order committed request=fecc9fa3-d55a-35d6-9c61-1a6fa041033b order=136335
2026-09-29T15:14:03.410+08:00  INFO 16396 --- [seckill-system] [OrderListener-1] c.d.seckill.service.AsyncOrderConsumer   : order committed request=836f76d7-9240-34f6-9bf3-75a470b32a9c order=136337
2026-09-29T15:14:03.411+08:00  INFO 16396 --- [seckill-system] [OrderListener-2] c.d.seckill.service.AsyncOrderConsumer   : order committed request=f4bc5fe8-5d4c-3409-b5ac-132c763cacef order=136338
2026-09-29T15:14:03.431+08:00  INFO 16396 --- [seckill-system] [o-18090-exec-10] c.d.s.service.ProtectedSeckillService    : submission queued request=71f1ae43-2f88-3c01-bff1-de647da88543
2026-09-29T15:14:03.431+08:00  INFO 16396 --- [seckill-system] [io-18090-exec-8] c.d.s.service.ProtectedSeckillService    : submission queued request=dd16f074-b2e9-3e54-9310-4305a44eb8cf
2026-09-29T15:14:03.431+08:00  INFO 16396 --- [seckill-system] [io-18090-exec-5] c.d.s.service.ProtectedSeckillService    : submission queued request=6512c92b-32bd-3673-84eb-600307c92e78
2026-09-29T15:14:03.431+08:00  INFO 16396 --- [seckill-system] [io-18090-exec-6] c.d.s.service.ProtectedSeckillService    : submission queued request=6879bdbf-bbb8-3316-98a1-2a890771a3f8
2026-09-29T15:14:03.445+08:00  INFO 16396 --- [seckill-system] [OrderListener-1] c.d.seckill.service.AsyncOrderConsumer   : order committed request=6512c92b-32bd-3673-84eb-600307c92e78 order=136339
2026-09-29T15:14:03.445+08:00  INFO 16396 --- [seckill-system] [OrderListener-2] c.d.seckill.service.AsyncOrderConsumer   : order committed request=dd16f074-b2e9-3e54-9310-4305a44eb8cf order=136340
2026-09-29T15:14:03.461+08:00  INFO 16396 --- [seckill-system] [OrderListener-1] c.d.seckill.service.AsyncOrderConsumer   : order committed request=71f1ae43-2f88-3c01-bff1-de647da88543 order=136341
2026-09-29T15:14:03.462+08:00  INFO 16396 --- [seckill-system] [OrderListener-2] c.d.seckill.service.AsyncOrderConsumer   : order committed request=6879bdbf-bbb8-3316-98a1-2a890771a3f8 order=136342
2026-09-29T15:14:03.494+08:00  INFO 16396 --- [seckill-system] [io-18090-exec-1] c.d.s.service.ProtectedSeckillService    : submission queued request=0e3208e8-17e8-3207-a3f2-1530e0a75421
2026-09-29T15:14:03.494+08:00  INFO 16396 --- [seckill-system] [io-18090-exec-3] c.d.s.service.ProtectedSeckillService    : submission queued request=985dd486-3c2d-3f8d-b33b-88beb4ffb52e
2026-09-29T15:14:03.495+08:00  INFO 16396 --- [seckill-system] [io-18090-exec-2] c.d.s.service.ProtectedSeckillService    : submission queued request=c7e724b1-b7cb-3c6c-9da7-5ef4d97d26bc
2026-09-29T15:14:03.495+08:00  INFO 16396 --- [seckill-system] [io-18090-exec-4] c.d.s.service.ProtectedSeckillService    : submission queued request=2ad43c22-28a5-36e3-abf8-f0586f4613df
2026-09-29T15:14:03.495+08:00  INFO 16396 --- [seckill-system] [io-18090-exec-9] c.d.s.service.ProtectedSeckillService    : submission queued request=8316280c-8930-3843-8519-c673e7e4be6b
2026-09-29T15:14:03.503+08:00  INFO 16396 --- [seckill-system] [io-18090-exec-7] c.d.s.service.ProtectedSeckillService    : submission queued request=b02f4c7b-349e-335e-8c05-dc97ce8f7141
2026-09-29T15:14:03.508+08:00  INFO 16396 --- [seckill-system] [OrderListener-2] c.d.seckill.service.AsyncOrderConsumer   : order committed request=2ad43c22-28a5-36e3-abf8-f0586f4613df order=136343
2026-09-29T15:14:03.508+08:00  INFO 16396 --- [seckill-system] [OrderListener-1] c.d.seckill.service.AsyncOrderConsumer   : order committed request=c7e724b1-b7cb-3c6c-9da7-5ef4d97d26bc order=136344
2026-09-29T15:14:03.523+08:00  INFO 16396 --- [seckill-system] [OrderListener-1] c.d.seckill.service.AsyncOrderConsumer   : order committed request=8316280c-8930-3843-8519-c673e7e4be6b order=136345
2026-09-29T15:14:03.524+08:00  INFO 16396 --- [seckill-system] [OrderListener-2] c.d.seckill.service.AsyncOrderConsumer   : order committed request=985dd486-3c2d-3f8d-b33b-88beb4ffb52e order=136346
2026-09-29T15:14:03.537+08:00  INFO 16396 --- [seckill-system] [OrderListener-1] c.d.seckill.service.AsyncOrderConsumer   : order committed request=0e3208e8-17e8-3207-a3f2-1530e0a75421 order=136347
2026-09-29T15:14:03.537+08:00  INFO 16396 --- [seckill-system] [OrderListener-2] c.d.seckill.service.AsyncOrderConsumer   : order committed request=b02f4c7b-349e-335e-8c05-dc97ce8f7141 order=136348
2026-09-29T15:14:03.555+08:00  INFO 16396 --- [seckill-system] [io-18090-exec-5] c.d.s.service.ProtectedSeckillService    : submission queued request=1c16f380-6bb6-35d0-8c02-7e17c74834d5
2026-09-29T15:14:03.555+08:00  INFO 16396 --- [seckill-system] [io-18090-exec-8] c.d.s.service.ProtectedSeckillService    : submission queued request=89027cc5-85b9-3f42-b7af-72e0bd5a0c6c
2026-09-29T15:14:03.555+08:00  INFO 16396 --- [seckill-system] [o-18090-exec-10] c.d.s.service.ProtectedSeckillService    : submission queued request=604b6734-63ba-322c-acae-827d12177d8b
2026-09-29T15:14:03.555+08:00  INFO 16396 --- [seckill-system] [io-18090-exec-6] c.d.s.service.ProtectedSeckillService    : submission queued request=25e11e69-19ce-389c-82d5-b57af3fc433e
2026-09-29T15:14:03.569+08:00  INFO 16396 --- [seckill-system] [OrderListener-1] c.d.seckill.service.AsyncOrderConsumer   : order committed request=89027cc5-85b9-3f42-b7af-72e0bd5a0c6c order=136349
2026-09-29T15:14:03.569+08:00  INFO 16396 --- [seckill-system] [OrderListener-2] c.d.seckill.service.AsyncOrderConsumer   : order committed request=1c16f380-6bb6-35d0-8c02-7e17c74834d5 order=136350
2026-09-29T15:14:03.583+08:00  INFO 16396 --- [seckill-system] [OrderListener-2] c.d.seckill.service.AsyncOrderConsumer   : order committed request=25e11e69-19ce-389c-82d5-b57af3fc433e order=136351
2026-09-29T15:14:03.583+08:00  INFO 16396 --- [seckill-system] [OrderListener-1] c.d.seckill.service.AsyncOrderConsumer   : order committed request=604b6734-63ba-322c-acae-827d12177d8b order=136352
2026-09-29T15:14:03.623+08:00  INFO 16396 --- [seckill-system] [io-18090-exec-3] c.d.s.service.ProtectedSeckillService    : submission queued request=9a894515-c8de-37b9-9deb-0e06cd30f428
2026-09-29T15:14:03.623+08:00  INFO 16396 --- [seckill-system] [io-18090-exec-9] c.d.s.service.ProtectedSeckillService    : submission queued request=4544297e-373c-36ce-b46e-a0d486d96d2d
2026-09-29T15:14:03.628+08:00  INFO 16396 --- [seckill-system] [io-18090-exec-4] c.d.s.service.ProtectedSeckillService    : submission queued request=8be2a3d9-0270-3031-86fe-b1220965dc8b
2026-09-29T15:14:03.629+08:00  INFO 16396 --- [seckill-system] [io-18090-exec-7] c.d.s.service.ProtectedSeckillService    : submission queued request=011b6570-7bdc-3125-bab1-26334782d019
2026-09-29T15:14:03.629+08:00  INFO 16396 --- [seckill-system] [io-18090-exec-2] c.d.s.service.ProtectedSeckillService    : submission queued request=e7b3f505-1152-30ae-9b1a-d5575a165dca
2026-09-29T15:14:03.629+08:00  INFO 16396 --- [seckill-system] [io-18090-exec-1] c.d.s.service.ProtectedSeckillService    : submission queued request=86a9044c-01d8-3e66-b2e0-ff7c4632f382
2026-09-29T15:14:03.642+08:00  INFO 16396 --- [seckill-system] [OrderListener-2] c.d.seckill.service.AsyncOrderConsumer   : order committed request=4544297e-373c-36ce-b46e-a0d486d96d2d order=136353
2026-09-29T15:14:03.645+08:00  INFO 16396 --- [seckill-system] [OrderListener-1] c.d.seckill.service.AsyncOrderConsumer   : order committed request=9a894515-c8de-37b9-9deb-0e06cd30f428 order=136354
2026-09-29T15:14:03.655+08:00  INFO 16396 --- [seckill-system] [OrderListener-2] c.d.seckill.service.AsyncOrderConsumer   : order committed request=86a9044c-01d8-3e66-b2e0-ff7c4632f382 order=136355
2026-09-29T15:14:03.655+08:00  INFO 16396 --- [seckill-system] [OrderListener-1] c.d.seckill.service.AsyncOrderConsumer   : order committed request=8be2a3d9-0270-3031-86fe-b1220965dc8b order=136356
2026-09-29T15:14:03.667+08:00  INFO 16396 --- [seckill-system] [OrderListener-1] c.d.seckill.service.AsyncOrderConsumer   : order committed request=011b6570-7bdc-3125-bab1-26334782d019 order=136358
2026-09-29T15:14:03.668+08:00  INFO 16396 --- [seckill-system] [OrderListener-2] c.d.seckill.service.AsyncOrderConsumer   : order committed request=e7b3f505-1152-30ae-9b1a-d5575a165dca order=136357
2026-09-29T15:14:03.690+08:00  INFO 16396 --- [seckill-system] [io-18090-exec-6] c.d.s.service.ProtectedSeckillService    : submission queued request=09ecc0b4-fa80-3e5f-a157-5bc64f159971
2026-09-29T15:14:03.690+08:00  INFO 16396 --- [seckill-system] [io-18090-exec-8] c.d.s.service.ProtectedSeckillService    : submission queued request=fb910ff5-3a6f-32ad-b2df-1292fedf31af
2026-09-29T15:14:03.690+08:00  INFO 16396 --- [seckill-system] [io-18090-exec-5] c.d.s.service.ProtectedSeckillService    : submission queued request=d7f756a7-db28-398a-87bd-cdc0ec80be9f
2026-09-29T15:14:03.690+08:00  INFO 16396 --- [seckill-system] [o-18090-exec-10] c.d.s.service.ProtectedSeckillService    : submission queued request=7e6de665-92be-3301-8a9f-8576f170aac1
2026-09-29T15:14:03.700+08:00  INFO 16396 --- [seckill-system] [OrderListener-1] c.d.seckill.service.AsyncOrderConsumer   : order committed request=09ecc0b4-fa80-3e5f-a157-5bc64f159971 order=136360
2026-09-29T15:14:03.700+08:00  INFO 16396 --- [seckill-system] [OrderListener-2] c.d.seckill.service.AsyncOrderConsumer   : order committed request=d7f756a7-db28-398a-87bd-cdc0ec80be9f order=136359
2026-09-29T15:14:03.711+08:00  INFO 16396 --- [seckill-system] [OrderListener-2] c.d.seckill.service.AsyncOrderConsumer   : order committed request=7e6de665-92be-3301-8a9f-8576f170aac1 order=136361
2026-09-29T15:14:03.712+08:00  INFO 16396 --- [seckill-system] [OrderListener-1] c.d.seckill.service.AsyncOrderConsumer   : order committed request=fb910ff5-3a6f-32ad-b2df-1292fedf31af order=136362
2026-09-29T15:14:03.748+08:00  INFO 16396 --- [seckill-system] [io-18090-exec-9] c.d.s.service.ProtectedSeckillService    : submission queued request=691d1e63-ccfb-3277-a054-626b5a1406a6
2026-09-29T15:14:03.748+08:00  INFO 16396 --- [seckill-system] [io-18090-exec-7] c.d.s.service.ProtectedSeckillService    : submission queued request=0ec556a3-06af-3ce9-861d-11e7fea48dbd
2026-09-29T15:14:03.748+08:00  INFO 16396 --- [seckill-system] [io-18090-exec-3] c.d.s.service.ProtectedSeckillService    : submission queued request=3c5164bd-b634-3d39-886e-d061733c9c8b
2026-09-29T15:14:03.748+08:00  INFO 16396 --- [seckill-system] [io-18090-exec-1] c.d.s.service.ProtectedSeckillService    : submission queued request=b614633e-8257-3735-baef-55b6fd3d5d32
2026-09-29T15:14:03.753+08:00  INFO 16396 --- [seckill-system] [io-18090-exec-2] c.d.s.service.ProtectedSeckillService    : submission queued request=1cb19793-7150-3384-b325-ea793a4f0bdf
2026-09-29T15:14:03.754+08:00  INFO 16396 --- [seckill-system] [io-18090-exec-4] c.d.s.service.ProtectedSeckillService    : submission queued request=52574568-919d-3b86-98ce-43348ce00ddd
2026-09-29T15:14:03.759+08:00  INFO 16396 --- [seckill-system] [OrderListener-2] c.d.seckill.service.AsyncOrderConsumer   : order committed request=0ec556a3-06af-3ce9-861d-11e7fea48dbd order=136363
2026-09-29T15:14:03.759+08:00  INFO 16396 --- [seckill-system] [OrderListener-1] c.d.seckill.service.AsyncOrderConsumer   : order committed request=691d1e63-ccfb-3277-a054-626b5a1406a6 order=136364
2026-09-29T15:14:03.770+08:00  INFO 16396 --- [seckill-system] [OrderListener-2] c.d.seckill.service.AsyncOrderConsumer   : order committed request=3c5164bd-b634-3d39-886e-d061733c9c8b order=136366
2026-09-29T15:14:03.770+08:00  INFO 16396 --- [seckill-system] [OrderListener-1] c.d.seckill.service.AsyncOrderConsumer   : order committed request=b614633e-8257-3735-baef-55b6fd3d5d32 order=136365
2026-09-29T15:14:03.779+08:00  INFO 16396 --- [seckill-system] [OrderListener-1] c.d.seckill.service.AsyncOrderConsumer   : order committed request=1cb19793-7150-3384-b325-ea793a4f0bdf order=136368
2026-09-29T15:14:03.779+08:00  INFO 16396 --- [seckill-system] [OrderListener-2] c.d.seckill.service.AsyncOrderConsumer   : order committed request=52574568-919d-3b86-98ce-43348ce00ddd order=136367
2026-09-29T15:14:03.805+08:00  INFO 16396 --- [seckill-system] [io-18090-exec-6] c.d.s.service.ProtectedSeckillService    : submission queued request=100604f3-ecdb-37d4-9cd5-76e22cc1cbab
2026-09-29T15:14:03.805+08:00  INFO 16396 --- [seckill-system] [io-18090-exec-5] c.d.s.service.ProtectedSeckillService    : submission queued request=2f987f65-c213-3dd0-885f-7e0d97a8fef5
2026-09-29T15:14:03.811+08:00  INFO 16396 --- [seckill-system] [o-18090-exec-10] c.d.s.service.ProtectedSeckillService    : submission queued request=80071887-d58f-34d3-8e80-307d3ec5a4b4
2026-09-29T15:14:03.812+08:00  INFO 16396 --- [seckill-system] [io-18090-exec-8] c.d.s.service.ProtectedSeckillService    : submission queued request=5034c439-3441-3859-b3dc-8576acef67b6
2026-09-29T15:14:03.815+08:00  INFO 16396 --- [seckill-system] [OrderListener-2] c.d.seckill.service.AsyncOrderConsumer   : order committed request=100604f3-ecdb-37d4-9cd5-76e22cc1cbab order=136369
2026-09-29T15:14:03.816+08:00  INFO 16396 --- [seckill-system] [OrderListener-1] c.d.seckill.service.AsyncOrderConsumer   : order committed request=2f987f65-c213-3dd0-885f-7e0d97a8fef5 order=136370
2026-09-29T15:14:03.827+08:00  INFO 16396 --- [seckill-system] [OrderListener-2] c.d.seckill.service.AsyncOrderConsumer   : order committed request=5034c439-3441-3859-b3dc-8576acef67b6 order=136372
2026-09-29T15:14:03.827+08:00  INFO 16396 --- [seckill-system] [OrderListener-1] c.d.seckill.service.AsyncOrderConsumer   : order committed request=80071887-d58f-34d3-8e80-307d3ec5a4b4 order=136371
2026-09-29T15:14:03.868+08:00  INFO 16396 --- [seckill-system] [io-18090-exec-7] c.d.s.service.ProtectedSeckillService    : submission queued request=952260f2-050f-3b24-9e24-f2a69511104e
2026-09-29T15:14:03.869+08:00  INFO 16396 --- [seckill-system] [io-18090-exec-2] c.d.s.service.ProtectedSeckillService    : submission queued request=86db1325-3145-3c0f-a401-6111ede1cb61
2026-09-29T15:14:03.869+08:00  INFO 16396 --- [seckill-system] [io-18090-exec-9] c.d.s.service.ProtectedSeckillService    : submission queued request=aae03ae7-4bab-37cf-ae70-3abe66921d31
2026-09-29T15:14:03.869+08:00  INFO 16396 --- [seckill-system] [io-18090-exec-1] c.d.s.service.ProtectedSeckillService    : submission queued request=12445993-7603-361b-8411-47b92e6cf117
2026-09-29T15:14:03.874+08:00  INFO 16396 --- [seckill-system] [io-18090-exec-3] c.d.s.service.ProtectedSeckillService    : submission queued request=db9d40a9-0a7d-3ec4-94ce-6e0904e9c821
2026-09-29T15:14:03.875+08:00  INFO 16396 --- [seckill-system] [io-18090-exec-4] c.d.s.service.ProtectedSeckillService    : submission queued request=cb61aefb-f48d-35e7-b186-897079c8405b
2026-09-29T15:14:03.879+08:00  INFO 16396 --- [seckill-system] [OrderListener-2] c.d.seckill.service.AsyncOrderConsumer   : order committed request=12445993-7603-361b-8411-47b92e6cf117 order=136373
2026-09-29T15:14:03.881+08:00  INFO 16396 --- [seckill-system] [OrderListener-1] c.d.seckill.service.AsyncOrderConsumer   : order committed request=aae03ae7-4bab-37cf-ae70-3abe66921d31 order=136374
2026-09-29T15:14:03.891+08:00  INFO 16396 --- [seckill-system] [OrderListener-2] c.d.seckill.service.AsyncOrderConsumer   : order committed request=952260f2-050f-3b24-9e24-f2a69511104e order=136375
2026-09-29T15:14:03.892+08:00  INFO 16396 --- [seckill-system] [OrderListener-1] c.d.seckill.service.AsyncOrderConsumer   : order committed request=86db1325-3145-3c0f-a401-6111ede1cb61 order=136376
2026-09-29T15:14:03.902+08:00  INFO 16396 --- [seckill-system] [OrderListener-2] c.d.seckill.service.AsyncOrderConsumer   : order committed request=cb61aefb-f48d-35e7-b186-897079c8405b order=136377
2026-09-29T15:14:03.903+08:00  INFO 16396 --- [seckill-system] [OrderListener-1] c.d.seckill.service.AsyncOrderConsumer   : order committed request=db9d40a9-0a7d-3ec4-94ce-6e0904e9c821 order=136378
2026-09-29T15:14:03.929+08:00  INFO 16396 --- [seckill-system] [io-18090-exec-8] c.d.s.service.ProtectedSeckillService    : submission queued request=ccd4a146-2b8c-3f49-8e6f-838269040ffa
2026-09-29T15:14:03.929+08:00  INFO 16396 --- [seckill-system] [io-18090-exec-6] c.d.s.service.ProtectedSeckillService    : submission queued request=bea3e3e6-a295-32f4-932b-de8e4416de15
2026-09-29T15:14:03.929+08:00  INFO 16396 --- [seckill-system] [io-18090-exec-5] c.d.s.service.ProtectedSeckillService    : submission queued request=a5b03408-5cec-3403-8bbc-2f1581ef383d
2026-09-29T15:14:03.928+08:00  INFO 16396 --- [seckill-system] [o-18090-exec-10] c.d.s.service.ProtectedSeckillService    : submission queued request=e9b23598-86f2-3b09-857a-848b5d624225
2026-09-29T15:14:03.939+08:00  INFO 16396 --- [seckill-system] [OrderListener-1] c.d.seckill.service.AsyncOrderConsumer   : order committed request=ccd4a146-2b8c-3f49-8e6f-838269040ffa order=136380
2026-09-29T15:14:03.939+08:00  INFO 16396 --- [seckill-system] [OrderListener-2] c.d.seckill.service.AsyncOrderConsumer   : order committed request=e9b23598-86f2-3b09-857a-848b5d624225 order=136379
2026-09-29T15:14:03.951+08:00  INFO 16396 --- [seckill-system] [OrderListener-1] c.d.seckill.service.AsyncOrderConsumer   : order committed request=bea3e3e6-a295-32f4-932b-de8e4416de15 order=136381
2026-09-29T15:14:03.952+08:00  INFO 16396 --- [seckill-system] [OrderListener-2] c.d.seckill.service.AsyncOrderConsumer   : order committed request=a5b03408-5cec-3403-8bbc-2f1581ef383d order=136382
2026-09-29T15:14:03.990+08:00  INFO 16396 --- [seckill-system] [io-18090-exec-7] c.d.s.service.ProtectedSeckillService    : submission queued request=a10a28b6-fb64-34fa-91ee-8a0f6a919bd7
2026-09-29T15:14:03.990+08:00  INFO 16396 --- [seckill-system] [io-18090-exec-4] c.d.s.service.ProtectedSeckillService    : submission queued request=7c30d841-7485-3091-beaa-a312bec613c1
2026-09-29T15:14:03.990+08:00  INFO 16396 --- [seckill-system] [io-18090-exec-3] c.d.s.service.ProtectedSeckillService    : submission queued request=5853b25b-94f6-370c-acf3-1797b77eea20
2026-09-29T15:14:03.990+08:00  INFO 16396 --- [seckill-system] [io-18090-exec-9] c.d.s.service.ProtectedSeckillService    : submission queued request=bd300a2e-355c-30f3-bbef-3594f482d92f
2026-09-29T15:14:03.990+08:00  INFO 16396 --- [seckill-system] [io-18090-exec-2] c.d.s.service.ProtectedSeckillService    : submission queued request=d3abf9b9-a6c9-3bcc-8433-5557a04fce90
2026-09-29T15:14:03.990+08:00  INFO 16396 --- [seckill-system] [io-18090-exec-1] c.d.s.service.ProtectedSeckillService    : submission queued request=e6768b22-d84b-3ee4-b6c3-657da58761ca
2026-09-29T15:14:03.999+08:00  INFO 16396 --- [seckill-system] [OrderListener-2] c.d.seckill.service.AsyncOrderConsumer   : order committed request=7c30d841-7485-3091-beaa-a312bec613c1 order=136384
2026-09-29T15:14:03.999+08:00  INFO 16396 --- [seckill-system] [OrderListener-1] c.d.seckill.service.AsyncOrderConsumer   : order committed request=bd300a2e-355c-30f3-bbef-3594f482d92f order=136383
2026-09-29T15:14:04.009+08:00  INFO 16396 --- [seckill-system] [OrderListener-1] c.d.seckill.service.AsyncOrderConsumer   : order committed request=5853b25b-94f6-370c-acf3-1797b77eea20 order=136385
2026-09-29T15:14:04.010+08:00  INFO 16396 --- [seckill-system] [OrderListener-2] c.d.seckill.service.AsyncOrderConsumer   : order committed request=a10a28b6-fb64-34fa-91ee-8a0f6a919bd7 order=136386
2026-09-29T15:14:04.019+08:00  INFO 16396 --- [seckill-system] [OrderListener-1] c.d.seckill.service.AsyncOrderConsumer   : order committed request=d3abf9b9-a6c9-3bcc-8433-5557a04fce90 order=136387
2026-09-29T15:14:04.020+08:00  INFO 16396 --- [seckill-system] [OrderListener-2] c.d.seckill.service.AsyncOrderConsumer   : order committed request=e6768b22-d84b-3ee4-b6c3-657da58761ca order=136388
2026-09-29T15:14:04.051+08:00  INFO 16396 --- [seckill-system] [io-18090-exec-5] c.d.s.service.ProtectedSeckillService    : submission queued request=2410039c-4c5b-331f-93d8-d5977e591487
2026-09-29T15:14:04.051+08:00  INFO 16396 --- [seckill-system] [io-18090-exec-6] c.d.s.service.ProtectedSeckillService    : submission queued request=2c224cb3-3b2b-3702-9fd4-4c0d90b9565b
2026-09-29T15:14:04.051+08:00  INFO 16396 --- [seckill-system] [io-18090-exec-8] c.d.s.service.ProtectedSeckillService    : submission queued request=773ef0bd-83e5-3e12-ae55-92308cefe708
2026-09-29T15:14:04.051+08:00  INFO 16396 --- [seckill-system] [o-18090-exec-10] c.d.s.service.ProtectedSeckillService    : submission queued request=a6d135b5-03ca-3d68-9de7-9ddc66c16599
2026-09-29T15:14:04.061+08:00  INFO 16396 --- [seckill-system] [OrderListener-1] c.d.seckill.service.AsyncOrderConsumer   : order committed request=2c224cb3-3b2b-3702-9fd4-4c0d90b9565b order=136389
2026-09-29T15:14:04.062+08:00  INFO 16396 --- [seckill-system] [OrderListener-2] c.d.seckill.service.AsyncOrderConsumer   : order committed request=773ef0bd-83e5-3e12-ae55-92308cefe708 order=136390
2026-09-29T15:14:04.073+08:00  INFO 16396 --- [seckill-system] [OrderListener-2] c.d.seckill.service.AsyncOrderConsumer   : order committed request=a6d135b5-03ca-3d68-9de7-9ddc66c16599 order=136391
2026-09-29T15:14:04.073+08:00  INFO 16396 --- [seckill-system] [OrderListener-1] c.d.seckill.service.AsyncOrderConsumer   : order committed request=2410039c-4c5b-331f-93d8-d5977e591487 order=136392
2026-09-29T15:14:04.119+08:00  INFO 16396 --- [seckill-system] [io-18090-exec-7] c.d.s.service.ProtectedSeckillService    : submission queued request=250c2c3b-794d-327c-92d5-80782cbba346
2026-09-29T15:14:04.119+08:00  INFO 16396 --- [seckill-system] [io-18090-exec-9] c.d.s.service.ProtectedSeckillService    : submission queued request=21f4ad2f-6526-3344-b0fc-aa529e2f5f21
2026-09-29T15:14:04.119+08:00  INFO 16396 --- [seckill-system] [io-18090-exec-2] c.d.s.service.ProtectedSeckillService    : submission queued request=2637f614-e083-3b33-90d7-25b37d98f5f4
2026-09-29T15:14:04.119+08:00  INFO 16396 --- [seckill-system] [io-18090-exec-3] c.d.s.service.ProtectedSeckillService    : submission queued request=9f676693-ddee-3e1a-8920-480a6f193d0d
2026-09-29T15:14:04.120+08:00  INFO 16396 --- [seckill-system] [io-18090-exec-4] c.d.s.service.ProtectedSeckillService    : submission queued request=2ac305ac-9656-3247-9d28-f7084e74e0dd
2026-09-29T15:14:04.120+08:00  INFO 16396 --- [seckill-system] [io-18090-exec-1] c.d.s.service.ProtectedSeckillService    : submission queued request=c46e4c43-0aea-381a-81e4-96073b0aac4d
2026-09-29T15:14:04.131+08:00  INFO 16396 --- [seckill-system] [OrderListener-2] c.d.seckill.service.AsyncOrderConsumer   : order committed request=2637f614-e083-3b33-90d7-25b37d98f5f4 order=136394
2026-09-29T15:14:04.131+08:00  INFO 16396 --- [seckill-system] [OrderListener-1] c.d.seckill.service.AsyncOrderConsumer   : order committed request=9f676693-ddee-3e1a-8920-480a6f193d0d order=136393
2026-09-29T15:14:04.141+08:00  INFO 16396 --- [seckill-system] [OrderListener-2] c.d.seckill.service.AsyncOrderConsumer   : order committed request=250c2c3b-794d-327c-92d5-80782cbba346 order=136396
2026-09-29T15:14:04.141+08:00  INFO 16396 --- [seckill-system] [OrderListener-1] c.d.seckill.service.AsyncOrderConsumer   : order committed request=21f4ad2f-6526-3344-b0fc-aa529e2f5f21 order=136395
2026-09-29T15:14:04.151+08:00  INFO 16396 --- [seckill-system] [OrderListener-2] c.d.seckill.service.AsyncOrderConsumer   : order committed request=c46e4c43-0aea-381a-81e4-96073b0aac4d order=136397
2026-09-29T15:14:04.151+08:00  INFO 16396 --- [seckill-system] [OrderListener-1] c.d.seckill.service.AsyncOrderConsumer   : order committed request=2ac305ac-9656-3247-9d28-f7084e74e0dd order=136398
2026-09-29T15:14:04.178+08:00  INFO 16396 --- [seckill-system] [io-18090-exec-5] c.d.s.service.ProtectedSeckillService    : submission queued request=a9481ed2-3b32-3817-8cf4-1caf4b35090d
2026-09-29T15:14:04.178+08:00  INFO 16396 --- [seckill-system] [io-18090-exec-6] c.d.s.service.ProtectedSeckillService    : submission queued request=d428014a-16c0-36e0-94aa-621b9ab32786
2026-09-29T15:14:04.178+08:00  INFO 16396 --- [seckill-system] [io-18090-exec-8] c.d.s.service.ProtectedSeckillService    : submission queued request=daa107cf-790f-3903-a6fb-02591b53c8f1
2026-09-29T15:14:04.178+08:00  INFO 16396 --- [seckill-system] [o-18090-exec-10] c.d.s.service.ProtectedSeckillService    : submission queued request=ea401923-c980-38cd-8d54-a83d4810056e
2026-09-29T15:14:04.188+08:00  INFO 16396 --- [seckill-system] [OrderListener-2] c.d.seckill.service.AsyncOrderConsumer   : order committed request=ea401923-c980-38cd-8d54-a83d4810056e order=136399
2026-09-29T15:14:04.188+08:00  INFO 16396 --- [seckill-system] [OrderListener-1] c.d.seckill.service.AsyncOrderConsumer   : order committed request=a9481ed2-3b32-3817-8cf4-1caf4b35090d order=136400
2026-09-29T15:14:04.198+08:00  INFO 16396 --- [seckill-system] [OrderListener-2] c.d.seckill.service.AsyncOrderConsumer   : order committed request=d428014a-16c0-36e0-94aa-621b9ab32786 order=136401
2026-09-29T15:14:04.198+08:00  INFO 16396 --- [seckill-system] [OrderListener-1] c.d.seckill.service.AsyncOrderConsumer   : order committed request=daa107cf-790f-3903-a6fb-02591b53c8f1 order=136402
2026-09-29T15:14:04.234+08:00  INFO 16396 --- [seckill-system] [io-18090-exec-1] c.d.s.service.ProtectedSeckillService    : submission queued request=51c4999a-c3f7-3c90-8203-a6ee9bff631c
2026-09-29T15:14:04.234+08:00  INFO 16396 --- [seckill-system] [io-18090-exec-9] c.d.s.service.ProtectedSeckillService    : submission queued request=0e6350c7-17d8-35ca-acb6-30c86f11458e
2026-09-29T15:14:04.234+08:00  INFO 16396 --- [seckill-system] [io-18090-exec-4] c.d.s.service.ProtectedSeckillService    : submission queued request=73813919-d7d6-3acf-a769-37db875f8746
2026-09-29T15:14:04.234+08:00  INFO 16396 --- [seckill-system] [io-18090-exec-3] c.d.s.service.ProtectedSeckillService    : submission queued request=8374b82a-df6b-38ee-a90e-1e8bf43f1def
2026-09-29T15:14:04.234+08:00  INFO 16396 --- [seckill-system] [io-18090-exec-7] c.d.s.service.ProtectedSeckillService    : submission queued request=9c1870f8-da45-30f6-a6b0-34985fe162c6
2026-09-29T15:14:04.234+08:00  INFO 16396 --- [seckill-system] [io-18090-exec-2] c.d.s.service.ProtectedSeckillService    : submission queued request=01ed06e9-fc66-3a7f-a778-8fa7894cb25a
2026-09-29T15:14:04.244+08:00  INFO 16396 --- [seckill-system] [OrderListener-1] c.d.seckill.service.AsyncOrderConsumer   : order committed request=73813919-d7d6-3acf-a769-37db875f8746 order=136403
2026-09-29T15:14:04.245+08:00  INFO 16396 --- [seckill-system] [OrderListener-2] c.d.seckill.service.AsyncOrderConsumer   : order committed request=8374b82a-df6b-38ee-a90e-1e8bf43f1def order=136404
2026-09-29T15:14:04.256+08:00  INFO 16396 --- [seckill-system] [OrderListener-1] c.d.seckill.service.AsyncOrderConsumer   : order committed request=51c4999a-c3f7-3c90-8203-a6ee9bff631c order=136405
2026-09-29T15:14:04.256+08:00  INFO 16396 --- [seckill-system] [OrderListener-2] c.d.seckill.service.AsyncOrderConsumer   : order committed request=01ed06e9-fc66-3a7f-a778-8fa7894cb25a order=136406
2026-09-29T15:14:04.267+08:00  INFO 16396 --- [seckill-system] [OrderListener-2] c.d.seckill.service.AsyncOrderConsumer   : order committed request=0e6350c7-17d8-35ca-acb6-30c86f11458e order=136408
2026-09-29T15:14:04.267+08:00  INFO 16396 --- [seckill-system] [OrderListener-1] c.d.seckill.service.AsyncOrderConsumer   : order committed request=9c1870f8-da45-30f6-a6b0-34985fe162c6 order=136407
2026-09-29T15:14:04.304+08:00  INFO 16396 --- [seckill-system] [io-18090-exec-8] c.d.s.service.ProtectedSeckillService    : submission queued request=f237ca80-f6ec-3916-99ac-7cadbda05f4d
2026-09-29T15:14:04.305+08:00  INFO 16396 --- [seckill-system] [io-18090-exec-6] c.d.s.service.ProtectedSeckillService    : submission queued request=05d3c77a-f00e-3f64-b80b-cc8ec186bf8d
2026-09-29T15:14:04.305+08:00  INFO 16396 --- [seckill-system] [io-18090-exec-5] c.d.s.service.ProtectedSeckillService    : submission queued request=9d714390-4982-3711-81c3-d6be13972c1d
2026-09-29T15:14:04.305+08:00  INFO 16396 --- [seckill-system] [o-18090-exec-10] c.d.s.service.ProtectedSeckillService    : submission queued request=c0f01c9b-8dbc-3994-8622-44c2df8dad94
2026-09-29T15:14:04.314+08:00  INFO 16396 --- [seckill-system] [OrderListener-1] c.d.seckill.service.AsyncOrderConsumer   : order committed request=05d3c77a-f00e-3f64-b80b-cc8ec186bf8d order=136410
2026-09-29T15:14:04.315+08:00  INFO 16396 --- [seckill-system] [OrderListener-2] c.d.seckill.service.AsyncOrderConsumer   : order committed request=9d714390-4982-3711-81c3-d6be13972c1d order=136409
2026-09-29T15:14:04.325+08:00  INFO 16396 --- [seckill-system] [OrderListener-2] c.d.seckill.service.AsyncOrderConsumer   : order committed request=f237ca80-f6ec-3916-99ac-7cadbda05f4d order=136411
2026-09-29T15:14:04.325+08:00  INFO 16396 --- [seckill-system] [OrderListener-1] c.d.seckill.service.AsyncOrderConsumer   : order committed request=c0f01c9b-8dbc-3994-8622-44c2df8dad94 order=136412
2026-09-29T15:14:04.362+08:00  INFO 16396 --- [seckill-system] [io-18090-exec-9] c.d.s.service.ProtectedSeckillService    : submission queued request=91151fdd-286d-3b45-88f1-3192d0f09833
2026-09-29T15:14:04.363+08:00  INFO 16396 --- [seckill-system] [io-18090-exec-4] c.d.s.service.ProtectedSeckillService    : submission queued request=5fb65f2f-e7da-3073-bc27-5979a7e4822c
2026-09-29T15:14:04.363+08:00  INFO 16396 --- [seckill-system] [io-18090-exec-2] c.d.s.service.ProtectedSeckillService    : submission queued request=1495ec06-a5c3-3796-9efe-ed0344bf6ac3
2026-09-29T15:14:04.363+08:00  INFO 16396 --- [seckill-system] [io-18090-exec-1] c.d.s.service.ProtectedSeckillService    : submission queued request=680dac8f-5c2d-37ca-9716-cd4f91958685
2026-09-29T15:14:04.368+08:00  INFO 16396 --- [seckill-system] [io-18090-exec-7] c.d.s.service.ProtectedSeckillService    : submission queued request=2f80a0e0-c74b-3377-be76-ff36a24f36a3
2026-09-29T15:14:04.369+08:00  INFO 16396 --- [seckill-system] [io-18090-exec-3] c.d.s.service.ProtectedSeckillService    : submission queued request=a976422f-6e4a-34fd-9780-40b536617fa4
2026-09-29T15:14:04.374+08:00  INFO 16396 --- [seckill-system] [OrderListener-1] c.d.seckill.service.AsyncOrderConsumer   : order committed request=1495ec06-a5c3-3796-9efe-ed0344bf6ac3 order=136413
2026-09-29T15:14:04.374+08:00  INFO 16396 --- [seckill-system] [OrderListener-2] c.d.seckill.service.AsyncOrderConsumer   : order committed request=91151fdd-286d-3b45-88f1-3192d0f09833 order=136414
2026-09-29T15:14:04.384+08:00  INFO 16396 --- [seckill-system] [OrderListener-1] c.d.seckill.service.AsyncOrderConsumer   : order committed request=680dac8f-5c2d-37ca-9716-cd4f91958685 order=136416
2026-09-29T15:14:04.384+08:00  INFO 16396 --- [seckill-system] [OrderListener-2] c.d.seckill.service.AsyncOrderConsumer   : order committed request=5fb65f2f-e7da-3073-bc27-5979a7e4822c order=136415
2026-09-29T15:14:04.394+08:00  INFO 16396 --- [seckill-system] [OrderListener-1] c.d.seckill.service.AsyncOrderConsumer   : order committed request=2f80a0e0-c74b-3377-be76-ff36a24f36a3 order=136418
2026-09-29T15:14:04.394+08:00  INFO 16396 --- [seckill-system] [OrderListener-2] c.d.seckill.service.AsyncOrderConsumer   : order committed request=a976422f-6e4a-34fd-9780-40b536617fa4 order=136417
2026-09-29T15:14:04.432+08:00  INFO 16396 --- [seckill-system] [io-18090-exec-5] c.d.s.service.ProtectedSeckillService    : submission queued request=39ddbb38-1a52-39f1-98e9-0055cd10cf9c
2026-09-29T15:14:04.432+08:00  INFO 16396 --- [seckill-system] [io-18090-exec-8] c.d.s.service.ProtectedSeckillService    : submission queued request=48b8b0f3-ca69-3932-868c-18642adcb77b
2026-09-29T15:14:04.432+08:00  INFO 16396 --- [seckill-system] [io-18090-exec-6] c.d.s.service.ProtectedSeckillService    : submission queued request=6cc918df-ee92-31d4-9c4e-8e9e81312644
2026-09-29T15:14:04.432+08:00  INFO 16396 --- [seckill-system] [o-18090-exec-10] c.d.s.service.ProtectedSeckillService    : submission queued request=d7cf2f2a-d30b-30c1-b7c3-92594bbba9f0
2026-09-29T15:14:04.442+08:00  INFO 16396 --- [seckill-system] [OrderListener-1] c.d.seckill.service.AsyncOrderConsumer   : order committed request=48b8b0f3-ca69-3932-868c-18642adcb77b order=136419
2026-09-29T15:14:04.442+08:00  INFO 16396 --- [seckill-system] [OrderListener-2] c.d.seckill.service.AsyncOrderConsumer   : order committed request=6cc918df-ee92-31d4-9c4e-8e9e81312644 order=136420
2026-09-29T15:14:04.453+08:00  INFO 16396 --- [seckill-system] [OrderListener-2] c.d.seckill.service.AsyncOrderConsumer   : order committed request=d7cf2f2a-d30b-30c1-b7c3-92594bbba9f0 order=136421
2026-09-29T15:14:04.453+08:00  INFO 16396 --- [seckill-system] [OrderListener-1] c.d.seckill.service.AsyncOrderConsumer   : order committed request=39ddbb38-1a52-39f1-98e9-0055cd10cf9c order=136422
2026-09-29T15:14:04.490+08:00  INFO 16396 --- [seckill-system] [io-18090-exec-1] c.d.s.service.ProtectedSeckillService    : submission queued request=4351249b-12b3-37bf-a287-e6262f72ad84
2026-09-29T15:14:04.490+08:00  INFO 16396 --- [seckill-system] [io-18090-exec-9] c.d.s.service.ProtectedSeckillService    : submission queued request=a5dd6988-5284-338c-a80d-04590a861466
2026-09-29T15:14:04.490+08:00  INFO 16396 --- [seckill-system] [io-18090-exec-2] c.d.s.service.ProtectedSeckillService    : submission queued request=95807353-b7ce-3923-85ce-a578d5496a70
2026-09-29T15:14:04.490+08:00  INFO 16396 --- [seckill-system] [io-18090-exec-4] c.d.s.service.ProtectedSeckillService    : submission queued request=7adf69f4-847b-310d-8c6b-4239525bfc65
2026-09-29T15:14:04.490+08:00  INFO 16396 --- [seckill-system] [io-18090-exec-3] c.d.s.service.ProtectedSeckillService    : submission queued request=e20ad084-5211-35a4-ab9f-da29c7ecf45f
2026-09-29T15:14:04.491+08:00  INFO 16396 --- [seckill-system] [io-18090-exec-7] c.d.s.service.ProtectedSeckillService    : submission queued request=fc0bd912-cd3c-3253-90b7-6f9adc16513f
2026-09-29T15:14:04.501+08:00  INFO 16396 --- [seckill-system] [OrderListener-1] c.d.seckill.service.AsyncOrderConsumer   : order committed request=a5dd6988-5284-338c-a80d-04590a861466 order=136424
2026-09-29T15:14:04.501+08:00  INFO 16396 --- [seckill-system] [OrderListener-2] c.d.seckill.service.AsyncOrderConsumer   : order committed request=95807353-b7ce-3923-85ce-a578d5496a70 order=136423
2026-09-29T15:14:04.511+08:00  INFO 16396 --- [seckill-system] [OrderListener-2] c.d.seckill.service.AsyncOrderConsumer   : order committed request=7adf69f4-847b-310d-8c6b-4239525bfc65 order=136425
2026-09-29T15:14:04.512+08:00  INFO 16396 --- [seckill-system] [OrderListener-1] c.d.seckill.service.AsyncOrderConsumer   : order committed request=4351249b-12b3-37bf-a287-e6262f72ad84 order=136426
2026-09-29T15:14:04.523+08:00  INFO 16396 --- [seckill-system] [OrderListener-2] c.d.seckill.service.AsyncOrderConsumer   : order committed request=fc0bd912-cd3c-3253-90b7-6f9adc16513f order=136428
2026-09-29T15:14:04.523+08:00  INFO 16396 --- [seckill-system] [OrderListener-1] c.d.seckill.service.AsyncOrderConsumer   : order committed request=e20ad084-5211-35a4-ab9f-da29c7ecf45f order=136427
2026-09-29T15:14:04.554+08:00  INFO 16396 --- [seckill-system] [o-18090-exec-10] c.d.s.service.ProtectedSeckillService    : submission queued request=46d2a155-cc84-3d6e-8a43-706ff9be3a42
2026-09-29T15:14:04.555+08:00  INFO 16396 --- [seckill-system] [io-18090-exec-8] c.d.s.service.ProtectedSeckillService    : submission queued request=c2f14023-ccad-36a5-a422-f48f93e5e60f
2026-09-29T15:14:04.558+08:00  INFO 16396 --- [seckill-system] [io-18090-exec-5] c.d.s.service.ProtectedSeckillService    : submission queued request=c31d587b-9f4a-30da-ba0e-7ad13d736f44
2026-09-29T15:14:04.558+08:00  INFO 16396 --- [seckill-system] [io-18090-exec-6] c.d.s.service.ProtectedSeckillService    : submission queued request=c04bf637-9ddf-35e8-a1f1-5ff3de0f07cd
2026-09-29T15:14:04.568+08:00  INFO 16396 --- [seckill-system] [OrderListener-2] c.d.seckill.service.AsyncOrderConsumer   : order committed request=46d2a155-cc84-3d6e-8a43-706ff9be3a42 order=136429
2026-09-29T15:14:04.569+08:00  INFO 16396 --- [seckill-system] [OrderListener-1] c.d.seckill.service.AsyncOrderConsumer   : order committed request=c2f14023-ccad-36a5-a422-f48f93e5e60f order=136430
2026-09-29T15:14:04.581+08:00  INFO 16396 --- [seckill-system] [OrderListener-1] c.d.seckill.service.AsyncOrderConsumer   : order committed request=c31d587b-9f4a-30da-ba0e-7ad13d736f44 order=136432
2026-09-29T15:14:04.581+08:00  INFO 16396 --- [seckill-system] [OrderListener-2] c.d.seckill.service.AsyncOrderConsumer   : order committed request=c04bf637-9ddf-35e8-a1f1-5ff3de0f07cd order=136431
2026-09-29T15:14:04.616+08:00  INFO 16396 --- [seckill-system] [io-18090-exec-7] c.d.s.service.ProtectedSeckillService    : submission queued request=b70f6ae2-4c96-3e13-8cd6-75f29c2f34ba
2026-09-29T15:14:04.616+08:00  INFO 16396 --- [seckill-system] [io-18090-exec-3] c.d.s.service.ProtectedSeckillService    : submission queued request=2aeec1e9-44ab-3f4f-aaa3-752bd8406cfc
2026-09-29T15:14:04.616+08:00  INFO 16396 --- [seckill-system] [io-18090-exec-2] c.d.s.service.ProtectedSeckillService    : submission queued request=26f924e0-4c8a-3969-b952-a5edfb1b65c2
2026-09-29T15:14:04.623+08:00  INFO 16396 --- [seckill-system] [io-18090-exec-1] c.d.s.service.ProtectedSeckillService    : submission queued request=afff6882-77f2-3340-b2d2-73c2522ec381
2026-09-29T15:14:04.624+08:00  INFO 16396 --- [seckill-system] [io-18090-exec-9] c.d.s.service.ProtectedSeckillService    : submission queued request=987722dd-7250-333d-8a60-53937e9f5cb2
2026-09-29T15:14:04.624+08:00  INFO 16396 --- [seckill-system] [io-18090-exec-4] c.d.s.service.ProtectedSeckillService    : submission queued request=1459f9ef-0f01-34ef-99c8-a957618f1240
2026-09-29T15:14:04.633+08:00  INFO 16396 --- [seckill-system] [OrderListener-1] c.d.seckill.service.AsyncOrderConsumer   : order committed request=b70f6ae2-4c96-3e13-8cd6-75f29c2f34ba order=136433
2026-09-29T15:14:04.636+08:00  INFO 16396 --- [seckill-system] [OrderListener-2] c.d.seckill.service.AsyncOrderConsumer   : order committed request=2aeec1e9-44ab-3f4f-aaa3-752bd8406cfc order=136434
2026-09-29T15:14:04.645+08:00  INFO 16396 --- [seckill-system] [OrderListener-1] c.d.seckill.service.AsyncOrderConsumer   : order committed request=26f924e0-4c8a-3969-b952-a5edfb1b65c2 order=136435
2026-09-29T15:14:04.646+08:00  INFO 16396 --- [seckill-system] [OrderListener-2] c.d.seckill.service.AsyncOrderConsumer   : order committed request=afff6882-77f2-3340-b2d2-73c2522ec381 order=136436
2026-09-29T15:14:04.655+08:00  INFO 16396 --- [seckill-system] [OrderListener-1] c.d.seckill.service.AsyncOrderConsumer   : order committed request=987722dd-7250-333d-8a60-53937e9f5cb2 order=136437
2026-09-29T15:14:04.656+08:00  INFO 16396 --- [seckill-system] [OrderListener-2] c.d.seckill.service.AsyncOrderConsumer   : order committed request=1459f9ef-0f01-34ef-99c8-a957618f1240 order=136438
2026-09-29T15:14:04.678+08:00  INFO 16396 --- [seckill-system] [io-18090-exec-8] c.d.s.service.ProtectedSeckillService    : submission queued request=ea032df1-7c50-3fa1-a236-287060e5f4be
2026-09-29T15:14:04.678+08:00  INFO 16396 --- [seckill-system] [io-18090-exec-6] c.d.s.service.ProtectedSeckillService    : submission queued request=66885175-4e13-3034-811f-a0f5604bb443
2026-09-29T15:14:04.678+08:00  INFO 16396 --- [seckill-system] [io-18090-exec-5] c.d.s.service.ProtectedSeckillService    : submission queued request=391e6453-dea0-3a30-b470-1927df05cf70
2026-09-29T15:14:04.678+08:00  INFO 16396 --- [seckill-system] [o-18090-exec-10] c.d.s.service.ProtectedSeckillService    : submission queued request=6bf1495e-7ee7-368f-9c7d-dc92d75c4190
2026-09-29T15:14:04.689+08:00  INFO 16396 --- [seckill-system] [OrderListener-1] c.d.seckill.service.AsyncOrderConsumer   : order committed request=391e6453-dea0-3a30-b470-1927df05cf70 order=136439
2026-09-29T15:14:04.689+08:00  INFO 16396 --- [seckill-system] [OrderListener-2] c.d.seckill.service.AsyncOrderConsumer   : order committed request=66885175-4e13-3034-811f-a0f5604bb443 order=136440
2026-09-29T15:14:04.699+08:00  INFO 16396 --- [seckill-system] [OrderListener-2] c.d.seckill.service.AsyncOrderConsumer   : order committed request=6bf1495e-7ee7-368f-9c7d-dc92d75c4190 order=136441
2026-09-29T15:14:04.699+08:00  INFO 16396 --- [seckill-system] [OrderListener-1] c.d.seckill.service.AsyncOrderConsumer   : order committed request=ea032df1-7c50-3fa1-a236-287060e5f4be order=136442
2026-09-29T15:14:04.735+08:00  INFO 16396 --- [seckill-system] [io-18090-exec-2] c.d.s.service.ProtectedSeckillService    : submission queued request=e03a3361-b9ed-37ec-9c8e-d65b65f6112e
2026-09-29T15:14:04.735+08:00  INFO 16396 --- [seckill-system] [io-18090-exec-7] c.d.s.service.ProtectedSeckillService    : submission queued request=29ef5b95-38b0-3231-bdfd-9c5f7ee7262b
2026-09-29T15:14:04.735+08:00  INFO 16396 --- [seckill-system] [io-18090-exec-3] c.d.s.service.ProtectedSeckillService    : submission queued request=c16a5c0e-ffee-3066-8b80-b6a6b4f08458
2026-09-29T15:14:04.746+08:00  INFO 16396 --- [seckill-system] [OrderListener-1] c.d.seckill.service.AsyncOrderConsumer   : order committed request=29ef5b95-38b0-3231-bdfd-9c5f7ee7262b order=136443
2026-09-29T15:14:04.747+08:00  INFO 16396 --- [seckill-system] [OrderListener-2] c.d.seckill.service.AsyncOrderConsumer   : order committed request=e03a3361-b9ed-37ec-9c8e-d65b65f6112e order=136444
2026-09-29T15:14:04.757+08:00  INFO 16396 --- [seckill-system] [OrderListener-1] c.d.seckill.service.AsyncOrderConsumer   : order committed request=c16a5c0e-ffee-3066-8b80-b6a6b4f08458 order=136445
2026-09-29T15:14:04.794+08:00  INFO 16396 --- [seckill-system] [io-18090-exec-4] c.d.s.service.ProtectedSeckillService    : submission queued request=9a50bac9-5a5a-3c31-b0fb-c3aa894ea1ab
2026-09-29T15:14:04.794+08:00  INFO 16396 --- [seckill-system] [io-18090-exec-1] c.d.s.service.ProtectedSeckillService    : submission queued request=6b5e094f-45c8-359a-9eee-895f93e4ab71
2026-09-29T15:14:04.794+08:00  INFO 16396 --- [seckill-system] [io-18090-exec-9] c.d.s.service.ProtectedSeckillService    : submission queued request=c1d93f5b-0e20-39b5-b435-2d3281579eba
2026-09-29T15:14:04.796+08:00  INFO 16396 --- [seckill-system] [o-18090-exec-10] c.d.s.service.ProtectedSeckillService    : submission queued request=6e9eb817-734f-3cb0-9905-054362ab7dc3
2026-09-29T15:14:04.796+08:00  INFO 16396 --- [seckill-system] [io-18090-exec-8] c.d.s.service.ProtectedSeckillService    : submission queued request=71f457cb-33a2-3e89-a00f-0715f561b7c5
2026-09-29T15:14:04.797+08:00  INFO 16396 --- [seckill-system] [io-18090-exec-5] c.d.s.service.ProtectedSeckillService    : submission queued request=e4713f83-2d36-3f3a-901a-f0829468f536
2026-09-29T15:14:04.797+08:00  INFO 16396 --- [seckill-system] [io-18090-exec-6] c.d.s.service.ProtectedSeckillService    : submission queued request=10ad2323-31fe-3a7e-ae27-c59b89d28f60
2026-09-29T15:14:04.805+08:00  INFO 16396 --- [seckill-system] [OrderListener-1] c.d.seckill.service.AsyncOrderConsumer   : order committed request=6b5e094f-45c8-359a-9eee-895f93e4ab71 order=136446
2026-09-29T15:14:04.805+08:00  INFO 16396 --- [seckill-system] [OrderListener-2] c.d.seckill.service.AsyncOrderConsumer   : order committed request=c1d93f5b-0e20-39b5-b435-2d3281579eba order=136447
2026-09-29T15:14:04.816+08:00  INFO 16396 --- [seckill-system] [OrderListener-2] c.d.seckill.service.AsyncOrderConsumer   : order committed request=9a50bac9-5a5a-3c31-b0fb-c3aa894ea1ab order=136449
2026-09-29T15:14:04.817+08:00  INFO 16396 --- [seckill-system] [OrderListener-1] c.d.seckill.service.AsyncOrderConsumer   : order committed request=6e9eb817-734f-3cb0-9905-054362ab7dc3 order=136448
2026-09-29T15:14:04.827+08:00  INFO 16396 --- [seckill-system] [OrderListener-2] c.d.seckill.service.AsyncOrderConsumer   : order committed request=e4713f83-2d36-3f3a-901a-f0829468f536 order=136450
2026-09-29T15:14:04.827+08:00  INFO 16396 --- [seckill-system] [OrderListener-1] c.d.seckill.service.AsyncOrderConsumer   : order committed request=10ad2323-31fe-3a7e-ae27-c59b89d28f60 order=136451
2026-09-29T15:14:04.836+08:00  INFO 16396 --- [seckill-system] [OrderListener-2] c.d.seckill.service.AsyncOrderConsumer   : order committed request=71f457cb-33a2-3e89-a00f-0715f561b7c5 order=136452
2026-09-29T15:14:04.859+08:00  INFO 16396 --- [seckill-system] [io-18090-exec-7] c.d.s.service.ProtectedSeckillService    : submission queued request=a640a046-5523-37d7-bce7-7dbdd87423a5
2026-09-29T15:14:04.859+08:00  INFO 16396 --- [seckill-system] [io-18090-exec-3] c.d.s.service.ProtectedSeckillService    : submission queued request=182f4abe-7613-3da5-b10d-04b2060e1fad
2026-09-29T15:14:04.864+08:00  INFO 16396 --- [seckill-system] [io-18090-exec-2] c.d.s.service.ProtectedSeckillService    : submission queued request=cb7ccb81-2c83-37cc-8d6d-5598ba119821
2026-09-29T15:14:04.869+08:00  INFO 16396 --- [seckill-system] [OrderListener-1] c.d.seckill.service.AsyncOrderConsumer   : order committed request=182f4abe-7613-3da5-b10d-04b2060e1fad order=136453
2026-09-29T15:14:04.869+08:00  INFO 16396 --- [seckill-system] [OrderListener-2] c.d.seckill.service.AsyncOrderConsumer   : order committed request=a640a046-5523-37d7-bce7-7dbdd87423a5 order=136454
2026-09-29T15:14:04.881+08:00  INFO 16396 --- [seckill-system] [OrderListener-1] c.d.seckill.service.AsyncOrderConsumer   : order committed request=cb7ccb81-2c83-37cc-8d6d-5598ba119821 order=136455
2026-09-29T15:14:04.920+08:00  INFO 16396 --- [seckill-system] [io-18090-exec-1] c.d.s.service.ProtectedSeckillService    : submission queued request=baea87ab-f893-3fa6-af1e-8f9c4ca5b32c
2026-09-29T15:14:04.921+08:00  INFO 16396 --- [seckill-system] [io-18090-exec-5] c.d.s.service.ProtectedSeckillService    : submission queued request=b6fd14df-46ab-3231-8093-28406a756e15
2026-09-29T15:14:04.921+08:00  INFO 16396 --- [seckill-system] [o-18090-exec-10] c.d.s.service.ProtectedSeckillService    : submission queued request=5474d41f-2d84-32f8-9183-c3538465d5de
2026-09-29T15:14:04.921+08:00  INFO 16396 --- [seckill-system] [io-18090-exec-9] c.d.s.service.ProtectedSeckillService    : submission queued request=c77af2e3-1431-3dd6-8b63-e1b3f2b0edd8
2026-09-29T15:14:04.925+08:00  INFO 16396 --- [seckill-system] [io-18090-exec-8] c.d.s.service.ProtectedSeckillService    : submission queued request=9c00bad3-6f17-31a7-b7c2-f0e1a8d73b15
2026-09-29T15:14:04.925+08:00  INFO 16396 --- [seckill-system] [io-18090-exec-4] c.d.s.service.ProtectedSeckillService    : submission queued request=e4ab488a-f4ea-3240-a1c5-ef8d2e4254b1
2026-09-29T15:14:04.925+08:00  INFO 16396 --- [seckill-system] [io-18090-exec-6] c.d.s.service.ProtectedSeckillService    : submission queued request=5c62a9b3-cbc3-3ba1-93b0-88698ae63edd
2026-09-29T15:14:04.931+08:00  INFO 16396 --- [seckill-system] [OrderListener-2] c.d.seckill.service.AsyncOrderConsumer   : order committed request=baea87ab-f893-3fa6-af1e-8f9c4ca5b32c order=136456
2026-09-29T15:14:04.931+08:00  INFO 16396 --- [seckill-system] [OrderListener-1] c.d.seckill.service.AsyncOrderConsumer   : order committed request=c77af2e3-1431-3dd6-8b63-e1b3f2b0edd8 order=136457
2026-09-29T15:14:04.942+08:00  INFO 16396 --- [seckill-system] [OrderListener-2] c.d.seckill.service.AsyncOrderConsumer   : order committed request=5474d41f-2d84-32f8-9183-c3538465d5de order=136458
2026-09-29T15:14:04.943+08:00  INFO 16396 --- [seckill-system] [OrderListener-1] c.d.seckill.service.AsyncOrderConsumer   : order committed request=b6fd14df-46ab-3231-8093-28406a756e15 order=136459
2026-09-29T15:14:04.953+08:00  INFO 16396 --- [seckill-system] [OrderListener-2] c.d.seckill.service.AsyncOrderConsumer   : order committed request=9c00bad3-6f17-31a7-b7c2-f0e1a8d73b15 order=136460
2026-09-29T15:14:04.953+08:00  INFO 16396 --- [seckill-system] [OrderListener-1] c.d.seckill.service.AsyncOrderConsumer   : order committed request=e4ab488a-f4ea-3240-a1c5-ef8d2e4254b1 order=136461
2026-09-29T15:14:04.963+08:00  INFO 16396 --- [seckill-system] [OrderListener-2] c.d.seckill.service.AsyncOrderConsumer   : order committed request=5c62a9b3-cbc3-3ba1-93b0-88698ae63edd order=136462
2026-09-29T15:14:04.979+08:00  INFO 16396 --- [seckill-system] [io-18090-exec-2] c.d.s.service.ProtectedSeckillService    : submission queued request=d02c4499-4338-3c13-ad37-52bbdd8a078a
2026-09-29T15:14:04.979+08:00  INFO 16396 --- [seckill-system] [io-18090-exec-7] c.d.s.service.ProtectedSeckillService    : submission queued request=1b0484cd-c3d7-3998-98c8-56b28e5a287b
2026-09-29T15:14:04.979+08:00  INFO 16396 --- [seckill-system] [io-18090-exec-3] c.d.s.service.ProtectedSeckillService    : submission queued request=acc88249-99a0-38cd-b5d1-03b4969676eb
2026-09-29T15:14:04.989+08:00  INFO 16396 --- [seckill-system] [OrderListener-1] c.d.seckill.service.AsyncOrderConsumer   : order committed request=1b0484cd-c3d7-3998-98c8-56b28e5a287b order=136463
2026-09-29T15:14:04.989+08:00  INFO 16396 --- [seckill-system] [OrderListener-2] c.d.seckill.service.AsyncOrderConsumer   : order committed request=acc88249-99a0-38cd-b5d1-03b4969676eb order=136464
2026-09-29T15:14:05.000+08:00  INFO 16396 --- [seckill-system] [OrderListener-1] c.d.seckill.service.AsyncOrderConsumer   : order committed request=d02c4499-4338-3c13-ad37-52bbdd8a078a order=136465
2026-09-29T15:14:05.040+08:00  INFO 16396 --- [seckill-system] [io-18090-exec-9] c.d.s.service.ProtectedSeckillService    : submission queued request=eed8f587-460b-34e4-90de-7394527cf1cb
2026-09-29T15:14:05.041+08:00  INFO 16396 --- [seckill-system] [o-18090-exec-10] c.d.s.service.ProtectedSeckillService    : submission queued request=74d96701-3c12-36db-9a39-34fca3b2fe62
2026-09-29T15:14:05.041+08:00  INFO 16396 --- [seckill-system] [io-18090-exec-6] c.d.s.service.ProtectedSeckillService    : submission queued request=4be51267-2d72-392b-a876-2076ac4266b4
2026-09-29T15:14:05.041+08:00  INFO 16396 --- [seckill-system] [io-18090-exec-5] c.d.s.service.ProtectedSeckillService    : submission queued request=e73034b6-45dc-3c49-ad7c-12b8dd8b28be
2026-09-29T15:14:05.041+08:00  INFO 16396 --- [seckill-system] [io-18090-exec-4] c.d.s.service.ProtectedSeckillService    : submission queued request=a53539db-067a-368e-8c3a-15ba14e8c28d
2026-09-29T15:14:05.046+08:00  INFO 16396 --- [seckill-system] [io-18090-exec-1] c.d.s.service.ProtectedSeckillService    : submission queued request=4532f69b-8e01-363d-9820-5bf08de8b1f4
2026-09-29T15:14:05.047+08:00  INFO 16396 --- [seckill-system] [io-18090-exec-8] c.d.s.service.ProtectedSeckillService    : submission queued request=69bc5a3d-eec4-3905-a977-b0119225798c
2026-09-29T15:14:05.052+08:00  INFO 16396 --- [seckill-system] [OrderListener-2] c.d.seckill.service.AsyncOrderConsumer   : order committed request=eed8f587-460b-34e4-90de-7394527cf1cb order=136466
2026-09-29T15:14:05.052+08:00  INFO 16396 --- [seckill-system] [OrderListener-1] c.d.seckill.service.AsyncOrderConsumer   : order committed request=4be51267-2d72-392b-a876-2076ac4266b4 order=136467
2026-09-29T15:14:05.064+08:00  INFO 16396 --- [seckill-system] [OrderListener-1] c.d.seckill.service.AsyncOrderConsumer   : order committed request=74d96701-3c12-36db-9a39-34fca3b2fe62 order=136468
2026-09-29T15:14:05.064+08:00  INFO 16396 --- [seckill-system] [OrderListener-2] c.d.seckill.service.AsyncOrderConsumer   : order committed request=a53539db-067a-368e-8c3a-15ba14e8c28d order=136469
2026-09-29T15:14:05.075+08:00  INFO 16396 --- [seckill-system] [OrderListener-1] c.d.seckill.service.AsyncOrderConsumer   : order committed request=4532f69b-8e01-363d-9820-5bf08de8b1f4 order=136471
2026-09-29T15:14:05.075+08:00  INFO 16396 --- [seckill-system] [OrderListener-2] c.d.seckill.service.AsyncOrderConsumer   : order committed request=e73034b6-45dc-3c49-ad7c-12b8dd8b28be order=136470
2026-09-29T15:14:05.085+08:00  INFO 16396 --- [seckill-system] [OrderListener-2] c.d.seckill.service.AsyncOrderConsumer   : order committed request=69bc5a3d-eec4-3905-a977-b0119225798c order=136472
2026-09-29T15:14:05.102+08:00  INFO 16396 --- [seckill-system] [io-18090-exec-3] c.d.s.service.ProtectedSeckillService    : submission queued request=81c8135c-689e-3d9f-8b3b-9f5a2d56e4db
2026-09-29T15:14:05.102+08:00  INFO 16396 --- [seckill-system] [io-18090-exec-7] c.d.s.service.ProtectedSeckillService    : submission queued request=d728667a-a9ac-3df2-b7b3-f3be68c94752
2026-09-29T15:14:05.102+08:00  INFO 16396 --- [seckill-system] [io-18090-exec-2] c.d.s.service.ProtectedSeckillService    : submission queued request=a0223279-39bd-375c-b2b8-4192a310a912
2026-09-29T15:14:05.113+08:00  INFO 16396 --- [seckill-system] [OrderListener-1] c.d.seckill.service.AsyncOrderConsumer   : order committed request=a0223279-39bd-375c-b2b8-4192a310a912 order=136473
2026-09-29T15:14:05.113+08:00  INFO 16396 --- [seckill-system] [OrderListener-2] c.d.seckill.service.AsyncOrderConsumer   : order committed request=d728667a-a9ac-3df2-b7b3-f3be68c94752 order=136474
2026-09-29T15:14:05.124+08:00  INFO 16396 --- [seckill-system] [OrderListener-1] c.d.seckill.service.AsyncOrderConsumer   : order committed request=81c8135c-689e-3d9f-8b3b-9f5a2d56e4db order=136475
2026-09-29T15:14:05.164+08:00  INFO 16396 --- [seckill-system] [io-18090-exec-5] c.d.s.service.ProtectedSeckillService    : submission queued request=31082c92-7333-33ce-abd3-bfceca2e41c0
2026-09-29T15:14:05.164+08:00  INFO 16396 --- [seckill-system] [o-18090-exec-10] c.d.s.service.ProtectedSeckillService    : submission queued request=6e3fb541-b817-31bc-887b-d8e77f3bae23
2026-09-29T15:14:05.164+08:00  INFO 16396 --- [seckill-system] [io-18090-exec-1] c.d.s.service.ProtectedSeckillService    : submission queued request=1d31feea-059f-329e-bf22-16990510ae8d
2026-09-29T15:14:05.164+08:00  INFO 16396 --- [seckill-system] [io-18090-exec-4] c.d.s.service.ProtectedSeckillService    : submission queued request=6b7ccc5d-13ec-3823-87bb-0462578156dd
2026-09-29T15:14:05.165+08:00  INFO 16396 --- [seckill-system] [io-18090-exec-9] c.d.s.service.ProtectedSeckillService    : submission queued request=23fad925-0817-36d7-963e-8f5a3c210285
2026-09-29T15:14:05.174+08:00  INFO 16396 --- [seckill-system] [OrderListener-1] c.d.seckill.service.AsyncOrderConsumer   : order committed request=31082c92-7333-33ce-abd3-bfceca2e41c0 order=136476
2026-09-29T15:14:05.174+08:00  INFO 16396 --- [seckill-system] [OrderListener-2] c.d.seckill.service.AsyncOrderConsumer   : order committed request=1d31feea-059f-329e-bf22-16990510ae8d order=136477
2026-09-29T15:14:05.175+08:00  INFO 16396 --- [seckill-system] [io-18090-exec-8] c.d.s.service.ProtectedSeckillService    : submission queued request=3c511245-8062-3594-90a3-1a91e1d65c00
2026-09-29T15:14:05.175+08:00  INFO 16396 --- [seckill-system] [io-18090-exec-6] c.d.s.service.ProtectedSeckillService    : submission queued request=bb80d8f2-4eb3-3021-bcb0-12a46a8a0ac7
2026-09-29T15:14:05.186+08:00  INFO 16396 --- [seckill-system] [OrderListener-1] c.d.seckill.service.AsyncOrderConsumer   : order committed request=6b7ccc5d-13ec-3823-87bb-0462578156dd order=136478
2026-09-29T15:14:05.187+08:00  INFO 16396 --- [seckill-system] [OrderListener-2] c.d.seckill.service.AsyncOrderConsumer   : order committed request=6e3fb541-b817-31bc-887b-d8e77f3bae23 order=136479
2026-09-29T15:14:05.197+08:00  INFO 16396 --- [seckill-system] [OrderListener-2] c.d.seckill.service.AsyncOrderConsumer   : order committed request=23fad925-0817-36d7-963e-8f5a3c210285 order=136481
2026-09-29T15:14:05.197+08:00  INFO 16396 --- [seckill-system] [OrderListener-1] c.d.seckill.service.AsyncOrderConsumer   : order committed request=3c511245-8062-3594-90a3-1a91e1d65c00 order=136480
2026-09-29T15:14:05.207+08:00  INFO 16396 --- [seckill-system] [OrderListener-2] c.d.seckill.service.AsyncOrderConsumer   : order committed request=bb80d8f2-4eb3-3021-bcb0-12a46a8a0ac7 order=136482
2026-09-29T15:14:05.223+08:00  INFO 16396 --- [seckill-system] [io-18090-exec-7] c.d.s.service.ProtectedSeckillService    : submission queued request=d1a8be8b-0331-30c5-a811-7beed5c25243
2026-09-29T15:14:05.224+08:00  INFO 16396 --- [seckill-system] [io-18090-exec-2] c.d.s.service.ProtectedSeckillService    : submission queued request=7a3a0c61-621b-3442-860d-d6321d133fa3
2026-09-29T15:14:05.224+08:00  INFO 16396 --- [seckill-system] [io-18090-exec-3] c.d.s.service.ProtectedSeckillService    : submission queued request=439afe2c-ec9f-3f6a-9ce3-6a4d734df6ab
2026-09-29T15:14:05.234+08:00  INFO 16396 --- [seckill-system] [OrderListener-1] c.d.seckill.service.AsyncOrderConsumer   : order committed request=7a3a0c61-621b-3442-860d-d6321d133fa3 order=136483
2026-09-29T15:14:05.235+08:00  INFO 16396 --- [seckill-system] [OrderListener-2] c.d.seckill.service.AsyncOrderConsumer   : order committed request=d1a8be8b-0331-30c5-a811-7beed5c25243 order=136484
2026-09-29T15:14:05.246+08:00  INFO 16396 --- [seckill-system] [OrderListener-1] c.d.seckill.service.AsyncOrderConsumer   : order committed request=439afe2c-ec9f-3f6a-9ce3-6a4d734df6ab order=136485
2026-09-29T15:14:05.282+08:00  INFO 16396 --- [seckill-system] [io-18090-exec-5] c.d.s.service.ProtectedSeckillService    : submission queued request=04f1b844-546a-36f6-9550-3a656fb163fb
2026-09-29T15:14:05.284+08:00  INFO 16396 --- [seckill-system] [io-18090-exec-9] c.d.s.service.ProtectedSeckillService    : submission queued request=452b8592-ed71-3f75-847b-7b824c970811
2026-09-29T15:14:05.285+08:00  INFO 16396 --- [seckill-system] [io-18090-exec-1] c.d.s.service.ProtectedSeckillService    : submission queued request=b44bc78a-dd77-3266-8460-91bbe68e1620
2026-09-29T15:14:05.287+08:00  INFO 16396 --- [seckill-system] [io-18090-exec-4] c.d.s.service.ProtectedSeckillService    : submission queued request=a71caa15-6d2d-3967-8861-9fc77d29a88a
2026-09-29T15:14:05.288+08:00  INFO 16396 --- [seckill-system] [o-18090-exec-10] c.d.s.service.ProtectedSeckillService    : submission queued request=87d6a030-9db4-3d9f-bf3d-8ac920cefa1c
2026-09-29T15:14:05.293+08:00  INFO 16396 --- [seckill-system] [OrderListener-2] c.d.seckill.service.AsyncOrderConsumer   : order committed request=04f1b844-546a-36f6-9550-3a656fb163fb order=136486
2026-09-29T15:14:05.294+08:00  INFO 16396 --- [seckill-system] [OrderListener-1] c.d.seckill.service.AsyncOrderConsumer   : order committed request=452b8592-ed71-3f75-847b-7b824c970811 order=136487
2026-09-29T15:14:05.305+08:00  INFO 16396 --- [seckill-system] [OrderListener-1] c.d.seckill.service.AsyncOrderConsumer   : order committed request=a71caa15-6d2d-3967-8861-9fc77d29a88a order=136489
2026-09-29T15:14:05.305+08:00  INFO 16396 --- [seckill-system] [OrderListener-2] c.d.seckill.service.AsyncOrderConsumer   : order committed request=b44bc78a-dd77-3266-8460-91bbe68e1620 order=136488
2026-09-29T15:14:05.316+08:00  INFO 16396 --- [seckill-system] [OrderListener-2] c.d.seckill.service.AsyncOrderConsumer   : order committed request=87d6a030-9db4-3d9f-bf3d-8ac920cefa1c order=136490
2026-09-29T15:14:05.338+08:00  INFO 16396 --- [seckill-system] [io-18090-exec-8] c.d.s.service.ProtectedSeckillService    : submission queued request=efe104b3-484d-39e4-8c00-474e48d995ac
2026-09-29T15:14:05.339+08:00  INFO 16396 --- [seckill-system] [io-18090-exec-6] c.d.s.service.ProtectedSeckillService    : submission queued request=565851dd-1745-350e-9aa4-8c65bf9f2eed
2026-09-29T15:14:05.346+08:00  INFO 16396 --- [seckill-system] [io-18090-exec-2] c.d.s.service.ProtectedSeckillService    : submission queued request=1208ac49-c12b-33d5-ab00-25f53a837142
2026-09-29T15:14:05.347+08:00  INFO 16396 --- [seckill-system] [io-18090-exec-7] c.d.s.service.ProtectedSeckillService    : submission queued request=8fb7f16b-0e4e-3a52-a059-12375fa79c6f
2026-09-29T15:14:05.347+08:00  INFO 16396 --- [seckill-system] [io-18090-exec-3] c.d.s.service.ProtectedSeckillService    : submission queued request=6a24ce1f-15d6-3ca5-bb07-92885cb5c50b
2026-09-29T15:14:05.348+08:00  INFO 16396 --- [seckill-system] [OrderListener-1] c.d.seckill.service.AsyncOrderConsumer   : order committed request=efe104b3-484d-39e4-8c00-474e48d995ac order=136491
2026-09-29T15:14:05.348+08:00  INFO 16396 --- [seckill-system] [OrderListener-2] c.d.seckill.service.AsyncOrderConsumer   : order committed request=565851dd-1745-350e-9aa4-8c65bf9f2eed order=136492
2026-09-29T15:14:05.359+08:00  INFO 16396 --- [seckill-system] [OrderListener-1] c.d.seckill.service.AsyncOrderConsumer   : order committed request=1208ac49-c12b-33d5-ab00-25f53a837142 order=136493
2026-09-29T15:14:05.359+08:00  INFO 16396 --- [seckill-system] [OrderListener-2] c.d.seckill.service.AsyncOrderConsumer   : order committed request=6a24ce1f-15d6-3ca5-bb07-92885cb5c50b order=136494
2026-09-29T15:14:05.369+08:00  INFO 16396 --- [seckill-system] [OrderListener-1] c.d.seckill.service.AsyncOrderConsumer   : order committed request=8fb7f16b-0e4e-3a52-a059-12375fa79c6f order=136495
2026-09-29T15:14:05.409+08:00  INFO 16396 --- [seckill-system] [io-18090-exec-1] c.d.s.service.ProtectedSeckillService    : submission queued request=0838c7b1-cea2-3837-83fd-929fa957de38
2026-09-29T15:14:05.409+08:00  INFO 16396 --- [seckill-system] [io-18090-exec-4] c.d.s.service.ProtectedSeckillService    : submission queued request=d120754c-d27a-3be9-a6da-1c950a5d2bb6
2026-09-29T15:14:05.409+08:00  INFO 16396 --- [seckill-system] [io-18090-exec-9] c.d.s.service.ProtectedSeckillService    : submission queued request=067bf07f-4d0d-3f15-99c9-e47c4aa61563
2026-09-29T15:14:05.410+08:00  INFO 16396 --- [seckill-system] [io-18090-exec-5] c.d.s.service.ProtectedSeckillService    : submission queued request=fc67c6b4-40b5-36c9-b17d-18ad4b29308e
2026-09-29T15:14:05.410+08:00  INFO 16396 --- [seckill-system] [o-18090-exec-10] c.d.s.service.ProtectedSeckillService    : submission queued request=eeb08d55-2b10-3bd2-9997-ef384ecd4b30
2026-09-29T15:14:05.420+08:00  INFO 16396 --- [seckill-system] [OrderListener-2] c.d.seckill.service.AsyncOrderConsumer   : order committed request=0838c7b1-cea2-3837-83fd-929fa957de38 order=136497
2026-09-29T15:14:05.420+08:00  INFO 16396 --- [seckill-system] [OrderListener-1] c.d.seckill.service.AsyncOrderConsumer   : order committed request=067bf07f-4d0d-3f15-99c9-e47c4aa61563 order=136496
2026-09-29T15:14:05.430+08:00  INFO 16396 --- [seckill-system] [OrderListener-2] c.d.seckill.service.AsyncOrderConsumer   : order committed request=d120754c-d27a-3be9-a6da-1c950a5d2bb6 order=136499
2026-09-29T15:14:05.430+08:00  INFO 16396 --- [seckill-system] [OrderListener-1] c.d.seckill.service.AsyncOrderConsumer   : order committed request=fc67c6b4-40b5-36c9-b17d-18ad4b29308e order=136498
2026-09-29T15:14:05.440+08:00  INFO 16396 --- [seckill-system] [OrderListener-2] c.d.seckill.service.AsyncOrderConsumer   : order committed request=eeb08d55-2b10-3bd2-9997-ef384ecd4b30 order=136500
2026-09-29T15:14:05.466+08:00  INFO 16396 --- [seckill-system] [io-18090-exec-8] c.d.s.service.ProtectedSeckillService    : submission queued request=c6d8ccda-e13f-3144-9438-529d732f7277
2026-09-29T15:14:05.467+08:00  INFO 16396 --- [seckill-system] [io-18090-exec-6] c.d.s.service.ProtectedSeckillService    : submission queued request=d6f3bcb9-85d2-3b74-9c14-245e5ab49c41
2026-09-29T15:14:05.468+08:00  INFO 16396 --- [seckill-system] [io-18090-exec-3] c.d.s.service.ProtectedSeckillService    : submission queued request=d8e31d7a-8abe-37cc-add0-84054b6968c3
2026-09-29T15:14:05.470+08:00  INFO 16396 --- [seckill-system] [io-18090-exec-2] c.d.s.service.ProtectedSeckillService    : submission queued request=033a7443-2221-3beb-9d90-f6ae12ef8ee6
2026-09-29T15:14:05.471+08:00  INFO 16396 --- [seckill-system] [io-18090-exec-7] c.d.s.service.ProtectedSeckillService    : submission queued request=3bf35e1b-5ba3-3649-90f5-83ae3bfa031d
2026-09-29T15:14:05.477+08:00  INFO 16396 --- [seckill-system] [OrderListener-2] c.d.seckill.service.AsyncOrderConsumer   : order committed request=d6f3bcb9-85d2-3b74-9c14-245e5ab49c41 order=136502
2026-09-29T15:14:05.477+08:00  INFO 16396 --- [seckill-system] [OrderListener-1] c.d.seckill.service.AsyncOrderConsumer   : order committed request=c6d8ccda-e13f-3144-9438-529d732f7277 order=136501
2026-09-29T15:14:05.493+08:00  INFO 16396 --- [seckill-system] [OrderListener-2] c.d.seckill.service.AsyncOrderConsumer   : order committed request=033a7443-2221-3beb-9d90-f6ae12ef8ee6 order=136504
2026-09-29T15:14:05.493+08:00  INFO 16396 --- [seckill-system] [OrderListener-1] c.d.seckill.service.AsyncOrderConsumer   : order committed request=d8e31d7a-8abe-37cc-add0-84054b6968c3 order=136503
2026-09-29T15:14:05.507+08:00  INFO 16396 --- [seckill-system] [OrderListener-1] c.d.seckill.service.AsyncOrderConsumer   : order committed request=3bf35e1b-5ba3-3649-90f5-83ae3bfa031d order=136505
2026-09-29T15:14:05.531+08:00  INFO 16396 --- [seckill-system] [io-18090-exec-9] c.d.s.service.ProtectedSeckillService    : submission queued request=db2dfecf-affb-3ac5-a649-3395ac178cd0
2026-09-29T15:14:05.531+08:00  INFO 16396 --- [seckill-system] [io-18090-exec-4] c.d.s.service.ProtectedSeckillService    : submission queued request=0a9da1d5-c60d-3337-9435-0b2112ba0f48
2026-09-29T15:14:05.531+08:00  INFO 16396 --- [seckill-system] [io-18090-exec-1] c.d.s.service.ProtectedSeckillService    : submission queued request=33fd05f4-a481-3d59-b8c1-29fc59475186
2026-09-29T15:14:05.534+08:00  INFO 16396 --- [seckill-system] [o-18090-exec-10] c.d.s.service.ProtectedSeckillService    : submission queued request=15ce966e-629b-38e7-9f4f-907710570d80
2026-09-29T15:14:05.535+08:00  INFO 16396 --- [seckill-system] [io-18090-exec-5] c.d.s.service.ProtectedSeckillService    : submission queued request=95ad5755-f1f3-33e1-8939-164ea12890c2
2026-09-29T15:14:05.541+08:00  INFO 16396 --- [seckill-system] [OrderListener-1] c.d.seckill.service.AsyncOrderConsumer   : order committed request=db2dfecf-affb-3ac5-a649-3395ac178cd0 order=136507
2026-09-29T15:14:05.541+08:00  INFO 16396 --- [seckill-system] [OrderListener-2] c.d.seckill.service.AsyncOrderConsumer   : order committed request=0a9da1d5-c60d-3337-9435-0b2112ba0f48 order=136506
2026-09-29T15:14:05.556+08:00  INFO 16396 --- [seckill-system] [OrderListener-1] c.d.seckill.service.AsyncOrderConsumer   : order committed request=15ce966e-629b-38e7-9f4f-907710570d80 order=136508
2026-09-29T15:14:05.556+08:00  INFO 16396 --- [seckill-system] [OrderListener-2] c.d.seckill.service.AsyncOrderConsumer   : order committed request=33fd05f4-a481-3d59-b8c1-29fc59475186 order=136509
2026-09-29T15:14:05.566+08:00  INFO 16396 --- [seckill-system] [OrderListener-2] c.d.seckill.service.AsyncOrderConsumer   : order committed request=95ad5755-f1f3-33e1-8939-164ea12890c2 order=136510
2026-09-29T15:14:05.593+08:00  INFO 16396 --- [seckill-system] [io-18090-exec-8] c.d.s.service.ProtectedSeckillService    : submission queued request=79ec31b3-4f9b-3018-bca7-8ccfa2d6eadb
2026-09-29T15:14:05.593+08:00  INFO 16396 --- [seckill-system] [io-18090-exec-7] c.d.s.service.ProtectedSeckillService    : submission queued request=3ac1e262-09ff-3a00-a12c-4485764d83a6
2026-09-29T15:14:05.597+08:00  INFO 16396 --- [seckill-system] [io-18090-exec-3] c.d.s.service.ProtectedSeckillService    : submission queued request=76996244-a0fe-39a9-8400-66c254879b87
2026-09-29T15:14:05.598+08:00  INFO 16396 --- [seckill-system] [io-18090-exec-2] c.d.s.service.ProtectedSeckillService    : submission queued request=564a913a-1af4-389c-9d7f-63ad9436c01f
2026-09-29T15:14:05.598+08:00  INFO 16396 --- [seckill-system] [io-18090-exec-6] c.d.s.service.ProtectedSeckillService    : submission queued request=350568be-bd36-38af-bf64-c61ef2c62967
2026-09-29T15:14:05.603+08:00  INFO 16396 --- [seckill-system] [OrderListener-2] c.d.seckill.service.AsyncOrderConsumer   : order committed request=79ec31b3-4f9b-3018-bca7-8ccfa2d6eadb order=136511
2026-09-29T15:14:05.603+08:00  INFO 16396 --- [seckill-system] [OrderListener-1] c.d.seckill.service.AsyncOrderConsumer   : order committed request=3ac1e262-09ff-3a00-a12c-4485764d83a6 order=136512
2026-09-29T15:14:05.613+08:00  INFO 16396 --- [seckill-system] [OrderListener-1] c.d.seckill.service.AsyncOrderConsumer   : order committed request=76996244-a0fe-39a9-8400-66c254879b87 order=136513
2026-09-29T15:14:05.613+08:00  INFO 16396 --- [seckill-system] [OrderListener-2] c.d.seckill.service.AsyncOrderConsumer   : order committed request=350568be-bd36-38af-bf64-c61ef2c62967 order=136514
2026-09-29T15:14:05.624+08:00  INFO 16396 --- [seckill-system] [OrderListener-1] c.d.seckill.service.AsyncOrderConsumer   : order committed request=564a913a-1af4-389c-9d7f-63ad9436c01f order=136515
2026-09-29T15:14:05.656+08:00  INFO 16396 --- [seckill-system] [o-18090-exec-10] c.d.s.service.ProtectedSeckillService    : submission queued request=c570bd15-b8e3-3773-8a7c-a9d546263fc2
2026-09-29T15:14:05.656+08:00  INFO 16396 --- [seckill-system] [io-18090-exec-1] c.d.s.service.ProtectedSeckillService    : submission queued request=a512233a-90fc-354b-9245-ca511590725a
2026-09-29T15:14:05.656+08:00  INFO 16396 --- [seckill-system] [io-18090-exec-4] c.d.s.service.ProtectedSeckillService    : submission queued request=4d65e24d-04bc-3844-992e-06e33394f52c
2026-09-29T15:14:05.656+08:00  INFO 16396 --- [seckill-system] [io-18090-exec-5] c.d.s.service.ProtectedSeckillService    : submission queued request=9fde9435-e943-3c18-a003-ad51d5aa30a4
2026-09-29T15:14:05.656+08:00  INFO 16396 --- [seckill-system] [io-18090-exec-9] c.d.s.service.ProtectedSeckillService    : submission queued request=fd4ee173-1afe-370e-9b8f-9814cba4349d
2026-09-29T15:14:05.666+08:00  INFO 16396 --- [seckill-system] [OrderListener-1] c.d.seckill.service.AsyncOrderConsumer   : order committed request=9fde9435-e943-3c18-a003-ad51d5aa30a4 order=136516
2026-09-29T15:14:05.666+08:00  INFO 16396 --- [seckill-system] [OrderListener-2] c.d.seckill.service.AsyncOrderConsumer   : order committed request=a512233a-90fc-354b-9245-ca511590725a order=136517
2026-09-29T15:14:05.679+08:00  INFO 16396 --- [seckill-system] [OrderListener-1] c.d.seckill.service.AsyncOrderConsumer   : order committed request=4d65e24d-04bc-3844-992e-06e33394f52c order=136519
2026-09-29T15:14:05.679+08:00  INFO 16396 --- [seckill-system] [OrderListener-2] c.d.seckill.service.AsyncOrderConsumer   : order committed request=c570bd15-b8e3-3773-8a7c-a9d546263fc2 order=136518
2026-09-29T15:14:05.689+08:00  INFO 16396 --- [seckill-system] [OrderListener-2] c.d.seckill.service.AsyncOrderConsumer   : order committed request=fd4ee173-1afe-370e-9b8f-9814cba4349d order=136520
2026-09-29T15:14:05.714+08:00  INFO 16396 --- [seckill-system] [io-18090-exec-2] c.d.s.service.ProtectedSeckillService    : submission queued request=6bc231c2-4d4d-31c4-93c4-4f173fe328b4
2026-09-29T15:14:05.714+08:00  INFO 16396 --- [seckill-system] [io-18090-exec-7] c.d.s.service.ProtectedSeckillService    : submission queued request=def03fe7-338a-3bd3-ab95-44d00057a992
2026-09-29T15:14:05.715+08:00  INFO 16396 --- [seckill-system] [io-18090-exec-8] c.d.s.service.ProtectedSeckillService    : submission queued request=8b8e7e8a-bade-35c6-832f-54ac1f1e1aa6
2026-09-29T15:14:05.715+08:00  INFO 16396 --- [seckill-system] [io-18090-exec-3] c.d.s.service.ProtectedSeckillService    : submission queued request=1064f34f-87a4-31b8-915a-4f1b2ea3844c
2026-09-29T15:14:05.715+08:00  INFO 16396 --- [seckill-system] [io-18090-exec-6] c.d.s.service.ProtectedSeckillService    : submission queued request=8887354d-1219-3d11-9083-b9ac40917279
2026-09-29T15:14:05.724+08:00  INFO 16396 --- [seckill-system] [OrderListener-2] c.d.seckill.service.AsyncOrderConsumer   : order committed request=6bc231c2-4d4d-31c4-93c4-4f173fe328b4 order=136522
2026-09-29T15:14:05.724+08:00  INFO 16396 --- [seckill-system] [OrderListener-1] c.d.seckill.service.AsyncOrderConsumer   : order committed request=8887354d-1219-3d11-9083-b9ac40917279 order=136521
2026-09-29T15:14:05.736+08:00  INFO 16396 --- [seckill-system] [OrderListener-2] c.d.seckill.service.AsyncOrderConsumer   : order committed request=8b8e7e8a-bade-35c6-832f-54ac1f1e1aa6 order=136524
2026-09-29T15:14:05.736+08:00  INFO 16396 --- [seckill-system] [OrderListener-1] c.d.seckill.service.AsyncOrderConsumer   : order committed request=1064f34f-87a4-31b8-915a-4f1b2ea3844c order=136523
2026-09-29T15:14:05.746+08:00  INFO 16396 --- [seckill-system] [OrderListener-1] c.d.seckill.service.AsyncOrderConsumer   : order committed request=def03fe7-338a-3bd3-ab95-44d00057a992 order=136525
2026-09-29T15:14:05.778+08:00  INFO 16396 --- [seckill-system] [io-18090-exec-4] c.d.s.service.ProtectedSeckillService    : submission queued request=0859c29d-2078-333c-979e-e4d863966d0b
2026-09-29T15:14:05.778+08:00  INFO 16396 --- [seckill-system] [o-18090-exec-10] c.d.s.service.ProtectedSeckillService    : submission queued request=5826f182-9202-3874-a9df-e66ae82812e6
2026-09-29T15:14:05.780+08:00  INFO 16396 --- [seckill-system] [io-18090-exec-1] c.d.s.service.ProtectedSeckillService    : submission queued request=6bf54a6b-94e5-3650-823d-3f13bfb1e2af
2026-09-29T15:14:05.780+08:00  INFO 16396 --- [seckill-system] [io-18090-exec-9] c.d.s.service.ProtectedSeckillService    : submission queued request=1392d381-8b5f-381f-9632-ddd9522da91d
2026-09-29T15:14:05.780+08:00  INFO 16396 --- [seckill-system] [io-18090-exec-5] c.d.s.service.ProtectedSeckillService    : submission queued request=69a476bc-bcdf-3c40-90a6-a2b30972eefd
2026-09-29T15:14:05.787+08:00  INFO 16396 --- [seckill-system] [OrderListener-1] c.d.seckill.service.AsyncOrderConsumer   : order committed request=5826f182-9202-3874-a9df-e66ae82812e6 order=136526
2026-09-29T15:14:05.788+08:00  INFO 16396 --- [seckill-system] [OrderListener-2] c.d.seckill.service.AsyncOrderConsumer   : order committed request=0859c29d-2078-333c-979e-e4d863966d0b order=136527
2026-09-29T15:14:05.798+08:00  INFO 16396 --- [seckill-system] [OrderListener-1] c.d.seckill.service.AsyncOrderConsumer   : order committed request=1392d381-8b5f-381f-9632-ddd9522da91d order=136528
2026-09-29T15:14:05.798+08:00  INFO 16396 --- [seckill-system] [OrderListener-2] c.d.seckill.service.AsyncOrderConsumer   : order committed request=6bf54a6b-94e5-3650-823d-3f13bfb1e2af order=136529
2026-09-29T15:14:05.808+08:00  INFO 16396 --- [seckill-system] [OrderListener-2] c.d.seckill.service.AsyncOrderConsumer   : order committed request=69a476bc-bcdf-3c40-90a6-a2b30972eefd order=136530
2026-09-29T15:14:05.840+08:00  INFO 16396 --- [seckill-system] [io-18090-exec-3] c.d.s.service.ProtectedSeckillService    : submission queued request=211f9d4c-288b-34c2-bc49-9dfeca267417
2026-09-29T15:14:05.840+08:00  INFO 16396 --- [seckill-system] [io-18090-exec-6] c.d.s.service.ProtectedSeckillService    : submission queued request=4e86369b-e9e4-391d-b176-149eb43afd05
2026-09-29T15:14:05.840+08:00  INFO 16396 --- [seckill-system] [io-18090-exec-2] c.d.s.service.ProtectedSeckillService    : submission queued request=b5d2e234-6076-38f7-979b-950bdb9f0a21
2026-09-29T15:14:05.844+08:00  INFO 16396 --- [seckill-system] [io-18090-exec-8] c.d.s.service.ProtectedSeckillService    : submission queued request=bd6f0cdd-a940-3c87-95e7-ccff14c35005
2026-09-29T15:14:05.845+08:00  INFO 16396 --- [seckill-system] [io-18090-exec-7] c.d.s.service.ProtectedSeckillService    : submission queued request=efecaddb-91db-30dd-af52-69edd325e6b8
2026-09-29T15:14:05.849+08:00  INFO 16396 --- [seckill-system] [OrderListener-2] c.d.seckill.service.AsyncOrderConsumer   : order committed request=4e86369b-e9e4-391d-b176-149eb43afd05 order=136531
2026-09-29T15:14:05.851+08:00  INFO 16396 --- [seckill-system] [OrderListener-1] c.d.seckill.service.AsyncOrderConsumer   : order committed request=211f9d4c-288b-34c2-bc49-9dfeca267417 order=136532
2026-09-29T15:14:05.859+08:00  INFO 16396 --- [seckill-system] [OrderListener-2] c.d.seckill.service.AsyncOrderConsumer   : order committed request=bd6f0cdd-a940-3c87-95e7-ccff14c35005 order=136533
2026-09-29T15:14:05.860+08:00  INFO 16396 --- [seckill-system] [OrderListener-1] c.d.seckill.service.AsyncOrderConsumer   : order committed request=b5d2e234-6076-38f7-979b-950bdb9f0a21 order=136534
2026-09-29T15:14:05.871+08:00  INFO 16396 --- [seckill-system] [OrderListener-1] c.d.seckill.service.AsyncOrderConsumer   : order committed request=efecaddb-91db-30dd-af52-69edd325e6b8 order=136535
2026-09-29T15:14:05.901+08:00  INFO 16396 --- [seckill-system] [io-18090-exec-1] c.d.s.service.ProtectedSeckillService    : submission queued request=0a502186-1a04-3f4a-88d7-9c70183377c7
2026-09-29T15:14:05.901+08:00  INFO 16396 --- [seckill-system] [o-18090-exec-10] c.d.s.service.ProtectedSeckillService    : submission queued request=4f883c02-34dc-32d1-9601-89082b2a8c89
2026-09-29T15:14:05.904+08:00  INFO 16396 --- [seckill-system] [io-18090-exec-5] c.d.s.service.ProtectedSeckillService    : submission queued request=5d71e54b-40b3-3862-a145-c8c7b1a7facc
2026-09-29T15:14:05.905+08:00  INFO 16396 --- [seckill-system] [io-18090-exec-4] c.d.s.service.ProtectedSeckillService    : submission queued request=95d52394-2922-3304-839e-0853302e4b6e
2026-09-29T15:14:05.905+08:00  INFO 16396 --- [seckill-system] [io-18090-exec-9] c.d.s.service.ProtectedSeckillService    : submission queued request=172efc55-ea46-3c24-87be-195964fe8e69
2026-09-29T15:14:05.911+08:00  INFO 16396 --- [seckill-system] [OrderListener-1] c.d.seckill.service.AsyncOrderConsumer   : order committed request=4f883c02-34dc-32d1-9601-89082b2a8c89 order=136536
2026-09-29T15:14:05.911+08:00  INFO 16396 --- [seckill-system] [OrderListener-2] c.d.seckill.service.AsyncOrderConsumer   : order committed request=0a502186-1a04-3f4a-88d7-9c70183377c7 order=136537
2026-09-29T15:14:05.920+08:00  INFO 16396 --- [seckill-system] [OrderListener-1] c.d.seckill.service.AsyncOrderConsumer   : order committed request=95d52394-2922-3304-839e-0853302e4b6e order=136538
2026-09-29T15:14:05.921+08:00  INFO 16396 --- [seckill-system] [OrderListener-2] c.d.seckill.service.AsyncOrderConsumer   : order committed request=5d71e54b-40b3-3862-a145-c8c7b1a7facc order=136539
2026-09-29T15:14:05.931+08:00  INFO 16396 --- [seckill-system] [OrderListener-2] c.d.seckill.service.AsyncOrderConsumer   : order committed request=172efc55-ea46-3c24-87be-195964fe8e69 order=136540
2026-09-29T15:14:05.964+08:00  INFO 16396 --- [seckill-system] [io-18090-exec-2] c.d.s.service.ProtectedSeckillService    : submission queued request=24df7c49-e53d-37bd-a4e4-2e147148131d
2026-09-29T15:14:05.964+08:00  INFO 16396 --- [seckill-system] [io-18090-exec-3] c.d.s.service.ProtectedSeckillService    : submission queued request=bf6283c8-32ac-3834-ad68-436ed6a5f02b
2026-09-29T15:14:05.965+08:00  INFO 16396 --- [seckill-system] [io-18090-exec-7] c.d.s.service.ProtectedSeckillService    : submission queued request=78fa8060-fe1e-3791-8916-eeefcdec5294
2026-09-29T15:14:05.966+08:00  INFO 16396 --- [seckill-system] [io-18090-exec-6] c.d.s.service.ProtectedSeckillService    : submission queued request=59a24352-6a9b-3eb1-9302-f2433eecb08f
2026-09-29T15:14:05.966+08:00  INFO 16396 --- [seckill-system] [io-18090-exec-8] c.d.s.service.ProtectedSeckillService    : submission queued request=313edca6-bd3b-3fc4-929a-bced0527f55a
2026-09-29T15:14:05.973+08:00  INFO 16396 --- [seckill-system] [OrderListener-2] c.d.seckill.service.AsyncOrderConsumer   : order committed request=24df7c49-e53d-37bd-a4e4-2e147148131d order=136541
2026-09-29T15:14:05.974+08:00  INFO 16396 --- [seckill-system] [OrderListener-1] c.d.seckill.service.AsyncOrderConsumer   : order committed request=bf6283c8-32ac-3834-ad68-436ed6a5f02b order=136542
2026-09-29T15:14:05.983+08:00  INFO 16396 --- [seckill-system] [OrderListener-2] c.d.seckill.service.AsyncOrderConsumer   : order committed request=59a24352-6a9b-3eb1-9302-f2433eecb08f order=136543
2026-09-29T15:14:05.984+08:00  INFO 16396 --- [seckill-system] [OrderListener-1] c.d.seckill.service.AsyncOrderConsumer   : order committed request=78fa8060-fe1e-3791-8916-eeefcdec5294 order=136544
2026-09-29T15:14:05.993+08:00  INFO 16396 --- [seckill-system] [OrderListener-1] c.d.seckill.service.AsyncOrderConsumer   : order committed request=313edca6-bd3b-3fc4-929a-bced0527f55a order=136545
2026-09-29T15:14:06.026+08:00  INFO 16396 --- [seckill-system] [io-18090-exec-9] c.d.s.service.ProtectedSeckillService    : submission queued request=8dfb9d98-6dfb-39b0-81f4-ea354ebe6882
2026-09-29T15:14:06.026+08:00  INFO 16396 --- [seckill-system] [io-18090-exec-1] c.d.s.service.ProtectedSeckillService    : submission queued request=63039d9b-2995-3069-8cbb-dafcdbfbbd88
2026-09-29T15:14:06.026+08:00  INFO 16396 --- [seckill-system] [io-18090-exec-4] c.d.s.service.ProtectedSeckillService    : submission queued request=44012d73-ec1f-379b-8ae4-91067016b0d1
2026-09-29T15:14:06.030+08:00  INFO 16396 --- [seckill-system] [io-18090-exec-5] c.d.s.service.ProtectedSeckillService    : submission queued request=736ab301-0760-32fa-97cc-a237d777e71f
2026-09-29T15:14:06.031+08:00  INFO 16396 --- [seckill-system] [o-18090-exec-10] c.d.s.service.ProtectedSeckillService    : submission queued request=5345e6f1-fea9-353d-87db-d0da58cec255
2026-09-29T15:14:06.036+08:00  INFO 16396 --- [seckill-system] [OrderListener-1] c.d.seckill.service.AsyncOrderConsumer   : order committed request=8dfb9d98-6dfb-39b0-81f4-ea354ebe6882 order=136546
2026-09-29T15:14:06.037+08:00  INFO 16396 --- [seckill-system] [OrderListener-2] c.d.seckill.service.AsyncOrderConsumer   : order committed request=44012d73-ec1f-379b-8ae4-91067016b0d1 order=136547
2026-09-29T15:14:06.046+08:00  INFO 16396 --- [seckill-system] [OrderListener-1] c.d.seckill.service.AsyncOrderConsumer   : order committed request=736ab301-0760-32fa-97cc-a237d777e71f order=136548
2026-09-29T15:14:06.046+08:00  INFO 16396 --- [seckill-system] [OrderListener-2] c.d.seckill.service.AsyncOrderConsumer   : order committed request=63039d9b-2995-3069-8cbb-dafcdbfbbd88 order=136549
2026-09-29T15:14:06.056+08:00  INFO 16396 --- [seckill-system] [OrderListener-2] c.d.seckill.service.AsyncOrderConsumer   : order committed request=5345e6f1-fea9-353d-87db-d0da58cec255 order=136550
2026-09-29T15:14:06.090+08:00  INFO 16396 --- [seckill-system] [io-18090-exec-3] c.d.s.service.ProtectedSeckillService    : submission queued request=ef88b6c6-cc74-3425-bfd8-8511cca5a177
2026-09-29T15:14:06.090+08:00  INFO 16396 --- [seckill-system] [io-18090-exec-2] c.d.s.service.ProtectedSeckillService    : submission queued request=9e135255-c3fb-3de5-9aa2-d0bb1f91f0f5
2026-09-29T15:14:06.090+08:00  INFO 16396 --- [seckill-system] [io-18090-exec-8] c.d.s.service.ProtectedSeckillService    : submission queued request=c62b0770-d0ca-30a0-9789-d82d84dd140c
2026-09-29T15:14:06.091+08:00  INFO 16396 --- [seckill-system] [io-18090-exec-7] c.d.s.service.ProtectedSeckillService    : submission queued request=3ab86a7d-8586-37d5-b020-e159af7e5b05
2026-09-29T15:14:06.092+08:00  INFO 16396 --- [seckill-system] [io-18090-exec-6] c.d.s.service.ProtectedSeckillService    : submission queued request=8c213a54-d208-361f-a152-8eceafe9c835
2026-09-29T15:14:06.099+08:00  INFO 16396 --- [seckill-system] [OrderListener-1] c.d.seckill.service.AsyncOrderConsumer   : order committed request=c62b0770-d0ca-30a0-9789-d82d84dd140c order=136552
2026-09-29T15:14:06.100+08:00  INFO 16396 --- [seckill-system] [OrderListener-2] c.d.seckill.service.AsyncOrderConsumer   : order committed request=ef88b6c6-cc74-3425-bfd8-8511cca5a177 order=136551
2026-09-29T15:14:06.109+08:00  INFO 16396 --- [seckill-system] [OrderListener-2] c.d.seckill.service.AsyncOrderConsumer   : order committed request=3ab86a7d-8586-37d5-b020-e159af7e5b05 order=136553
2026-09-29T15:14:06.110+08:00  INFO 16396 --- [seckill-system] [OrderListener-1] c.d.seckill.service.AsyncOrderConsumer   : order committed request=9e135255-c3fb-3de5-9aa2-d0bb1f91f0f5 order=136554
2026-09-29T15:14:06.119+08:00  INFO 16396 --- [seckill-system] [OrderListener-1] c.d.seckill.service.AsyncOrderConsumer   : order committed request=8c213a54-d208-361f-a152-8eceafe9c835 order=136555
2026-09-29T15:14:06.151+08:00  INFO 16396 --- [seckill-system] [io-18090-exec-4] c.d.s.service.ProtectedSeckillService    : submission queued request=cc4686e8-04e7-3327-9097-a1fea72153ec
2026-09-29T15:14:06.151+08:00  INFO 16396 --- [seckill-system] [io-18090-exec-9] c.d.s.service.ProtectedSeckillService    : submission queued request=cbf85037-d36c-360d-af87-2a7a0f0560a3
2026-09-29T15:14:06.151+08:00  INFO 16396 --- [seckill-system] [o-18090-exec-10] c.d.s.service.ProtectedSeckillService    : submission queued request=9a831e22-3a7b-37db-98fb-2040fcef962c
2026-09-29T15:14:06.152+08:00  INFO 16396 --- [seckill-system] [io-18090-exec-5] c.d.s.service.ProtectedSeckillService    : submission queued request=2f15c311-f516-3e9e-b4bc-002818172abd
2026-09-29T15:14:06.152+08:00  INFO 16396 --- [seckill-system] [io-18090-exec-1] c.d.s.service.ProtectedSeckillService    : submission queued request=ebfb9572-31c2-3632-8285-6cacdb70f71d
2026-09-29T15:14:06.160+08:00  INFO 16396 --- [seckill-system] [OrderListener-2] c.d.seckill.service.AsyncOrderConsumer   : order committed request=cc4686e8-04e7-3327-9097-a1fea72153ec order=136556
2026-09-29T15:14:06.160+08:00  INFO 16396 --- [seckill-system] [OrderListener-1] c.d.seckill.service.AsyncOrderConsumer   : order committed request=cbf85037-d36c-360d-af87-2a7a0f0560a3 order=136557
2026-09-29T15:14:06.170+08:00  INFO 16396 --- [seckill-system] [OrderListener-2] c.d.seckill.service.AsyncOrderConsumer   : order committed request=9a831e22-3a7b-37db-98fb-2040fcef962c order=136559
2026-09-29T15:14:06.170+08:00  INFO 16396 --- [seckill-system] [OrderListener-1] c.d.seckill.service.AsyncOrderConsumer   : order committed request=2f15c311-f516-3e9e-b4bc-002818172abd order=136558
2026-09-29T15:14:06.180+08:00  INFO 16396 --- [seckill-system] [OrderListener-2] c.d.seckill.service.AsyncOrderConsumer   : order committed request=ebfb9572-31c2-3632-8285-6cacdb70f71d order=136560
2026-09-29T15:14:06.212+08:00  INFO 16396 --- [seckill-system] [io-18090-exec-6] c.d.s.service.ProtectedSeckillService    : submission queued request=13959752-d303-3527-8876-a4947556f04e
2026-09-29T15:14:06.212+08:00  INFO 16396 --- [seckill-system] [io-18090-exec-3] c.d.s.service.ProtectedSeckillService    : submission queued request=bae07d75-a52a-3b88-9576-5dfe14b05d1d
2026-09-29T15:14:06.212+08:00  INFO 16396 --- [seckill-system] [io-18090-exec-8] c.d.s.service.ProtectedSeckillService    : submission queued request=d5c61bdf-bcab-34fb-a5ec-adad019bc326
2026-09-29T15:14:06.212+08:00  INFO 16396 --- [seckill-system] [io-18090-exec-2] c.d.s.service.ProtectedSeckillService    : submission queued request=e5b94c55-f7d0-3674-b92a-6bc30fcef86b
2026-09-29T15:14:06.212+08:00  INFO 16396 --- [seckill-system] [io-18090-exec-7] c.d.s.service.ProtectedSeckillService    : submission queued request=d5075035-1f5e-33f8-a9e0-177dba04d8e0
2026-09-29T15:14:06.222+08:00  INFO 16396 --- [seckill-system] [OrderListener-1] c.d.seckill.service.AsyncOrderConsumer   : order committed request=e5b94c55-f7d0-3674-b92a-6bc30fcef86b order=136562
2026-09-29T15:14:06.222+08:00  INFO 16396 --- [seckill-system] [OrderListener-2] c.d.seckill.service.AsyncOrderConsumer   : order committed request=bae07d75-a52a-3b88-9576-5dfe14b05d1d order=136561
2026-09-29T15:14:06.232+08:00  INFO 16396 --- [seckill-system] [OrderListener-2] c.d.seckill.service.AsyncOrderConsumer   : order committed request=13959752-d303-3527-8876-a4947556f04e order=136564
2026-09-29T15:14:06.232+08:00  INFO 16396 --- [seckill-system] [OrderListener-1] c.d.seckill.service.AsyncOrderConsumer   : order committed request=d5075035-1f5e-33f8-a9e0-177dba04d8e0 order=136563
2026-09-29T15:14:06.243+08:00  INFO 16396 --- [seckill-system] [OrderListener-1] c.d.seckill.service.AsyncOrderConsumer   : order committed request=d5c61bdf-bcab-34fb-a5ec-adad019bc326 order=136565
2026-09-29T15:14:06.273+08:00  INFO 16396 --- [seckill-system] [io-18090-exec-9] c.d.s.service.ProtectedSeckillService    : submission queued request=a0ac5d79-7ca7-39ae-823d-26c5b69acca5
2026-09-29T15:14:06.273+08:00  INFO 16396 --- [seckill-system] [io-18090-exec-1] c.d.s.service.ProtectedSeckillService    : submission queued request=fc3b720a-3b64-31da-9f17-aa28437c5c00
2026-09-29T15:14:06.273+08:00  INFO 16396 --- [seckill-system] [io-18090-exec-4] c.d.s.service.ProtectedSeckillService    : submission queued request=bdd50db6-3769-3f7f-9f36-ef20746bd20b
2026-09-29T15:14:06.273+08:00  INFO 16396 --- [seckill-system] [io-18090-exec-5] c.d.s.service.ProtectedSeckillService    : submission queued request=6c72b314-064d-32db-ab35-932cf8fb8baf
2026-09-29T15:14:06.273+08:00  INFO 16396 --- [seckill-system] [o-18090-exec-10] c.d.s.service.ProtectedSeckillService    : submission queued request=545f1be7-323e-392a-bff7-f6f8daba76ed
2026-09-29T15:14:06.283+08:00  INFO 16396 --- [seckill-system] [OrderListener-2] c.d.seckill.service.AsyncOrderConsumer   : order committed request=a0ac5d79-7ca7-39ae-823d-26c5b69acca5 order=136566
2026-09-29T15:14:06.284+08:00  INFO 16396 --- [seckill-system] [OrderListener-1] c.d.seckill.service.AsyncOrderConsumer   : order committed request=fc3b720a-3b64-31da-9f17-aa28437c5c00 order=136567
2026-09-29T15:14:06.293+08:00  INFO 16396 --- [seckill-system] [OrderListener-2] c.d.seckill.service.AsyncOrderConsumer   : order committed request=6c72b314-064d-32db-ab35-932cf8fb8baf order=136568
2026-09-29T15:14:06.294+08:00  INFO 16396 --- [seckill-system] [OrderListener-1] c.d.seckill.service.AsyncOrderConsumer   : order committed request=bdd50db6-3769-3f7f-9f36-ef20746bd20b order=136569
2026-09-29T15:14:06.302+08:00  INFO 16396 --- [seckill-system] [OrderListener-2] c.d.seckill.service.AsyncOrderConsumer   : order committed request=545f1be7-323e-392a-bff7-f6f8daba76ed order=136570
2026-09-29T15:14:06.345+08:00  INFO 16396 --- [seckill-system] [io-18090-exec-8] c.d.s.service.ProtectedSeckillService    : submission queued request=c75783e7-3074-30d0-9bf0-a75f6b074f6e
2026-09-29T15:14:06.346+08:00  INFO 16396 --- [seckill-system] [io-18090-exec-2] c.d.s.service.ProtectedSeckillService    : submission queued request=2ce0896b-1de6-3c95-9113-127ed1aceb75
2026-09-29T15:14:06.346+08:00  INFO 16396 --- [seckill-system] [io-18090-exec-7] c.d.s.service.ProtectedSeckillService    : submission queued request=8abf88da-f84a-3f41-b835-7cae8576a8d3
2026-09-29T15:14:06.346+08:00  INFO 16396 --- [seckill-system] [io-18090-exec-6] c.d.s.service.ProtectedSeckillService    : submission queued request=8f552b8c-20d1-3a08-87d8-61756e9dfdde
2026-09-29T15:14:06.346+08:00  INFO 16396 --- [seckill-system] [io-18090-exec-3] c.d.s.service.ProtectedSeckillService    : submission queued request=c2be3fb4-c254-3462-8b2e-3f8f5af3cb7d
2026-09-29T15:14:06.358+08:00  INFO 16396 --- [seckill-system] [OrderListener-1] c.d.seckill.service.AsyncOrderConsumer   : order committed request=c75783e7-3074-30d0-9bf0-a75f6b074f6e order=136572
2026-09-29T15:14:06.358+08:00  INFO 16396 --- [seckill-system] [OrderListener-2] c.d.seckill.service.AsyncOrderConsumer   : order committed request=2ce0896b-1de6-3c95-9113-127ed1aceb75 order=136571
2026-09-29T15:14:06.369+08:00  INFO 16396 --- [seckill-system] [OrderListener-1] c.d.seckill.service.AsyncOrderConsumer   : order committed request=8f552b8c-20d1-3a08-87d8-61756e9dfdde order=136574
2026-09-29T15:14:06.369+08:00  INFO 16396 --- [seckill-system] [OrderListener-2] c.d.seckill.service.AsyncOrderConsumer   : order committed request=c2be3fb4-c254-3462-8b2e-3f8f5af3cb7d order=136573
2026-09-29T15:14:06.380+08:00  INFO 16396 --- [seckill-system] [OrderListener-1] c.d.seckill.service.AsyncOrderConsumer   : order committed request=8abf88da-f84a-3f41-b835-7cae8576a8d3 order=136575
2026-09-29T15:14:06.410+08:00  INFO 16396 --- [seckill-system] [io-18090-exec-9] c.d.s.service.ProtectedSeckillService    : submission queued request=92b7e2aa-98cd-314c-ba07-c921d6192d6a
2026-09-29T15:14:06.410+08:00  INFO 16396 --- [seckill-system] [io-18090-exec-4] c.d.s.service.ProtectedSeckillService    : submission queued request=d9c198d9-7412-3fc2-999d-772fe4fd8c74
2026-09-29T15:14:06.411+08:00  INFO 16396 --- [seckill-system] [o-18090-exec-10] c.d.s.service.ProtectedSeckillService    : submission queued request=5229ea66-5a2e-3221-8007-a93631dbd913
2026-09-29T15:14:06.411+08:00  INFO 16396 --- [seckill-system] [io-18090-exec-5] c.d.s.service.ProtectedSeckillService    : submission queued request=5947afed-1806-32b1-84c2-d867b53004eb
2026-09-29T15:14:06.411+08:00  INFO 16396 --- [seckill-system] [io-18090-exec-1] c.d.s.service.ProtectedSeckillService    : submission queued request=9eaee461-ff3b-37b1-ba0d-61ba356a70ab
2026-09-29T15:14:06.424+08:00  INFO 16396 --- [seckill-system] [OrderListener-1] c.d.seckill.service.AsyncOrderConsumer   : order committed request=5947afed-1806-32b1-84c2-d867b53004eb order=136577
2026-09-29T15:14:06.425+08:00  INFO 16396 --- [seckill-system] [OrderListener-2] c.d.seckill.service.AsyncOrderConsumer   : order committed request=92b7e2aa-98cd-314c-ba07-c921d6192d6a order=136576
2026-09-29T15:14:06.436+08:00  INFO 16396 --- [seckill-system] [OrderListener-1] c.d.seckill.service.AsyncOrderConsumer   : order committed request=9eaee461-ff3b-37b1-ba0d-61ba356a70ab order=136579
2026-09-29T15:14:06.436+08:00  INFO 16396 --- [seckill-system] [OrderListener-2] c.d.seckill.service.AsyncOrderConsumer   : order committed request=d9c198d9-7412-3fc2-999d-772fe4fd8c74 order=136578
2026-09-29T15:14:06.447+08:00  INFO 16396 --- [seckill-system] [OrderListener-2] c.d.seckill.service.AsyncOrderConsumer   : order committed request=5229ea66-5a2e-3221-8007-a93631dbd913 order=136580
2026-09-29T15:14:06.474+08:00  INFO 16396 --- [seckill-system] [io-18090-exec-2] c.d.s.service.ProtectedSeckillService    : submission queued request=e4731c5d-e4c4-316d-badc-c3d6da815bb5
2026-09-29T15:14:06.474+08:00  INFO 16396 --- [seckill-system] [io-18090-exec-3] c.d.s.service.ProtectedSeckillService    : submission queued request=cf518be0-0b6c-3a4f-a333-23f196492217
2026-09-29T15:14:06.474+08:00  INFO 16396 --- [seckill-system] [io-18090-exec-8] c.d.s.service.ProtectedSeckillService    : submission queued request=b1254b0b-6548-3f9a-854a-3158db6da0f5
2026-09-29T15:14:06.474+08:00  INFO 16396 --- [seckill-system] [io-18090-exec-6] c.d.s.service.ProtectedSeckillService    : submission queued request=8f881679-8550-3029-a1f1-6c150f1ccacc
2026-09-29T15:14:06.475+08:00  INFO 16396 --- [seckill-system] [io-18090-exec-7] c.d.s.service.ProtectedSeckillService    : submission queued request=30539cc7-3ef2-3e3f-a766-42e0c2aecaf1
2026-09-29T15:14:06.486+08:00  INFO 16396 --- [seckill-system] [OrderListener-1] c.d.seckill.service.AsyncOrderConsumer   : order committed request=8f881679-8550-3029-a1f1-6c150f1ccacc order=136581
2026-09-29T15:14:06.486+08:00  INFO 16396 --- [seckill-system] [OrderListener-2] c.d.seckill.service.AsyncOrderConsumer   : order committed request=30539cc7-3ef2-3e3f-a766-42e0c2aecaf1 order=136582
2026-09-29T15:14:06.497+08:00  INFO 16396 --- [seckill-system] [OrderListener-1] c.d.seckill.service.AsyncOrderConsumer   : order committed request=b1254b0b-6548-3f9a-854a-3158db6da0f5 order=136584
2026-09-29T15:14:06.497+08:00  INFO 16396 --- [seckill-system] [OrderListener-2] c.d.seckill.service.AsyncOrderConsumer   : order committed request=cf518be0-0b6c-3a4f-a333-23f196492217 order=136583
2026-09-29T15:14:06.510+08:00  INFO 16396 --- [seckill-system] [OrderListener-1] c.d.seckill.service.AsyncOrderConsumer   : order committed request=e4731c5d-e4c4-316d-badc-c3d6da815bb5 order=136585
2026-09-29T15:14:06.534+08:00  INFO 16396 --- [seckill-system] [io-18090-exec-4] c.d.s.service.ProtectedSeckillService    : submission queued request=5d9ac556-1a0b-3c7d-9cee-8cb6678ef714
2026-09-29T15:14:06.535+08:00  INFO 16396 --- [seckill-system] [io-18090-exec-1] c.d.s.service.ProtectedSeckillService    : submission queued request=308abd59-3d96-3759-86c5-ea8f2fbb8826
2026-09-29T15:14:06.535+08:00  INFO 16396 --- [seckill-system] [o-18090-exec-10] c.d.s.service.ProtectedSeckillService    : submission queued request=4b63ec4e-449f-37ff-86d5-6aeb0a9a3ad2
2026-09-29T15:14:06.535+08:00  INFO 16396 --- [seckill-system] [io-18090-exec-5] c.d.s.service.ProtectedSeckillService    : submission queued request=b6a8a667-2dc0-3a5f-9dec-f89c7f5e6f18
2026-09-29T15:14:06.535+08:00  INFO 16396 --- [seckill-system] [io-18090-exec-9] c.d.s.service.ProtectedSeckillService    : submission queued request=f33c4a22-2530-36af-b497-022ec6010131
2026-09-29T15:14:06.547+08:00  INFO 16396 --- [seckill-system] [OrderListener-1] c.d.seckill.service.AsyncOrderConsumer   : order committed request=f33c4a22-2530-36af-b497-022ec6010131 order=136587
2026-09-29T15:14:06.547+08:00  INFO 16396 --- [seckill-system] [OrderListener-2] c.d.seckill.service.AsyncOrderConsumer   : order committed request=b6a8a667-2dc0-3a5f-9dec-f89c7f5e6f18 order=136586
2026-09-29T15:14:06.558+08:00  INFO 16396 --- [seckill-system] [OrderListener-1] c.d.seckill.service.AsyncOrderConsumer   : order committed request=308abd59-3d96-3759-86c5-ea8f2fbb8826 order=136588
2026-09-29T15:14:06.559+08:00  INFO 16396 --- [seckill-system] [OrderListener-2] c.d.seckill.service.AsyncOrderConsumer   : order committed request=5d9ac556-1a0b-3c7d-9cee-8cb6678ef714 order=136589
2026-09-29T15:14:06.569+08:00  INFO 16396 --- [seckill-system] [OrderListener-2] c.d.seckill.service.AsyncOrderConsumer   : order committed request=4b63ec4e-449f-37ff-86d5-6aeb0a9a3ad2 order=136590
2026-09-29T15:14:06.594+08:00  INFO 16396 --- [seckill-system] [io-18090-exec-8] c.d.s.service.ProtectedSeckillService    : submission queued request=323f9e32-6e1b-3b8f-9ec9-decc5d000606
2026-09-29T15:14:06.597+08:00  INFO 16396 --- [seckill-system] [io-18090-exec-3] c.d.s.service.ProtectedSeckillService    : submission queued request=742b98a6-0b64-3969-acb6-d21a982568bb
2026-09-29T15:14:06.598+08:00  INFO 16396 --- [seckill-system] [io-18090-exec-7] c.d.s.service.ProtectedSeckillService    : submission queued request=a72f635f-1d76-3ad3-9df2-fa98cbdc3a65
2026-09-29T15:14:06.598+08:00  INFO 16396 --- [seckill-system] [io-18090-exec-6] c.d.s.service.ProtectedSeckillService    : submission queued request=b83dc2fd-8a6c-3efa-b15c-26e2c0681d3d
2026-09-29T15:14:06.598+08:00  INFO 16396 --- [seckill-system] [io-18090-exec-2] c.d.s.service.ProtectedSeckillService    : submission queued request=f66e8eda-c409-3c92-8934-e22f1895b2bb
2026-09-29T15:14:06.604+08:00  INFO 16396 --- [seckill-system] [OrderListener-1] c.d.seckill.service.AsyncOrderConsumer   : order committed request=323f9e32-6e1b-3b8f-9ec9-decc5d000606 order=136591
2026-09-29T15:14:06.607+08:00  INFO 16396 --- [seckill-system] [OrderListener-2] c.d.seckill.service.AsyncOrderConsumer   : order committed request=742b98a6-0b64-3969-acb6-d21a982568bb order=136592
2026-09-29T15:14:06.614+08:00  INFO 16396 --- [seckill-system] [OrderListener-1] c.d.seckill.service.AsyncOrderConsumer   : order committed request=b83dc2fd-8a6c-3efa-b15c-26e2c0681d3d order=136593
2026-09-29T15:14:06.617+08:00  INFO 16396 --- [seckill-system] [OrderListener-2] c.d.seckill.service.AsyncOrderConsumer   : order committed request=f66e8eda-c409-3c92-8934-e22f1895b2bb order=136594
2026-09-29T15:14:06.623+08:00  INFO 16396 --- [seckill-system] [OrderListener-1] c.d.seckill.service.AsyncOrderConsumer   : order committed request=a72f635f-1d76-3ad3-9df2-fa98cbdc3a65 order=136595
2026-09-29T15:14:06.657+08:00  INFO 16396 --- [seckill-system] [o-18090-exec-10] c.d.s.service.ProtectedSeckillService    : submission queued request=5379de31-9762-30db-885f-e7d788a3b1cf
2026-09-29T15:14:06.657+08:00  INFO 16396 --- [seckill-system] [io-18090-exec-9] c.d.s.service.ProtectedSeckillService    : submission queued request=d4cf6415-8be9-34c8-8e6a-2542e0471465
2026-09-29T15:14:06.657+08:00  INFO 16396 --- [seckill-system] [io-18090-exec-5] c.d.s.service.ProtectedSeckillService    : submission queued request=149e20ed-6a3d-32b4-a014-f6202c2dac21
2026-09-29T15:14:06.661+08:00  INFO 16396 --- [seckill-system] [io-18090-exec-4] c.d.s.service.ProtectedSeckillService    : submission queued request=b1c0aaea-74f2-343a-bdc9-0a7148cc3044
2026-09-29T15:14:06.662+08:00  INFO 16396 --- [seckill-system] [io-18090-exec-1] c.d.s.service.ProtectedSeckillService    : submission queued request=8a6dd0b1-5c8d-366b-bef0-116a29a6e17a
2026-09-29T15:14:06.671+08:00  INFO 16396 --- [seckill-system] [OrderListener-1] c.d.seckill.service.AsyncOrderConsumer   : order committed request=d4cf6415-8be9-34c8-8e6a-2542e0471465 order=136596
2026-09-29T15:14:06.674+08:00  INFO 16396 --- [seckill-system] [OrderListener-2] c.d.seckill.service.AsyncOrderConsumer   : order committed request=149e20ed-6a3d-32b4-a014-f6202c2dac21 order=136597
2026-09-29T15:14:06.682+08:00  INFO 16396 --- [seckill-system] [OrderListener-1] c.d.seckill.service.AsyncOrderConsumer   : order committed request=b1c0aaea-74f2-343a-bdc9-0a7148cc3044 order=136598
2026-09-29T15:14:06.683+08:00  INFO 16396 --- [seckill-system] [OrderListener-2] c.d.seckill.service.AsyncOrderConsumer   : order committed request=5379de31-9762-30db-885f-e7d788a3b1cf order=136599
2026-09-29T15:14:06.693+08:00  INFO 16396 --- [seckill-system] [OrderListener-2] c.d.seckill.service.AsyncOrderConsumer   : order committed request=8a6dd0b1-5c8d-366b-bef0-116a29a6e17a order=136600
2026-09-29T15:14:06.718+08:00  INFO 16396 --- [seckill-system] [io-18090-exec-8] c.d.s.service.ProtectedSeckillService    : submission queued request=cd8dd143-cab8-3268-97f1-631b4548b897
2026-09-29T15:14:06.719+08:00  INFO 16396 --- [seckill-system] [io-18090-exec-7] c.d.s.service.ProtectedSeckillService    : submission queued request=b5d4f48b-d96e-372c-9c9a-1e8dbc01ab85
2026-09-29T15:14:06.719+08:00  INFO 16396 --- [seckill-system] [io-18090-exec-3] c.d.s.service.ProtectedSeckillService    : submission queued request=4052500b-5c08-319a-9c89-7536a358e706
2026-09-29T15:14:06.721+08:00  INFO 16396 --- [seckill-system] [io-18090-exec-6] c.d.s.service.ProtectedSeckillService    : submission queued request=0d5ec9d4-7574-3402-bf9e-6acbfbf3d84c
2026-09-29T15:14:06.722+08:00  INFO 16396 --- [seckill-system] [io-18090-exec-2] c.d.s.service.ProtectedSeckillService    : submission queued request=d5bcf305-669e-3564-93e6-93925f2df145
2026-09-29T15:14:06.728+08:00  INFO 16396 --- [seckill-system] [OrderListener-1] c.d.seckill.service.AsyncOrderConsumer   : order committed request=b5d4f48b-d96e-372c-9c9a-1e8dbc01ab85 order=136602
2026-09-29T15:14:06.728+08:00  INFO 16396 --- [seckill-system] [OrderListener-2] c.d.seckill.service.AsyncOrderConsumer   : order committed request=4052500b-5c08-319a-9c89-7536a358e706 order=136601
2026-09-29T15:14:06.739+08:00  INFO 16396 --- [seckill-system] [OrderListener-1] c.d.seckill.service.AsyncOrderConsumer   : order committed request=cd8dd143-cab8-3268-97f1-631b4548b897 order=136603
2026-09-29T15:14:06.739+08:00  INFO 16396 --- [seckill-system] [OrderListener-2] c.d.seckill.service.AsyncOrderConsumer   : order committed request=0d5ec9d4-7574-3402-bf9e-6acbfbf3d84c order=136604
2026-09-29T15:14:06.749+08:00  INFO 16396 --- [seckill-system] [OrderListener-1] c.d.seckill.service.AsyncOrderConsumer   : order committed request=d5bcf305-669e-3564-93e6-93925f2df145 order=136605
2026-09-29T15:14:06.779+08:00  INFO 16396 --- [seckill-system] [io-18090-exec-1] c.d.s.service.ProtectedSeckillService    : submission queued request=e75d46ff-4768-3829-82c5-3c4c752e6f2b
2026-09-29T15:14:06.779+08:00  INFO 16396 --- [seckill-system] [o-18090-exec-10] c.d.s.service.ProtectedSeckillService    : submission queued request=90bcdb09-138d-3629-ad25-d7c096f24529
2026-09-29T15:14:06.779+08:00  INFO 16396 --- [seckill-system] [io-18090-exec-9] c.d.s.service.ProtectedSeckillService    : submission queued request=3bd93793-b7b4-3406-9aaa-4acf729730a5
2026-09-29T15:14:06.779+08:00  INFO 16396 --- [seckill-system] [io-18090-exec-5] c.d.s.service.ProtectedSeckillService    : submission queued request=ddf7cf5c-79c9-34dc-81bc-b4c7cec697bc
2026-09-29T15:14:06.779+08:00  INFO 16396 --- [seckill-system] [io-18090-exec-4] c.d.s.service.ProtectedSeckillService    : submission queued request=aa8a1b7d-ee64-3a9a-b056-994edbfab84a
2026-09-29T15:14:06.791+08:00  INFO 16396 --- [seckill-system] [OrderListener-2] c.d.seckill.service.AsyncOrderConsumer   : order committed request=ddf7cf5c-79c9-34dc-81bc-b4c7cec697bc order=136606
2026-09-29T15:14:06.791+08:00  INFO 16396 --- [seckill-system] [OrderListener-1] c.d.seckill.service.AsyncOrderConsumer   : order committed request=e75d46ff-4768-3829-82c5-3c4c752e6f2b order=136607
2026-09-29T15:14:06.801+08:00  INFO 16396 --- [seckill-system] [OrderListener-1] c.d.seckill.service.AsyncOrderConsumer   : order committed request=3bd93793-b7b4-3406-9aaa-4acf729730a5 order=136609
2026-09-29T15:14:06.801+08:00  INFO 16396 --- [seckill-system] [OrderListener-2] c.d.seckill.service.AsyncOrderConsumer   : order committed request=90bcdb09-138d-3629-ad25-d7c096f24529 order=136608
2026-09-29T15:14:06.810+08:00  INFO 16396 --- [seckill-system] [OrderListener-2] c.d.seckill.service.AsyncOrderConsumer   : order committed request=aa8a1b7d-ee64-3a9a-b056-994edbfab84a order=136610
2026-09-29T15:14:06.840+08:00  INFO 16396 --- [seckill-system] [io-18090-exec-2] c.d.s.service.ProtectedSeckillService    : submission queued request=9ee12fc8-1734-31ef-a10d-878f6f258d5f
2026-09-29T15:14:06.840+08:00  INFO 16396 --- [seckill-system] [io-18090-exec-3] c.d.s.service.ProtectedSeckillService    : submission queued request=2e5c8b61-ac07-3b1d-9751-1fe67dbe8216
2026-09-29T15:14:06.840+08:00  INFO 16396 --- [seckill-system] [io-18090-exec-6] c.d.s.service.ProtectedSeckillService    : submission queued request=811069aa-63ed-31fb-9dc6-872b30010577
2026-09-29T15:14:06.841+08:00  INFO 16396 --- [seckill-system] [io-18090-exec-7] c.d.s.service.ProtectedSeckillService    : submission queued request=ba397890-c140-30e1-afe6-caeb5908e138
2026-09-29T15:14:06.841+08:00  INFO 16396 --- [seckill-system] [io-18090-exec-8] c.d.s.service.ProtectedSeckillService    : submission queued request=179d8dca-92da-34c2-9c75-53e801fd8592
2026-09-29T15:14:06.850+08:00  INFO 16396 --- [seckill-system] [OrderListener-2] c.d.seckill.service.AsyncOrderConsumer   : order committed request=811069aa-63ed-31fb-9dc6-872b30010577 order=136612
2026-09-29T15:14:06.851+08:00  INFO 16396 --- [seckill-system] [OrderListener-1] c.d.seckill.service.AsyncOrderConsumer   : order committed request=2e5c8b61-ac07-3b1d-9751-1fe67dbe8216 order=136611
2026-09-29T15:14:06.860+08:00  INFO 16396 --- [seckill-system] [OrderListener-1] c.d.seckill.service.AsyncOrderConsumer   : order committed request=9ee12fc8-1734-31ef-a10d-878f6f258d5f order=136613
2026-09-29T15:14:06.860+08:00  INFO 16396 --- [seckill-system] [OrderListener-2] c.d.seckill.service.AsyncOrderConsumer   : order committed request=179d8dca-92da-34c2-9c75-53e801fd8592 order=136614
2026-09-29T15:14:06.871+08:00  INFO 16396 --- [seckill-system] [OrderListener-1] c.d.seckill.service.AsyncOrderConsumer   : order committed request=ba397890-c140-30e1-afe6-caeb5908e138 order=136615
2026-09-29T15:14:06.903+08:00  INFO 16396 --- [seckill-system] [o-18090-exec-10] c.d.s.service.ProtectedSeckillService    : submission queued request=bf4c94f1-507e-37d9-b323-e043c5582b06
2026-09-29T15:14:06.903+08:00  INFO 16396 --- [seckill-system] [io-18090-exec-1] c.d.s.service.ProtectedSeckillService    : submission queued request=5c3afa4d-c9af-3732-96a8-9c0f92cb72b1
2026-09-29T15:14:06.903+08:00  INFO 16396 --- [seckill-system] [io-18090-exec-5] c.d.s.service.ProtectedSeckillService    : submission queued request=d83b74be-12fa-3e9d-bb50-658ce37f5cda
2026-09-29T15:14:06.905+08:00  INFO 16396 --- [seckill-system] [io-18090-exec-9] c.d.s.service.ProtectedSeckillService    : submission queued request=a3380cf1-02da-3926-a13e-90c127f5b37e
2026-09-29T15:14:06.906+08:00  INFO 16396 --- [seckill-system] [io-18090-exec-4] c.d.s.service.ProtectedSeckillService    : submission queued request=4b75eabf-632d-32e2-9932-6d003ff78e78
2026-09-29T15:14:06.912+08:00  INFO 16396 --- [seckill-system] [OrderListener-2] c.d.seckill.service.AsyncOrderConsumer   : order committed request=d83b74be-12fa-3e9d-bb50-658ce37f5cda order=136617
2026-09-29T15:14:06.913+08:00  INFO 16396 --- [seckill-system] [OrderListener-1] c.d.seckill.service.AsyncOrderConsumer   : order committed request=5c3afa4d-c9af-3732-96a8-9c0f92cb72b1 order=136616
2026-09-29T15:14:06.923+08:00  INFO 16396 --- [seckill-system] [OrderListener-2] c.d.seckill.service.AsyncOrderConsumer   : order committed request=bf4c94f1-507e-37d9-b323-e043c5582b06 order=136618
2026-09-29T15:14:06.923+08:00  INFO 16396 --- [seckill-system] [OrderListener-1] c.d.seckill.service.AsyncOrderConsumer   : order committed request=a3380cf1-02da-3926-a13e-90c127f5b37e order=136619
2026-09-29T15:14:06.932+08:00  INFO 16396 --- [seckill-system] [OrderListener-2] c.d.seckill.service.AsyncOrderConsumer   : order committed request=4b75eabf-632d-32e2-9932-6d003ff78e78 order=136620
2026-09-29T15:14:06.967+08:00  INFO 16396 --- [seckill-system] [io-18090-exec-8] c.d.s.service.ProtectedSeckillService    : submission queued request=0c99d2ba-19db-3884-a54d-263db8f283f3
2026-09-29T15:14:06.967+08:00  INFO 16396 --- [seckill-system] [io-18090-exec-1] c.d.s.service.ProtectedSeckillService    : submission queued request=0cd8c2b2-8a49-36ee-8eb4-deae4c2eca0c
2026-09-29T15:14:06.967+08:00  INFO 16396 --- [seckill-system] [io-18090-exec-7] c.d.s.service.ProtectedSeckillService    : submission queued request=0589723f-6eb3-339d-a37a-44d35933934f
2026-09-29T15:14:06.967+08:00  INFO 16396 --- [seckill-system] [io-18090-exec-3] c.d.s.service.ProtectedSeckillService    : submission queued request=aa055172-7b45-32d0-83d6-7935f79dc5f8
2026-09-29T15:14:06.967+08:00  INFO 16396 --- [seckill-system] [io-18090-exec-6] c.d.s.service.ProtectedSeckillService    : submission queued request=efc20eef-951f-3537-9181-b96c617310e0
2026-09-29T15:14:06.976+08:00  INFO 16396 --- [seckill-system] [OrderListener-2] c.d.seckill.service.AsyncOrderConsumer   : order committed request=aa055172-7b45-32d0-83d6-7935f79dc5f8 order=136622
2026-09-29T15:14:06.976+08:00  INFO 16396 --- [seckill-system] [OrderListener-1] c.d.seckill.service.AsyncOrderConsumer   : order committed request=0cd8c2b2-8a49-36ee-8eb4-deae4c2eca0c order=136621
2026-09-29T15:14:06.986+08:00  INFO 16396 --- [seckill-system] [OrderListener-1] c.d.seckill.service.AsyncOrderConsumer   : order committed request=efc20eef-951f-3537-9181-b96c617310e0 order=136624
2026-09-29T15:14:06.986+08:00  INFO 16396 --- [seckill-system] [OrderListener-2] c.d.seckill.service.AsyncOrderConsumer   : order committed request=0589723f-6eb3-339d-a37a-44d35933934f order=136623
2026-09-29T15:14:06.997+08:00  INFO 16396 --- [seckill-system] [OrderListener-1] c.d.seckill.service.AsyncOrderConsumer   : order committed request=0c99d2ba-19db-3884-a54d-263db8f283f3 order=136625
2026-09-29T15:14:07.028+08:00  INFO 16396 --- [seckill-system] [io-18090-exec-4] c.d.s.service.ProtectedSeckillService    : submission queued request=f51f69d3-4bb4-348e-962e-8fff93f4e703
2026-09-29T15:14:07.029+08:00  INFO 16396 --- [seckill-system] [io-18090-exec-2] c.d.s.service.ProtectedSeckillService    : submission queued request=b71b3760-7f0c-3344-8db0-78b51b58f756
2026-09-29T15:14:07.029+08:00  INFO 16396 --- [seckill-system] [io-18090-exec-7] c.d.s.service.ProtectedSeckillService    : submission queued request=48c4e12e-6443-3479-af5b-01fca921ab90
2026-09-29T15:14:07.029+08:00  INFO 16396 --- [seckill-system] [io-18090-exec-9] c.d.s.service.ProtectedSeckillService    : submission queued request=6ca8089a-102d-32ff-bc81-b7b67cacb208
2026-09-29T15:14:07.038+08:00  INFO 16396 --- [seckill-system] [OrderListener-1] c.d.seckill.service.AsyncOrderConsumer   : order committed request=48c4e12e-6443-3479-af5b-01fca921ab90 order=136626
2026-09-29T15:14:07.039+08:00  INFO 16396 --- [seckill-system] [OrderListener-2] c.d.seckill.service.AsyncOrderConsumer   : order committed request=b71b3760-7f0c-3344-8db0-78b51b58f756 order=136627
2026-09-29T15:14:07.049+08:00  INFO 16396 --- [seckill-system] [OrderListener-1] c.d.seckill.service.AsyncOrderConsumer   : order committed request=f51f69d3-4bb4-348e-962e-8fff93f4e703 order=136628
2026-09-29T15:14:07.050+08:00  INFO 16396 --- [seckill-system] [OrderListener-2] c.d.seckill.service.AsyncOrderConsumer   : order committed request=6ca8089a-102d-32ff-bc81-b7b67cacb208 order=136629
2026-09-29T15:14:07.089+08:00  INFO 16396 --- [seckill-system] [io-18090-exec-6] c.d.s.service.ProtectedSeckillService    : submission queued request=84199729-69bb-33a6-87a6-d909167d3689
2026-09-29T15:14:07.089+08:00  INFO 16396 --- [seckill-system] [io-18090-exec-1] c.d.s.service.ProtectedSeckillService    : submission queued request=60c6fc5c-75c5-313e-be93-883c5fd6c946
2026-09-29T15:14:07.089+08:00  INFO 16396 --- [seckill-system] [io-18090-exec-8] c.d.s.service.ProtectedSeckillService    : submission queued request=b8e6b383-86c3-3614-8231-35f3db005e75
2026-09-29T15:14:07.099+08:00  INFO 16396 --- [seckill-system] [OrderListener-1] c.d.seckill.service.AsyncOrderConsumer   : order committed request=84199729-69bb-33a6-87a6-d909167d3689 order=136631
2026-09-29T15:14:07.099+08:00  INFO 16396 --- [seckill-system] [OrderListener-2] c.d.seckill.service.AsyncOrderConsumer   : order committed request=60c6fc5c-75c5-313e-be93-883c5fd6c946 order=136630
2026-09-29T15:14:07.109+08:00  INFO 16396 --- [seckill-system] [OrderListener-2] c.d.seckill.service.AsyncOrderConsumer   : order committed request=b8e6b383-86c3-3614-8231-35f3db005e75 order=136632
2026-09-29T15:14:07.151+08:00  INFO 16396 --- [seckill-system] [io-18090-exec-5] c.d.s.service.ProtectedSeckillService    : submission queued request=5dc6a3dc-7c57-35cc-b70b-d5ac9564adbe
2026-09-29T15:14:07.151+08:00  INFO 16396 --- [seckill-system] [io-18090-exec-2] c.d.s.service.ProtectedSeckillService    : submission queued request=582229a2-cfda-3e41-b0a5-85266aee4c89
2026-09-29T15:14:07.151+08:00  INFO 16396 --- [seckill-system] [o-18090-exec-10] c.d.s.service.ProtectedSeckillService    : submission queued request=ac21715f-d5b7-3bda-97a3-1e579f467d3b
2026-09-29T15:14:07.161+08:00  INFO 16396 --- [seckill-system] [OrderListener-2] c.d.seckill.service.AsyncOrderConsumer   : order committed request=5dc6a3dc-7c57-35cc-b70b-d5ac9564adbe order=136634
2026-09-29T15:14:07.161+08:00  INFO 16396 --- [seckill-system] [OrderListener-1] c.d.seckill.service.AsyncOrderConsumer   : order committed request=ac21715f-d5b7-3bda-97a3-1e579f467d3b order=136633
2026-09-29T15:14:07.170+08:00  INFO 16396 --- [seckill-system] [OrderListener-1] c.d.seckill.service.AsyncOrderConsumer   : order committed request=582229a2-cfda-3e41-b0a5-85266aee4c89 order=136635
2026-09-29T15:14:07.211+08:00  INFO 16396 --- [seckill-system] [io-18090-exec-7] c.d.s.service.ProtectedSeckillService    : submission queued request=d714fecf-bfa1-302b-93f2-42cf9de656ff
2026-09-29T15:14:07.211+08:00  INFO 16396 --- [seckill-system] [io-18090-exec-4] c.d.s.service.ProtectedSeckillService    : submission queued request=55327dac-8e60-38ef-afee-9f7fa942c0d5
2026-09-29T15:14:07.211+08:00  INFO 16396 --- [seckill-system] [io-18090-exec-3] c.d.s.service.ProtectedSeckillService    : submission queued request=36ddbe2a-1d9f-39a8-9a16-0a26d88e65a5
2026-09-29T15:14:07.221+08:00  INFO 16396 --- [seckill-system] [OrderListener-1] c.d.seckill.service.AsyncOrderConsumer   : order committed request=55327dac-8e60-38ef-afee-9f7fa942c0d5 order=136636
2026-09-29T15:14:07.221+08:00  INFO 16396 --- [seckill-system] [OrderListener-2] c.d.seckill.service.AsyncOrderConsumer   : order committed request=36ddbe2a-1d9f-39a8-9a16-0a26d88e65a5 order=136637
2026-09-29T15:14:07.231+08:00  INFO 16396 --- [seckill-system] [OrderListener-2] c.d.seckill.service.AsyncOrderConsumer   : order committed request=d714fecf-bfa1-302b-93f2-42cf9de656ff order=136638
2026-09-29T15:14:07.273+08:00  INFO 16396 --- [seckill-system] [io-18090-exec-1] c.d.s.service.ProtectedSeckillService    : submission queued request=93bf59f0-98a2-30cb-8715-6ee7faeb14f8
2026-09-29T15:14:07.273+08:00  INFO 16396 --- [seckill-system] [io-18090-exec-6] c.d.s.service.ProtectedSeckillService    : submission queued request=130a5aa1-5197-3469-9bf1-8e5e88899e49
2026-09-29T15:14:07.283+08:00  INFO 16396 --- [seckill-system] [OrderListener-1] c.d.seckill.service.AsyncOrderConsumer   : order committed request=130a5aa1-5197-3469-9bf1-8e5e88899e49 order=136639
2026-09-29T15:14:07.283+08:00  INFO 16396 --- [seckill-system] [OrderListener-2] c.d.seckill.service.AsyncOrderConsumer   : order committed request=93bf59f0-98a2-30cb-8715-6ee7faeb14f8 order=136640
2026-09-29T15:14:07.335+08:00  INFO 16396 --- [seckill-system] [o-18090-exec-10] c.d.s.service.ProtectedSeckillService    : submission queued request=950e941d-21ff-3ad7-a29e-7e58e59a90dd
2026-09-29T15:14:07.335+08:00  INFO 16396 --- [seckill-system] [io-18090-exec-9] c.d.s.service.ProtectedSeckillService    : submission queued request=fa3a98f8-9980-3a3e-9a5e-6253a38f66dc
2026-09-29T15:14:07.335+08:00  INFO 16396 --- [seckill-system] [io-18090-exec-5] c.d.s.service.ProtectedSeckillService    : submission queued request=41de2652-27bb-3278-98c0-82253db7945b
2026-09-29T15:14:07.344+08:00  INFO 16396 --- [seckill-system] [OrderListener-1] c.d.seckill.service.AsyncOrderConsumer   : order committed request=41de2652-27bb-3278-98c0-82253db7945b order=136641
2026-09-29T15:14:07.344+08:00  INFO 16396 --- [seckill-system] [OrderListener-2] c.d.seckill.service.AsyncOrderConsumer   : order committed request=fa3a98f8-9980-3a3e-9a5e-6253a38f66dc order=136642
2026-09-29T15:14:07.353+08:00  INFO 16396 --- [seckill-system] [OrderListener-1] c.d.seckill.service.AsyncOrderConsumer   : order committed request=950e941d-21ff-3ad7-a29e-7e58e59a90dd order=136643
2026-09-29T15:14:07.457+08:00  INFO 16396 --- [seckill-system] [io-18090-exec-7] c.d.s.service.ProtectedSeckillService    : submission queued request=94c549f1-26b7-3465-addf-e9f91c24a194
2026-09-29T15:14:07.457+08:00  INFO 16396 --- [seckill-system] [io-18090-exec-4] c.d.s.service.ProtectedSeckillService    : submission queued request=d874ff79-e229-3181-91d5-71b0fd51eb6b
2026-09-29T15:14:07.466+08:00  INFO 16396 --- [seckill-system] [OrderListener-1] c.d.seckill.service.AsyncOrderConsumer   : order committed request=94c549f1-26b7-3465-addf-e9f91c24a194 order=136644
2026-09-29T15:14:07.466+08:00  INFO 16396 --- [seckill-system] [OrderListener-2] c.d.seckill.service.AsyncOrderConsumer   : order committed request=d874ff79-e229-3181-91d5-71b0fd51eb6b order=136645
2026-09-29T15:14:07.581+08:00  INFO 16396 --- [seckill-system] [io-18090-exec-1] c.d.s.service.ProtectedSeckillService    : submission queued request=e76ad9a0-16fc-39d3-a989-19d06b4bb228
2026-09-29T15:14:07.581+08:00  INFO 16396 --- [seckill-system] [io-18090-exec-6] c.d.s.service.ProtectedSeckillService    : submission queued request=08b6c01a-f0b6-3295-9f66-e1c27c02717e
2026-09-29T15:14:07.591+08:00  INFO 16396 --- [seckill-system] [OrderListener-1] c.d.seckill.service.AsyncOrderConsumer   : order committed request=08b6c01a-f0b6-3295-9f66-e1c27c02717e order=136646
2026-09-29T15:14:07.591+08:00  INFO 16396 --- [seckill-system] [OrderListener-2] c.d.seckill.service.AsyncOrderConsumer   : order committed request=e76ad9a0-16fc-39d3-a989-19d06b4bb228 order=136647
2026-09-29T15:14:28.773+08:00  INFO 16396 --- [seckill-system] [io-18090-exec-5] c.d.s.service.ProtectedSeckillService    : submission queued request=61a0076a-3435-3469-8155-291c78186407
2026-09-29T15:14:28.773+08:00  INFO 16396 --- [seckill-system] [io-18090-exec-9] c.d.s.service.ProtectedSeckillService    : submission queued request=7c2b45ac-5ebf-328a-9f7b-d1b8b0500494
2026-09-29T15:14:28.774+08:00  INFO 16396 --- [seckill-system] [io-18090-exec-3] c.d.s.service.ProtectedSeckillService    : submission queued request=73ec157c-8d13-35a8-966c-48cd6f052f23
2026-09-29T15:14:28.776+08:00  INFO 16396 --- [seckill-system] [io-18090-exec-4] c.d.s.service.ProtectedSeckillService    : submission queued request=473880c0-9bd2-3cb8-b79a-c94b2a168772
2026-09-29T15:14:28.776+08:00  INFO 16396 --- [seckill-system] [o-18090-exec-10] c.d.s.service.ProtectedSeckillService    : submission queued request=4509b99e-0b96-3e74-9c98-02bd9ed30bcb
2026-09-29T15:14:28.777+08:00  INFO 16396 --- [seckill-system] [io-18090-exec-8] c.d.s.service.ProtectedSeckillService    : submission queued request=9b6d3735-6513-3871-bca1-447900811976
2026-09-29T15:14:28.777+08:00  INFO 16396 --- [seckill-system] [io-18090-exec-7] c.d.s.service.ProtectedSeckillService    : submission queued request=02271ba6-77d0-30f0-b6ab-f34556e278c7
2026-09-29T15:14:28.778+08:00  INFO 16396 --- [seckill-system] [io-18090-exec-1] c.d.s.service.ProtectedSeckillService    : submission queued request=7718d1c3-7e1d-3c8a-bb11-4edaae684b28
2026-09-29T15:14:28.778+08:00  INFO 16396 --- [seckill-system] [io-18090-exec-2] c.d.s.service.ProtectedSeckillService    : submission queued request=7d8a295d-a25e-35a5-a316-07b1479540e6
2026-09-29T15:14:28.779+08:00  INFO 16396 --- [seckill-system] [io-18090-exec-6] c.d.s.service.ProtectedSeckillService    : submission queued request=2f87b8c3-daf0-3827-b07f-21ce76b5f53c
2026-09-29T15:14:28.780+08:00  INFO 16396 --- [seckill-system] [o-18090-exec-13] c.d.s.service.ProtectedSeckillService    : submission queued request=1ea2e0a6-9b32-3355-b3d3-cd948196fdf9
2026-09-29T15:14:28.780+08:00  INFO 16396 --- [seckill-system] [o-18090-exec-12] c.d.s.service.ProtectedSeckillService    : submission queued request=632da041-7cfc-3916-b066-415770929489
2026-09-29T15:14:28.780+08:00  INFO 16396 --- [seckill-system] [o-18090-exec-11] c.d.s.service.ProtectedSeckillService    : submission queued request=1c5e1073-2239-38df-a455-994828228920
2026-09-29T15:14:28.784+08:00  INFO 16396 --- [seckill-system] [o-18090-exec-28] c.d.s.service.ProtectedSeckillService    : submission queued request=ffe03341-8d47-3e88-9758-1f994bacba08
2026-09-29T15:14:28.785+08:00  INFO 16396 --- [seckill-system] [o-18090-exec-18] c.d.s.service.ProtectedSeckillService    : submission queued request=2a457306-f40e-3d8e-b6a1-f4a1d7200267
2026-09-29T15:14:28.784+08:00  INFO 16396 --- [seckill-system] [o-18090-exec-20] c.d.s.service.ProtectedSeckillService    : submission queued request=2a1a4e29-930f-3536-b3d1-918d7489bb87
2026-09-29T15:14:28.785+08:00  INFO 16396 --- [seckill-system] [o-18090-exec-30] c.d.s.service.ProtectedSeckillService    : submission queued request=33a62fc1-4980-33e6-a3de-9fee826054a4
2026-09-29T15:14:28.786+08:00  INFO 16396 --- [seckill-system] [OrderListener-2] c.d.seckill.service.AsyncOrderConsumer   : order committed request=7c2b45ac-5ebf-328a-9f7b-d1b8b0500494 order=136648
2026-09-29T15:14:28.786+08:00  INFO 16396 --- [seckill-system] [OrderListener-1] c.d.seckill.service.AsyncOrderConsumer   : order committed request=61a0076a-3435-3469-8155-291c78186407 order=136649
2026-09-29T15:14:28.787+08:00  INFO 16396 --- [seckill-system] [o-18090-exec-26] c.d.s.service.ProtectedSeckillService    : submission queued request=ab921549-4aad-3e73-891a-2881d1b7681f
2026-09-29T15:14:28.787+08:00  INFO 16396 --- [seckill-system] [o-18090-exec-25] c.d.s.service.ProtectedSeckillService    : submission queued request=d5d0cf6d-b27e-3198-bb28-08cde2279880
2026-09-29T15:14:28.788+08:00  INFO 16396 --- [seckill-system] [o-18090-exec-29] c.d.s.service.ProtectedSeckillService    : submission queued request=ba55e8f6-5f15-37e5-9543-497b6bac4040
2026-09-29T15:14:28.792+08:00  INFO 16396 --- [seckill-system] [io-18090-exec-5] c.d.s.service.ProtectedSeckillService    : submission queued request=ef5065da-912c-3424-a223-8cab54d32945
2026-09-29T15:14:28.792+08:00  INFO 16396 --- [seckill-system] [o-18090-exec-38] c.d.s.service.ProtectedSeckillService    : submission queued request=3675c290-8b89-378e-9797-8b85574dc0b4
2026-09-29T15:14:28.793+08:00  INFO 16396 --- [seckill-system] [o-18090-exec-37] c.d.s.service.ProtectedSeckillService    : submission queued request=08182f9a-b563-3202-95b7-50ed7ee4667f
2026-09-29T15:14:28.793+08:00  INFO 16396 --- [seckill-system] [o-18090-exec-19] c.d.s.service.ProtectedSeckillService    : submission queued request=6034174b-6cb5-36e2-8d7f-02b9a58fd432
2026-09-29T15:14:28.794+08:00  INFO 16396 --- [seckill-system] [o-18090-exec-22] c.d.s.service.ProtectedSeckillService    : submission queued request=19a05ee4-18c1-3cb0-be84-5793200c425f
2026-09-29T15:14:28.794+08:00  INFO 16396 --- [seckill-system] [o-18090-exec-23] c.d.s.service.ProtectedSeckillService    : submission queued request=23d52ed3-122f-331b-822e-7fd1b59cbb96
2026-09-29T15:14:28.794+08:00  INFO 16396 --- [seckill-system] [o-18090-exec-16] c.d.s.service.ProtectedSeckillService    : submission queued request=073d510e-5631-38b5-ac3a-3f51af84ad49
2026-09-29T15:14:28.794+08:00  INFO 16396 --- [seckill-system] [o-18090-exec-21] c.d.s.service.ProtectedSeckillService    : submission queued request=843c5c60-4530-3ab8-89c5-fb2fa5b1d480
2026-09-29T15:14:28.795+08:00  INFO 16396 --- [seckill-system] [o-18090-exec-27] c.d.s.service.ProtectedSeckillService    : submission queued request=f07ce96b-b121-3cc7-9080-2c76e8965383
2026-09-29T15:14:28.795+08:00  INFO 16396 --- [seckill-system] [o-18090-exec-14] c.d.s.service.ProtectedSeckillService    : submission queued request=b8cde61e-a0d6-3cb7-9941-a96ab8fb7b7b
2026-09-29T15:14:28.795+08:00  INFO 16396 --- [seckill-system] [o-18090-exec-15] c.d.s.service.ProtectedSeckillService    : submission queued request=0c162020-e9b8-3f3c-b4c5-100aae4ebcfa
2026-09-29T15:14:28.795+08:00  INFO 16396 --- [seckill-system] [o-18090-exec-17] c.d.s.service.ProtectedSeckillService    : submission queued request=81ce438f-0ccc-3ddf-9253-391529e6836a
2026-09-29T15:14:28.795+08:00  INFO 16396 --- [seckill-system] [o-18090-exec-24] c.d.s.service.ProtectedSeckillService    : submission queued request=2c812d54-e89f-3bc8-a9ef-c567a4c15b2a
2026-09-29T15:14:28.797+08:00  INFO 16396 --- [seckill-system] [o-18090-exec-36] c.d.s.service.ProtectedSeckillService    : submission queued request=0334e939-5dd9-317c-8b67-109dc0ea0160
2026-09-29T15:14:28.797+08:00  INFO 16396 --- [seckill-system] [o-18090-exec-31] c.d.s.service.ProtectedSeckillService    : submission queued request=a383455b-4335-3fa9-85ba-f3df57e34920
2026-09-29T15:14:28.797+08:00  INFO 16396 --- [seckill-system] [io-18090-exec-9] c.d.s.service.ProtectedSeckillService    : submission queued request=bf0bd043-8941-3b0d-9b29-6ad59aa644d9
2026-09-29T15:14:28.797+08:00  INFO 16396 --- [seckill-system] [o-18090-exec-32] c.d.s.service.ProtectedSeckillService    : submission queued request=3ab01eff-b997-312e-a6ab-d82cf91e0af2
2026-09-29T15:14:28.797+08:00  INFO 16396 --- [seckill-system] [o-18090-exec-33] c.d.s.service.ProtectedSeckillService    : submission queued request=a6ce51ac-3bf0-3cb1-bed2-440f78c5e639
2026-09-29T15:14:28.798+08:00  INFO 16396 --- [seckill-system] [o-18090-exec-34] c.d.s.service.ProtectedSeckillService    : submission queued request=16ac0fe5-0a8f-3be7-9140-c84840819063
2026-09-29T15:14:28.798+08:00  INFO 16396 --- [seckill-system] [o-18090-exec-35] c.d.s.service.ProtectedSeckillService    : submission queued request=5cf7e2a9-5bab-3017-ad61-b221821261db
2026-09-29T15:14:28.800+08:00  INFO 16396 --- [seckill-system] [OrderListener-1] c.d.seckill.service.AsyncOrderConsumer   : order committed request=473880c0-9bd2-3cb8-b79a-c94b2a168772 order=136650
2026-09-29T15:14:28.800+08:00  INFO 16396 --- [seckill-system] [OrderListener-2] c.d.seckill.service.AsyncOrderConsumer   : order committed request=73ec157c-8d13-35a8-966c-48cd6f052f23 order=136651
2026-09-29T15:14:28.809+08:00  INFO 16396 --- [seckill-system] [io-18090-exec-3] c.d.s.service.ProtectedSeckillService    : submission queued request=aa0b27a1-36ea-3ae3-aad6-3877e7d8a42c
2026-09-29T15:14:28.814+08:00  INFO 16396 --- [seckill-system] [OrderListener-1] c.d.seckill.service.AsyncOrderConsumer   : order committed request=4509b99e-0b96-3e74-9c98-02bd9ed30bcb order=136652
2026-09-29T15:14:28.816+08:00  INFO 16396 --- [seckill-system] [OrderListener-2] c.d.seckill.service.AsyncOrderConsumer   : order committed request=02271ba6-77d0-30f0-b6ab-f34556e278c7 order=136653
2026-09-29T15:14:28.821+08:00  INFO 16396 --- [seckill-system] [io-18090-exec-3] c.d.s.service.ProtectedSeckillService    : submission queued request=674170a0-cf5e-3a63-95c0-06a30d1d9420
2026-09-29T15:14:28.823+08:00  INFO 16396 --- [seckill-system] [o-18090-exec-18] c.d.s.service.ProtectedSeckillService    : submission queued request=22913d46-b40a-3ef7-9bbe-c4335d490c8e
2026-09-29T15:14:28.823+08:00  INFO 16396 --- [seckill-system] [io-18090-exec-4] c.d.s.service.ProtectedSeckillService    : submission queued request=66d1c500-d864-3272-9858-11c594e18275
2026-09-29T15:14:28.823+08:00  INFO 16396 --- [seckill-system] [io-18090-exec-8] c.d.s.service.ProtectedSeckillService    : submission queued request=92faaaf8-963c-31e8-a1f5-1e11020c0674
2026-09-29T15:14:28.823+08:00  INFO 16396 --- [seckill-system] [o-18090-exec-19] c.d.s.service.ProtectedSeckillService    : submission queued request=ac52246a-4c32-3348-99f6-404a219ddf8d
2026-09-29T15:14:28.823+08:00  INFO 16396 --- [seckill-system] [io-18090-exec-2] c.d.s.service.ProtectedSeckillService    : submission queued request=5432ce70-6faf-3db0-a74d-e07981149c6e
2026-09-29T15:14:28.825+08:00  INFO 16396 --- [seckill-system] [io-18090-exec-1] c.d.s.service.ProtectedSeckillService    : submission queued request=de13c3fa-0455-3902-855e-15114f4a1ee0
2026-09-29T15:14:28.825+08:00  INFO 16396 --- [seckill-system] [o-18090-exec-13] c.d.s.service.ProtectedSeckillService    : submission queued request=48e31b07-c43b-3827-8d1c-d4bb4dfe7008
2026-09-29T15:14:28.825+08:00  INFO 16396 --- [seckill-system] [o-18090-exec-11] c.d.s.service.ProtectedSeckillService    : submission queued request=9028eabe-90d6-308e-8497-e08ad125eede
2026-09-29T15:14:28.826+08:00  INFO 16396 --- [seckill-system] [io-18090-exec-6] c.d.s.service.ProtectedSeckillService    : submission queued request=ed1ae3c8-3b51-3c98-b6ab-1c4e1f107484
2026-09-29T15:14:28.827+08:00  INFO 16396 --- [seckill-system] [io-18090-exec-7] c.d.s.service.ProtectedSeckillService    : submission queued request=a0b8ba75-7f71-33ec-b3c7-eae82ed901e2
2026-09-29T15:14:28.831+08:00  INFO 16396 --- [seckill-system] [o-18090-exec-10] c.d.s.service.ProtectedSeckillService    : submission queued request=120dbf04-2a80-3e46-be79-5d9f188442c7
2026-09-29T15:14:28.831+08:00  INFO 16396 --- [seckill-system] [o-18090-exec-12] c.d.s.service.ProtectedSeckillService    : submission queued request=a83babdf-f3f5-3dfc-8276-c1444f12b62c
2026-09-29T15:14:28.831+08:00  INFO 16396 --- [seckill-system] [o-18090-exec-38] c.d.s.service.ProtectedSeckillService    : submission queued request=6e297ffc-414e-3c99-a4b6-97c25c99c64a
2026-09-29T15:14:28.831+08:00  INFO 16396 --- [seckill-system] [o-18090-exec-28] c.d.s.service.ProtectedSeckillService    : submission queued request=ea13864d-674b-33ad-b821-e1f7cefc136f
2026-09-29T15:14:28.832+08:00  INFO 16396 --- [seckill-system] [o-18090-exec-41] c.d.s.service.ProtectedSeckillService    : submission queued request=c3abff8b-aa33-36c3-8393-b0c6457ad151
2026-09-29T15:14:28.832+08:00  INFO 16396 --- [seckill-system] [o-18090-exec-37] c.d.s.service.ProtectedSeckillService    : submission queued request=c4771667-6292-3237-96c8-df22fb97b59a
2026-09-29T15:14:28.833+08:00  INFO 16396 --- [seckill-system] [o-18090-exec-20] c.d.s.service.ProtectedSeckillService    : submission queued request=2b956417-b6a4-3d3e-9467-12d27cf7b29d
2026-09-29T15:14:28.833+08:00  INFO 16396 --- [seckill-system] [io-18090-exec-5] c.d.s.service.ProtectedSeckillService    : submission queued request=c7fc0540-e88c-3efe-b1cc-9643e3bef823
2026-09-29T15:14:28.833+08:00  INFO 16396 --- [seckill-system] [o-18090-exec-26] c.d.s.service.ProtectedSeckillService    : submission queued request=8945b1db-1278-30b8-a1c6-748ee397a5cd
2026-09-29T15:14:28.833+08:00  INFO 16396 --- [seckill-system] [o-18090-exec-22] c.d.s.service.ProtectedSeckillService    : submission queued request=12fd4582-a70e-376e-a675-b17dd40d7294
2026-09-29T15:14:28.833+08:00  INFO 16396 --- [seckill-system] [OrderListener-1] c.d.seckill.service.AsyncOrderConsumer   : order committed request=7718d1c3-7e1d-3c8a-bb11-4edaae684b28 order=136654
2026-09-29T15:14:28.834+08:00  INFO 16396 --- [seckill-system] [OrderListener-2] c.d.seckill.service.AsyncOrderConsumer   : order committed request=9b6d3735-6513-3871-bca1-447900811976 order=136655
2026-09-29T15:14:28.835+08:00  INFO 16396 --- [seckill-system] [o-18090-exec-27] c.d.s.service.ProtectedSeckillService    : submission queued request=b9b2eb8d-1183-35b1-a2da-dfbb70f4ddab
2026-09-29T15:14:28.835+08:00  INFO 16396 --- [seckill-system] [o-18090-exec-29] c.d.s.service.ProtectedSeckillService    : submission queued request=6a11fe9f-3199-371e-a679-a0336ba9da8e
2026-09-29T15:14:28.835+08:00  INFO 16396 --- [seckill-system] [o-18090-exec-31] c.d.s.service.ProtectedSeckillService    : submission queued request=1f95e0aa-4b9b-3e4b-a4aa-74ac539bd199
2026-09-29T15:14:28.835+08:00  INFO 16396 --- [seckill-system] [o-18090-exec-21] c.d.s.service.ProtectedSeckillService    : submission queued request=8a2413a1-f96a-3b41-a9a2-6f86ea0cefb7
2026-09-29T15:14:28.835+08:00  INFO 16396 --- [seckill-system] [o-18090-exec-23] c.d.s.service.ProtectedSeckillService    : submission queued request=f65dfb2c-0b56-328c-b8e1-62f433810414
2026-09-29T15:14:28.835+08:00  INFO 16396 --- [seckill-system] [o-18090-exec-25] c.d.s.service.ProtectedSeckillService    : submission queued request=5a631c8d-efa7-3b39-adcc-5c12f6a66110
2026-09-29T15:14:28.837+08:00  INFO 16396 --- [seckill-system] [o-18090-exec-17] c.d.s.service.ProtectedSeckillService    : submission queued request=0431ad80-c303-3efb-afd4-eeaa350959aa
2026-09-29T15:14:28.837+08:00  INFO 16396 --- [seckill-system] [o-18090-exec-16] c.d.s.service.ProtectedSeckillService    : submission queued request=d659db24-8f33-3eec-b3a3-e24c53b75cd8
2026-09-29T15:14:28.837+08:00  INFO 16396 --- [seckill-system] [o-18090-exec-15] c.d.s.service.ProtectedSeckillService    : submission queued request=f9b4bd76-dfa2-357a-ae09-e15acb1787be
2026-09-29T15:14:28.841+08:00  INFO 16396 --- [seckill-system] [o-18090-exec-33] c.d.s.service.ProtectedSeckillService    : submission queued request=f4c53bf6-0b8c-3dd2-89f0-cb29df4b3920
2026-09-29T15:14:28.841+08:00  INFO 16396 --- [seckill-system] [o-18090-exec-36] c.d.s.service.ProtectedSeckillService    : submission queued request=2e27c262-fb2c-3273-bf48-3cd3e8d38cdc
2026-09-29T15:14:28.841+08:00  INFO 16396 --- [seckill-system] [io-18090-exec-9] c.d.s.service.ProtectedSeckillService    : submission queued request=51f2685d-ca11-3019-94c1-37b3d75fe116
2026-09-29T15:14:28.841+08:00  INFO 16396 --- [seckill-system] [o-18090-exec-14] c.d.s.service.ProtectedSeckillService    : submission queued request=00ae6a21-9afd-3b5a-8ec3-af56792a993c
2026-09-29T15:14:28.841+08:00  INFO 16396 --- [seckill-system] [o-18090-exec-34] c.d.s.service.ProtectedSeckillService    : submission queued request=dad43835-5727-3644-a810-f84e377bec3f
2026-09-29T15:14:28.841+08:00  INFO 16396 --- [seckill-system] [o-18090-exec-32] c.d.s.service.ProtectedSeckillService    : submission queued request=670cc204-1268-3283-8589-6f1eaccada6d
2026-09-29T15:14:28.842+08:00  INFO 16396 --- [seckill-system] [o-18090-exec-30] c.d.s.service.ProtectedSeckillService    : submission queued request=92670f73-a3ea-3e4c-b18f-4c776910a1c6
2026-09-29T15:14:28.842+08:00  INFO 16396 --- [seckill-system] [o-18090-exec-39] c.d.s.service.ProtectedSeckillService    : submission queued request=c98ae34a-f8c9-3bda-9c3a-980c7d0ea872
2026-09-29T15:14:28.842+08:00  INFO 16396 --- [seckill-system] [o-18090-exec-35] c.d.s.service.ProtectedSeckillService    : submission queued request=74b75bb6-6dc7-39ed-82e6-8e107ba2fe1b
2026-09-29T15:14:28.842+08:00  INFO 16396 --- [seckill-system] [o-18090-exec-24] c.d.s.service.ProtectedSeckillService    : submission queued request=5821eb40-9d17-3547-9fc8-fe88952e11dc
2026-09-29T15:14:28.844+08:00  INFO 16396 --- [seckill-system] [o-18090-exec-40] c.d.s.service.ProtectedSeckillService    : submission queued request=2385a214-d250-36f8-bf5a-5bc82802eed6
2026-09-29T15:14:28.844+08:00  INFO 16396 --- [seckill-system] [io-18090-exec-3] c.d.s.service.ProtectedSeckillService    : submission queued request=364a058b-62ba-310a-ba4f-df65361c36af
2026-09-29T15:14:28.844+08:00  INFO 16396 --- [seckill-system] [o-18090-exec-42] c.d.s.service.ProtectedSeckillService    : submission queued request=c2eb427b-e3d0-31a8-897f-66a01e15c9a5
2026-09-29T15:14:28.844+08:00  INFO 16396 --- [seckill-system] [o-18090-exec-43] c.d.s.service.ProtectedSeckillService    : submission queued request=361e37b7-951a-3ef6-b7a1-b3707e68feca
2026-09-29T15:14:28.848+08:00  INFO 16396 --- [seckill-system] [o-18090-exec-18] c.d.s.service.ProtectedSeckillService    : submission queued request=8180fb9d-73c9-39b1-a10e-f42f8024834e
2026-09-29T15:14:28.848+08:00  INFO 16396 --- [seckill-system] [io-18090-exec-4] c.d.s.service.ProtectedSeckillService    : submission queued request=95056a6c-3c09-37b8-b848-ac25fdf465b3
2026-09-29T15:14:28.848+08:00  INFO 16396 --- [seckill-system] [o-18090-exec-19] c.d.s.service.ProtectedSeckillService    : submission queued request=5f113829-7417-3242-aba6-6c1b0e1e057a
2026-09-29T15:14:28.848+08:00  INFO 16396 --- [seckill-system] [io-18090-exec-2] c.d.s.service.ProtectedSeckillService    : submission queued request=8fccbe0b-aaf5-3c98-af8b-2ef3d4165824
2026-09-29T15:14:28.848+08:00  INFO 16396 --- [seckill-system] [io-18090-exec-1] c.d.s.service.ProtectedSeckillService    : submission queued request=07ddc622-28d4-3d21-853c-1dbf1bca02bc
2026-09-29T15:14:28.848+08:00  INFO 16396 --- [seckill-system] [o-18090-exec-13] c.d.s.service.ProtectedSeckillService    : submission queued request=da2e9afc-7f87-3872-92cb-c40f5bd368fa
2026-09-29T15:14:28.848+08:00  INFO 16396 --- [seckill-system] [io-18090-exec-8] c.d.s.service.ProtectedSeckillService    : submission queued request=1b9fee48-56a8-3d52-a7c2-1451991ebf45
2026-09-29T15:14:28.849+08:00  INFO 16396 --- [seckill-system] [o-18090-exec-11] c.d.s.service.ProtectedSeckillService    : submission queued request=d9347441-9d6b-3779-a06e-24a3c7cd2bef
2026-09-29T15:14:28.851+08:00  INFO 16396 --- [seckill-system] [io-18090-exec-7] c.d.s.service.ProtectedSeckillService    : submission queued request=249792b2-0c11-33fd-965d-691d5fc7c212
2026-09-29T15:14:28.851+08:00  INFO 16396 --- [seckill-system] [o-18090-exec-38] c.d.s.service.ProtectedSeckillService    : submission queued request=5403667a-ee9d-3fce-ba62-6551c14ae190
2026-09-29T15:14:28.851+08:00  INFO 16396 --- [seckill-system] [io-18090-exec-6] c.d.s.service.ProtectedSeckillService    : submission queued request=fc517c59-ced4-3084-9cda-3ae4d9a20048
2026-09-29T15:14:28.851+08:00  INFO 16396 --- [seckill-system] [o-18090-exec-44] c.d.s.service.ProtectedSeckillService    : submission queued request=26612b5b-8219-32b4-a27b-8adfd286880a
2026-09-29T15:14:28.852+08:00  INFO 16396 --- [seckill-system] [o-18090-exec-22] c.d.s.service.ProtectedSeckillService    : submission queued request=a307ead5-a4d0-3960-a5f0-4b548cd254b7
2026-09-29T15:14:28.852+08:00  INFO 16396 --- [seckill-system] [o-18090-exec-37] c.d.s.service.ProtectedSeckillService    : submission queued request=df9558d5-5a07-343b-90bc-4d73b24f1f89
2026-09-29T15:14:28.852+08:00  INFO 16396 --- [seckill-system] [io-18090-exec-5] c.d.s.service.ProtectedSeckillService    : submission queued request=a96cf5eb-5884-3d0f-8f4a-aa581d63507a
2026-09-29T15:14:28.852+08:00  INFO 16396 --- [seckill-system] [o-18090-exec-10] c.d.s.service.ProtectedSeckillService    : submission queued request=d4eb3e1e-952b-352b-808b-8d6a845688a3
2026-09-29T15:14:28.852+08:00  INFO 16396 --- [seckill-system] [o-18090-exec-12] c.d.s.service.ProtectedSeckillService    : submission queued request=26c5403a-cba5-3fc2-b36e-59923a913103
2026-09-29T15:14:28.853+08:00  INFO 16396 --- [seckill-system] [OrderListener-1] c.d.seckill.service.AsyncOrderConsumer   : order committed request=2f87b8c3-daf0-3827-b07f-21ce76b5f53c order=136656
2026-09-29T15:14:28.854+08:00  INFO 16396 --- [seckill-system] [o-18090-exec-16] c.d.s.service.ProtectedSeckillService    : submission queued request=120ab266-f1d6-38b3-af10-ad827363402a
2026-09-29T15:14:28.854+08:00  INFO 16396 --- [seckill-system] [o-18090-exec-41] c.d.s.service.ProtectedSeckillService    : submission queued request=e4288c19-e2fb-322c-8460-dc7f0efb4996
2026-09-29T15:14:28.854+08:00  INFO 16396 --- [seckill-system] [o-18090-exec-20] c.d.s.service.ProtectedSeckillService    : submission queued request=13c6b0e9-52a4-3187-9116-566e2f7f803c
2026-09-29T15:14:28.854+08:00  INFO 16396 --- [seckill-system] [o-18090-exec-28] c.d.s.service.ProtectedSeckillService    : submission queued request=823da9d1-b029-3ad7-8719-d2dd828c7814
2026-09-29T15:14:28.854+08:00  INFO 16396 --- [seckill-system] [o-18090-exec-26] c.d.s.service.ProtectedSeckillService    : submission queued request=b290189b-df14-3139-94bc-19a363da69f5
2026-09-29T15:14:28.855+08:00  INFO 16396 --- [seckill-system] [OrderListener-2] c.d.seckill.service.AsyncOrderConsumer   : order committed request=7d8a295d-a25e-35a5-a316-07b1479540e6 order=136657
2026-09-29T15:14:28.856+08:00  INFO 16396 --- [seckill-system] [o-18090-exec-27] c.d.s.service.ProtectedSeckillService    : submission queued request=9bcb1836-fbc9-3d19-8319-b4741f7500c1
2026-09-29T15:14:28.858+08:00  INFO 16396 --- [seckill-system] [o-18090-exec-31] c.d.s.service.ProtectedSeckillService    : submission queued request=23fb848e-3f34-385f-8532-acb286a6ffba
2026-09-29T15:14:28.858+08:00  INFO 16396 --- [seckill-system] [o-18090-exec-23] c.d.s.service.ProtectedSeckillService    : submission queued request=6951b580-1542-3242-9cb3-9fed20564a98
2026-09-29T15:14:28.860+08:00  INFO 16396 --- [seckill-system] [o-18090-exec-29] c.d.s.service.ProtectedSeckillService    : submission queued request=a8696427-9931-35d6-84f2-68e25177dc7b
2026-09-29T15:14:28.860+08:00  INFO 16396 --- [seckill-system] [o-18090-exec-17] c.d.s.service.ProtectedSeckillService    : submission queued request=ac16a6d3-231e-3462-9f52-cc569d5945cb
2026-09-29T15:14:28.862+08:00  INFO 16396 --- [seckill-system] [o-18090-exec-25] c.d.s.service.ProtectedSeckillService    : submission queued request=1bbaf428-8874-3493-94ad-1eb30055840a
2026-09-29T15:14:28.863+08:00  INFO 16396 --- [seckill-system] [o-18090-exec-21] c.d.s.service.ProtectedSeckillService    : submission queued request=d5d08d0c-899e-3122-815c-30b388628b62
2026-09-29T15:14:28.863+08:00  INFO 16396 --- [seckill-system] [o-18090-exec-15] c.d.s.service.ProtectedSeckillService    : submission queued request=22496894-3625-3b36-9933-311bab42090b
2026-09-29T15:14:28.863+08:00  INFO 16396 --- [seckill-system] [o-18090-exec-32] c.d.s.service.ProtectedSeckillService    : submission queued request=3408935a-8a75-3922-b2a8-308217ffafa0
2026-09-29T15:14:28.864+08:00  INFO 16396 --- [seckill-system] [o-18090-exec-33] c.d.s.service.ProtectedSeckillService    : submission queued request=9106c978-5d69-36e0-a045-c291597257d1
2026-09-29T15:14:28.878+08:00  INFO 16396 --- [seckill-system] [o-18090-exec-43] c.d.s.service.ProtectedSeckillService    : submission queued request=5d5cb223-a9c9-362a-9b0d-38f5510dd71d
2026-09-29T15:14:28.885+08:00  INFO 16396 --- [seckill-system] [o-18090-exec-44] c.d.s.service.ProtectedSeckillService    : submission queued request=71059607-0d50-339c-8b2d-3e3bfbb48dc7
2026-09-29T15:14:28.887+08:00  INFO 16396 --- [seckill-system] [io-18090-exec-1] c.d.s.service.ProtectedSeckillService    : submission queued request=b56d6675-3c82-3444-b919-d42298ccb233
2026-09-29T15:14:28.888+08:00  INFO 16396 --- [seckill-system] [o-18090-exec-40] c.d.s.service.ProtectedSeckillService    : submission queued request=910ac766-e71c-38f4-9107-f3097e0be9cc
2026-09-29T15:14:28.889+08:00  INFO 16396 --- [seckill-system] [OrderListener-1] c.d.seckill.service.AsyncOrderConsumer   : order committed request=632da041-7cfc-3916-b066-415770929489 order=136659
2026-09-29T15:14:28.890+08:00  INFO 16396 --- [seckill-system] [OrderListener-2] c.d.seckill.service.AsyncOrderConsumer   : order committed request=1ea2e0a6-9b32-3355-b3d3-cd948196fdf9 order=136658
2026-09-29T15:14:28.891+08:00  INFO 16396 --- [seckill-system] [io-18090-exec-4] c.d.s.service.ProtectedSeckillService    : submission queued request=4ac9cc4e-f10b-33f7-b7a5-1b32c478544b
2026-09-29T15:14:28.894+08:00  INFO 16396 --- [seckill-system] [o-18090-exec-10] c.d.s.service.ProtectedSeckillService    : submission queued request=bbf86c62-f8c4-3bff-adfb-abd5ecd5ff82
2026-09-29T15:14:28.894+08:00  INFO 16396 --- [seckill-system] [io-18090-exec-8] c.d.s.service.ProtectedSeckillService    : submission queued request=10510782-52d4-3960-8a1b-ffead76db6fc
2026-09-29T15:14:28.905+08:00  INFO 16396 --- [seckill-system] [o-18090-exec-14] c.d.s.service.ProtectedSeckillService    : submission queued request=7daf2e83-8cba-34ad-aa4b-d64e54fdb97a
2026-09-29T15:14:28.908+08:00  INFO 16396 --- [seckill-system] [o-18090-exec-16] c.d.s.service.ProtectedSeckillService    : submission queued request=503c00ea-4fae-32f6-a262-1bcf0a8d598e
2026-09-29T15:14:28.910+08:00  INFO 16396 --- [seckill-system] [o-18090-exec-48] c.d.s.service.ProtectedSeckillService    : submission queued request=9b51adfa-f2c6-35d7-9cd1-5126ad600a11
2026-09-29T15:14:28.911+08:00  INFO 16396 --- [seckill-system] [OrderListener-1] c.d.seckill.service.AsyncOrderConsumer   : order committed request=ffe03341-8d47-3e88-9758-1f994bacba08 order=136661
2026-09-29T15:14:28.912+08:00  INFO 16396 --- [seckill-system] [io-18090-exec-1] c.d.s.service.ProtectedSeckillService    : submission queued request=27e0aed8-7e9f-3ae6-a80b-f21a955aee16
2026-09-29T15:14:28.913+08:00  INFO 16396 --- [seckill-system] [OrderListener-2] c.d.seckill.service.AsyncOrderConsumer   : order committed request=1c5e1073-2239-38df-a455-994828228920 order=136660
2026-09-29T15:14:28.917+08:00  INFO 16396 --- [seckill-system] [o-18090-exec-35] c.d.s.service.ProtectedSeckillService    : submission queued request=f654e843-7c46-3553-bd61-4321c812fdfe
2026-09-29T15:14:28.922+08:00  INFO 16396 --- [seckill-system] [o-18090-exec-43] c.d.s.service.ProtectedSeckillService    : submission queued request=660145a6-2ea6-3a02-8ede-548ec1a739cd
2026-09-29T15:14:28.927+08:00  INFO 16396 --- [seckill-system] [OrderListener-1] c.d.seckill.service.AsyncOrderConsumer   : order committed request=2a457306-f40e-3d8e-b6a1-f4a1d7200267 order=136662
2026-09-29T15:14:28.928+08:00  INFO 16396 --- [seckill-system] [io-18090-exec-9] c.d.s.service.ProtectedSeckillService    : submission queued request=5f27c678-1556-30a9-a69a-2f85949f2b1f
2026-09-29T15:14:28.928+08:00  INFO 16396 --- [seckill-system] [OrderListener-2] c.d.seckill.service.AsyncOrderConsumer   : order committed request=2a1a4e29-930f-3536-b3d1-918d7489bb87 order=136663
2026-09-29T15:14:28.930+08:00  INFO 16396 --- [seckill-system] [o-18090-exec-12] c.d.s.service.ProtectedSeckillService    : submission queued request=b39f51d5-297c-3785-b5aa-19ba7ab1a9c9
2026-09-29T15:14:28.936+08:00  INFO 16396 --- [seckill-system] [o-18090-exec-38] c.d.s.service.ProtectedSeckillService    : submission queued request=655c4834-1a7c-3e18-8cf8-063ac2f3bfb3
2026-09-29T15:14:28.939+08:00  INFO 16396 --- [seckill-system] [o-18090-exec-34] c.d.s.service.ProtectedSeckillService    : submission queued request=6e297fcd-5964-3abc-b0f6-95b1313682a5
2026-09-29T15:14:28.942+08:00  INFO 16396 --- [seckill-system] [OrderListener-1] c.d.seckill.service.AsyncOrderConsumer   : order committed request=ab921549-4aad-3e73-891a-2881d1b7681f order=136664
2026-09-29T15:14:28.943+08:00  INFO 16396 --- [seckill-system] [OrderListener-2] c.d.seckill.service.AsyncOrderConsumer   : order committed request=33a62fc1-4980-33e6-a3de-9fee826054a4 order=136665
2026-09-29T15:14:28.947+08:00  INFO 16396 --- [seckill-system] [o-18090-exec-37] c.d.s.service.ProtectedSeckillService    : submission queued request=35c2cbaf-eee1-3e00-82a6-5da1636a44ae
2026-09-29T15:14:28.952+08:00  INFO 16396 --- [seckill-system] [o-18090-exec-52] c.d.s.service.ProtectedSeckillService    : submission queued request=ec1aa005-5c06-361a-b694-db6612e3405f
2026-09-29T15:14:28.954+08:00  INFO 16396 --- [seckill-system] [o-18090-exec-51] c.d.s.service.ProtectedSeckillService    : submission queued request=484e11a6-30a4-3600-aaae-3a5696e6a38c
2026-09-29T15:14:28.958+08:00  INFO 16396 --- [seckill-system] [OrderListener-1] c.d.seckill.service.AsyncOrderConsumer   : order committed request=ba55e8f6-5f15-37e5-9543-497b6bac4040 order=136666
2026-09-29T15:14:28.960+08:00  INFO 16396 --- [seckill-system] [OrderListener-2] c.d.seckill.service.AsyncOrderConsumer   : order committed request=d5d0cf6d-b27e-3198-bb28-08cde2279880 order=136667
2026-09-29T15:14:28.963+08:00  INFO 16396 --- [seckill-system] [o-18090-exec-45] c.d.s.service.ProtectedSeckillService    : submission queued request=e1beb725-2312-3c72-a385-6f0a51a879b3
2026-09-29T15:14:28.969+08:00  INFO 16396 --- [seckill-system] [io-18090-exec-7] c.d.s.service.ProtectedSeckillService    : submission queued request=ce22ffbf-99b4-37f1-b9d3-8a2fc869bacb
2026-09-29T15:14:28.971+08:00  INFO 16396 --- [seckill-system] [o-18090-exec-24] c.d.s.service.ProtectedSeckillService    : submission queued request=e9b27e08-52f2-3c9d-8f12-0ea14b61f1d0
2026-09-29T15:14:28.976+08:00  INFO 16396 --- [seckill-system] [o-18090-exec-46] c.d.s.service.ProtectedSeckillService    : submission queued request=043ab6ef-e4a0-3958-8260-a3054132ef3b
2026-09-29T15:14:28.977+08:00  INFO 16396 --- [seckill-system] [OrderListener-1] c.d.seckill.service.AsyncOrderConsumer   : order committed request=ef5065da-912c-3424-a223-8cab54d32945 order=136668
2026-09-29T15:14:28.978+08:00  INFO 16396 --- [seckill-system] [OrderListener-2] c.d.seckill.service.AsyncOrderConsumer   : order committed request=3675c290-8b89-378e-9797-8b85574dc0b4 order=136669
2026-09-29T15:14:28.980+08:00  INFO 16396 --- [seckill-system] [o-18090-exec-21] c.d.s.service.ProtectedSeckillService    : submission queued request=a75a3606-62a6-3d25-86e7-02e2e612402c
2026-09-29T15:14:28.987+08:00  INFO 16396 --- [seckill-system] [o-18090-exec-11] c.d.s.service.ProtectedSeckillService    : submission queued request=3dde33a6-7dbd-307c-8d06-3bf674209c56
2026-09-29T15:14:28.990+08:00  INFO 16396 --- [seckill-system] [o-18090-exec-34] c.d.s.service.ProtectedSeckillService    : submission queued request=cc550395-769e-39cd-a1b5-cc40c0904254
2026-09-29T15:14:28.995+08:00  INFO 16396 --- [seckill-system] [OrderListener-1] c.d.seckill.service.AsyncOrderConsumer   : order committed request=6034174b-6cb5-36e2-8d7f-02b9a58fd432 order=136670
2026-09-29T15:14:28.995+08:00  INFO 16396 --- [seckill-system] [OrderListener-2] c.d.seckill.service.AsyncOrderConsumer   : order committed request=08182f9a-b563-3202-95b7-50ed7ee4667f order=136671
2026-09-29T15:14:28.995+08:00  INFO 16396 --- [seckill-system] [o-18090-exec-43] c.d.s.service.ProtectedSeckillService    : submission queued request=942f114d-e582-310a-ab40-380439362ba5
2026-09-29T15:14:29.004+08:00  INFO 16396 --- [seckill-system] [o-18090-exec-10] c.d.s.service.ProtectedSeckillService    : submission queued request=7e04475d-caa6-3151-8b71-3ac58f974133
2026-09-29T15:14:29.010+08:00  INFO 16396 --- [seckill-system] [io-18090-exec-3] c.d.s.service.ProtectedSeckillService    : submission queued request=72893ce6-7ede-3704-b244-9b627dcb8d14
2026-09-29T15:14:29.012+08:00  INFO 16396 --- [seckill-system] [OrderListener-2] c.d.seckill.service.AsyncOrderConsumer   : order committed request=073d510e-5631-38b5-ac3a-3f51af84ad49 order=136672
2026-09-29T15:14:29.012+08:00  INFO 16396 --- [seckill-system] [OrderListener-1] c.d.seckill.service.AsyncOrderConsumer   : order committed request=19a05ee4-18c1-3cb0-be84-5793200c425f order=136673
2026-09-29T15:14:29.017+08:00  INFO 16396 --- [seckill-system] [io-18090-exec-8] c.d.s.service.ProtectedSeckillService    : submission queued request=6b4d40f7-b9d9-3727-8d7d-05da2b59ead2
2026-09-29T15:14:29.022+08:00  INFO 16396 --- [seckill-system] [o-18090-exec-49] c.d.s.service.ProtectedSeckillService    : submission queued request=2909d0bb-67d4-3163-bb85-3f6d1625aebc
2026-09-29T15:14:29.029+08:00  INFO 16396 --- [seckill-system] [o-18090-exec-26] c.d.s.service.ProtectedSeckillService    : submission queued request=0f115093-5e20-380b-b63f-7a1132cc9404
2026-09-29T15:14:29.031+08:00  INFO 16396 --- [seckill-system] [OrderListener-2] c.d.seckill.service.AsyncOrderConsumer   : order committed request=843c5c60-4530-3ab8-89c5-fb2fa5b1d480 order=136675
2026-09-29T15:14:29.031+08:00  INFO 16396 --- [seckill-system] [io-18090-exec-4] c.d.s.service.ProtectedSeckillService    : submission queued request=579045e2-0912-3216-8c5a-395e380ac25a
2026-09-29T15:14:29.032+08:00  INFO 16396 --- [seckill-system] [OrderListener-1] c.d.seckill.service.AsyncOrderConsumer   : order committed request=f07ce96b-b121-3cc7-9080-2c76e8965383 order=136674
2026-09-29T15:14:29.035+08:00  INFO 16396 --- [seckill-system] [io-18090-exec-8] c.d.s.service.ProtectedSeckillService    : submission queued request=7a1ebbf2-6b23-3599-b1c6-6ead1a1967d7
2026-09-29T15:14:29.036+08:00  INFO 16396 --- [seckill-system] [o-18090-exec-13] c.d.s.service.ProtectedSeckillService    : submission queued request=5fd90da2-8675-39b4-853a-a0514bcff6c2
2026-09-29T15:14:29.041+08:00  INFO 16396 --- [seckill-system] [o-18090-exec-35] c.d.s.service.ProtectedSeckillService    : submission queued request=368a831e-5d1c-32d1-89e8-6f8428f04742
2026-09-29T15:14:29.047+08:00  INFO 16396 --- [seckill-system] [OrderListener-2] c.d.seckill.service.AsyncOrderConsumer   : order committed request=b8cde61e-a0d6-3cb7-9941-a96ab8fb7b7b order=136676
2026-09-29T15:14:29.050+08:00  INFO 16396 --- [seckill-system] [io-18090-exec-2] c.d.s.service.ProtectedSeckillService    : submission queued request=d9a0de63-1d43-3e42-b33e-48224231c043
2026-09-29T15:14:29.051+08:00  INFO 16396 --- [seckill-system] [OrderListener-1] c.d.seckill.service.AsyncOrderConsumer   : order committed request=23d52ed3-122f-331b-822e-7fd1b59cbb96 order=136677
2026-09-29T15:14:29.054+08:00  INFO 16396 --- [seckill-system] [o-18090-exec-14] c.d.s.service.ProtectedSeckillService    : submission queued request=261dc998-fe5b-3abe-bf21-c3c8b57a5724
2026-09-29T15:14:29.064+08:00  INFO 16396 --- [seckill-system] [o-18090-exec-30] c.d.s.service.ProtectedSeckillService    : submission queued request=646fab85-398c-3ce2-a595-d8f23bfc2312
2026-09-29T15:14:29.066+08:00  INFO 16396 --- [seckill-system] [o-18090-exec-43] c.d.s.service.ProtectedSeckillService    : submission queued request=5de65f81-ff9d-3507-8182-a808a3d47f7d
2026-09-29T15:14:29.072+08:00  INFO 16396 --- [seckill-system] [o-18090-exec-54] c.d.s.service.ProtectedSeckillService    : submission queued request=1bb097a4-da72-3b6d-bc2a-e8866d08e207
2026-09-29T15:14:29.077+08:00  INFO 16396 --- [seckill-system] [OrderListener-2] c.d.seckill.service.AsyncOrderConsumer   : order committed request=0c162020-e9b8-3f3c-b4c5-100aae4ebcfa order=136678
2026-09-29T15:14:29.077+08:00  INFO 16396 --- [seckill-system] [OrderListener-1] c.d.seckill.service.AsyncOrderConsumer   : order committed request=a383455b-4335-3fa9-85ba-f3df57e34920 order=136679
2026-09-29T15:14:29.081+08:00  INFO 16396 --- [seckill-system] [o-18090-exec-60] c.d.s.service.ProtectedSeckillService    : submission queued request=9292008a-12e5-3597-aed1-35314fc49eb2
2026-09-29T15:14:29.095+08:00  INFO 16396 --- [seckill-system] [o-18090-exec-46] c.d.s.service.ProtectedSeckillService    : submission queued request=9406ed8d-e23c-345f-833a-0b10c14eff2b
2026-09-29T15:14:29.098+08:00  INFO 16396 --- [seckill-system] [io-18090-exec-9] c.d.s.service.ProtectedSeckillService    : submission queued request=bd35076b-4bfa-387c-8699-00e61e4a983e
2026-09-29T15:14:29.100+08:00  INFO 16396 --- [seckill-system] [o-18090-exec-52] c.d.s.service.ProtectedSeckillService    : submission queued request=7a60ee51-f3c3-3869-af20-9956bb82a90a
2026-09-29T15:14:29.100+08:00  INFO 16396 --- [seckill-system] [o-18090-exec-20] c.d.s.service.ProtectedSeckillService    : submission queued request=7398b87e-6753-3a12-8923-c23ba02bf32f
2026-09-29T15:14:29.102+08:00  INFO 16396 --- [seckill-system] [o-18090-exec-41] c.d.s.service.ProtectedSeckillService    : submission queued request=00768f3e-eb66-33bb-b7b8-e29279f54971
2026-09-29T15:14:29.102+08:00  INFO 16396 --- [seckill-system] [OrderListener-1] c.d.seckill.service.AsyncOrderConsumer   : order committed request=81ce438f-0ccc-3ddf-9253-391529e6836a order=136680
2026-09-29T15:14:29.102+08:00  INFO 16396 --- [seckill-system] [OrderListener-2] c.d.seckill.service.AsyncOrderConsumer   : order committed request=2c812d54-e89f-3bc8-a9ef-c567a4c15b2a order=136681
2026-09-29T15:14:29.103+08:00  INFO 16396 --- [seckill-system] [o-18090-exec-65] c.d.s.service.ProtectedSeckillService    : submission queued request=35b921ed-5914-3da4-aa2c-404efc2ad278
2026-09-29T15:14:29.107+08:00  INFO 16396 --- [seckill-system] [o-18090-exec-42] c.d.s.service.ProtectedSeckillService    : submission queued request=7270890b-239a-3914-b32f-367ff3dcf037
2026-09-29T15:14:29.117+08:00  INFO 16396 --- [seckill-system] [o-18090-exec-67] c.d.s.service.ProtectedSeckillService    : submission queued request=0fa0870a-8dae-375e-ab7c-a7bd698b2a09
2026-09-29T15:14:29.125+08:00  INFO 16396 --- [seckill-system] [OrderListener-1] c.d.seckill.service.AsyncOrderConsumer   : order committed request=0334e939-5dd9-317c-8b67-109dc0ea0160 order=136682
2026-09-29T15:14:29.127+08:00  INFO 16396 --- [seckill-system] [o-18090-exec-39] c.d.s.service.ProtectedSeckillService    : submission queued request=dfaf1a27-961e-3043-95fb-9ee999d36fa9
2026-09-29T15:14:29.127+08:00  INFO 16396 --- [seckill-system] [OrderListener-2] c.d.seckill.service.AsyncOrderConsumer   : order committed request=3ab01eff-b997-312e-a6ab-d82cf91e0af2 order=136683
2026-09-29T15:14:29.131+08:00  INFO 16396 --- [seckill-system] [o-18090-exec-58] c.d.s.service.ProtectedSeckillService    : submission queued request=66046d9b-8446-3937-8524-f163ecd72687
2026-09-29T15:14:29.133+08:00  INFO 16396 --- [seckill-system] [io-18090-exec-5] c.d.s.service.ProtectedSeckillService    : submission queued request=741fbd1b-55a6-3d99-a2af-e5cefc229c1f
2026-09-29T15:14:29.133+08:00  INFO 16396 --- [seckill-system] [o-18090-exec-25] c.d.s.service.ProtectedSeckillService    : submission queued request=b9aa65c4-041d-385a-91fe-5e7bfa7c9f9f
2026-09-29T15:14:29.141+08:00  INFO 16396 --- [seckill-system] [o-18090-exec-70] c.d.s.service.ProtectedSeckillService    : submission queued request=cee36cbc-cf8b-3c94-8d6d-4db2d2c31602
2026-09-29T15:14:29.143+08:00  INFO 16396 --- [seckill-system] [o-18090-exec-39] c.d.s.service.ProtectedSeckillService    : submission queued request=c14d7d36-39ea-3ebe-aaff-fdf45a5e7844
2026-09-29T15:14:29.146+08:00  INFO 16396 --- [seckill-system] [io-18090-exec-1] c.d.s.service.ProtectedSeckillService    : submission queued request=b96bab95-2571-3031-9092-6d4a9c880dce
2026-09-29T15:14:29.148+08:00  INFO 16396 --- [seckill-system] [OrderListener-1] c.d.seckill.service.AsyncOrderConsumer   : order committed request=5cf7e2a9-5bab-3017-ad61-b221821261db order=136684
2026-09-29T15:14:29.150+08:00  INFO 16396 --- [seckill-system] [OrderListener-2] c.d.seckill.service.AsyncOrderConsumer   : order committed request=a6ce51ac-3bf0-3cb1-bed2-440f78c5e639 order=136685
2026-09-29T15:14:29.152+08:00  INFO 16396 --- [seckill-system] [o-18090-exec-20] c.d.s.service.ProtectedSeckillService    : submission queued request=e37ed4d1-c190-30d9-852b-4b2458b52236
2026-09-29T15:14:29.161+08:00  INFO 16396 --- [seckill-system] [o-18090-exec-29] c.d.s.service.ProtectedSeckillService    : submission queued request=1bd25968-d781-3ef6-9014-46b97732f3ca
2026-09-29T15:14:29.169+08:00  INFO 16396 --- [seckill-system] [o-18090-exec-42] c.d.s.service.ProtectedSeckillService    : submission queued request=fd3f570f-d449-3b9e-8780-fb3e375afe48
2026-09-29T15:14:29.171+08:00  INFO 16396 --- [seckill-system] [o-18090-exec-64] c.d.s.service.ProtectedSeckillService    : submission queued request=83967b64-381d-30f7-b513-b453e77a8669
2026-09-29T15:14:29.172+08:00  INFO 16396 --- [seckill-system] [OrderListener-1] c.d.seckill.service.AsyncOrderConsumer   : order committed request=16ac0fe5-0a8f-3be7-9140-c84840819063 order=136686
2026-09-29T15:14:29.173+08:00  INFO 16396 --- [seckill-system] [OrderListener-2] c.d.seckill.service.AsyncOrderConsumer   : order committed request=bf0bd043-8941-3b0d-9b29-6ad59aa644d9 order=136687
2026-09-29T15:14:29.173+08:00  INFO 16396 --- [seckill-system] [o-18090-exec-14] c.d.s.service.ProtectedSeckillService    : submission queued request=a5ad9a24-8a7f-3229-b804-13a4d5a6ba69
2026-09-29T15:14:29.179+08:00  INFO 16396 --- [seckill-system] [o-18090-exec-35] c.d.s.service.ProtectedSeckillService    : submission queued request=ce425e00-de17-3c03-97df-90a7c958a0a6
2026-09-29T15:14:29.181+08:00  INFO 16396 --- [seckill-system] [o-18090-exec-25] c.d.s.service.ProtectedSeckillService    : submission queued request=e85d216c-bd32-34a3-8f53-a6f0320337b9
2026-09-29T15:14:29.187+08:00  INFO 16396 --- [seckill-system] [o-18090-exec-12] c.d.s.service.ProtectedSeckillService    : submission queued request=ad4bc52c-8c6e-3eb3-a0a3-58b278b4a45a
2026-09-29T15:14:29.194+08:00  INFO 16396 --- [seckill-system] [OrderListener-2] c.d.seckill.service.AsyncOrderConsumer   : order committed request=674170a0-cf5e-3a63-95c0-06a30d1d9420 order=136689
2026-09-29T15:14:29.195+08:00  INFO 16396 --- [seckill-system] [OrderListener-1] c.d.seckill.service.AsyncOrderConsumer   : order committed request=aa0b27a1-36ea-3ae3-aad6-3877e7d8a42c order=136688
2026-09-29T15:14:29.198+08:00  INFO 16396 --- [seckill-system] [o-18090-exec-55] c.d.s.service.ProtectedSeckillService    : submission queued request=1f9ef66a-2406-3707-b408-71485cc45909
2026-09-29T15:14:29.204+08:00  INFO 16396 --- [seckill-system] [o-18090-exec-36] c.d.s.service.ProtectedSeckillService    : submission queued request=cdf47295-7d12-390a-a4d6-cf8c66e6b8c2
2026-09-29T15:14:29.211+08:00  INFO 16396 --- [seckill-system] [io-18090-exec-3] c.d.s.service.ProtectedSeckillService    : submission queued request=0c2723ad-7dac-34b4-aaf8-e00759ab05fe
2026-09-29T15:14:29.218+08:00  INFO 16396 --- [seckill-system] [o-18090-exec-17] c.d.s.service.ProtectedSeckillService    : submission queued request=13d3d7fc-2fc1-333c-9477-6c5b3407c42a
2026-09-29T15:14:29.220+08:00  INFO 16396 --- [seckill-system] [OrderListener-2] c.d.seckill.service.AsyncOrderConsumer   : order committed request=22913d46-b40a-3ef7-9bbe-c4335d490c8e order=136690
2026-09-29T15:14:29.221+08:00  INFO 16396 --- [seckill-system] [OrderListener-1] c.d.seckill.service.AsyncOrderConsumer   : order committed request=5432ce70-6faf-3db0-a74d-e07981149c6e order=136691
2026-09-29T15:14:29.226+08:00  INFO 16396 --- [seckill-system] [o-18090-exec-40] c.d.s.service.ProtectedSeckillService    : submission queued request=e4c56db5-166a-3e1f-b8f8-4a57363c5f92
2026-09-29T15:14:29.227+08:00  INFO 16396 --- [seckill-system] [o-18090-exec-58] c.d.s.service.ProtectedSeckillService    : submission queued request=42192f03-64d3-3de6-b6d4-94d4eda4cee1
2026-09-29T15:14:29.228+08:00  INFO 16396 --- [seckill-system] [o-18090-exec-78] c.d.s.service.ProtectedSeckillService    : submission queued request=8a2f893f-9e7f-3b1b-be46-dc2220dc0b2d
2026-09-29T15:14:29.230+08:00  INFO 16396 --- [seckill-system] [io-18090-exec-7] c.d.s.service.ProtectedSeckillService    : submission queued request=afb5dc22-24c3-3737-b44d-4be1bbfc4b45
2026-09-29T15:14:29.233+08:00  INFO 16396 --- [seckill-system] [o-18090-exec-71] c.d.s.service.ProtectedSeckillService    : submission queued request=6b8b0e87-eeef-3c1c-8e18-db7941d260a1
2026-09-29T15:14:29.238+08:00  INFO 16396 --- [seckill-system] [o-18090-exec-73] c.d.s.service.ProtectedSeckillService    : submission queued request=deddef37-ffbf-337f-859c-4ed86c73d1e5
2026-09-29T15:14:29.239+08:00  INFO 16396 --- [seckill-system] [OrderListener-1] c.d.seckill.service.AsyncOrderConsumer   : order committed request=92faaaf8-963c-31e8-a1f5-1e11020c0674 order=136692
2026-09-29T15:14:29.241+08:00  INFO 16396 --- [seckill-system] [OrderListener-2] c.d.seckill.service.AsyncOrderConsumer   : order committed request=66d1c500-d864-3272-9858-11c594e18275 order=136693
2026-09-29T15:14:29.244+08:00  INFO 16396 --- [seckill-system] [o-18090-exec-47] c.d.s.service.ProtectedSeckillService    : submission queued request=a8a6e01a-d69d-35ad-ba4c-d1a13bb2f4f0
2026-09-29T15:14:29.253+08:00  INFO 16396 --- [seckill-system] [o-18090-exec-23] c.d.s.service.ProtectedSeckillService    : submission queued request=28290386-74c7-367a-942d-e2c514ac15f8
2026-09-29T15:14:29.257+08:00  INFO 16396 --- [seckill-system] [o-18090-exec-33] c.d.s.service.ProtectedSeckillService    : submission queued request=0ce30799-0a3a-3b60-af97-1dbbe227a74e
2026-09-29T15:14:29.263+08:00  INFO 16396 --- [seckill-system] [OrderListener-1] c.d.seckill.service.AsyncOrderConsumer   : order committed request=48e31b07-c43b-3827-8d1c-d4bb4dfe7008 order=136695
2026-09-29T15:14:29.263+08:00  INFO 16396 --- [seckill-system] [OrderListener-2] c.d.seckill.service.AsyncOrderConsumer   : order committed request=ac52246a-4c32-3348-99f6-404a219ddf8d order=136694
2026-09-29T15:14:29.264+08:00  INFO 16396 --- [seckill-system] [o-18090-exec-51] c.d.s.service.ProtectedSeckillService    : submission queued request=87c679b9-81cf-3337-8888-ad85fca17b1a
2026-09-29T15:14:29.267+08:00  INFO 16396 --- [seckill-system] [o-18090-exec-16] c.d.s.service.ProtectedSeckillService    : submission queued request=9de8b249-d7b5-3153-9d3a-afcb89012959
2026-09-29T15:14:29.269+08:00  INFO 16396 --- [seckill-system] [o-18090-exec-20] c.d.s.service.ProtectedSeckillService    : submission queued request=dd7169d7-ac41-3fd6-8c68-357fca219784
2026-09-29T15:14:29.273+08:00  INFO 16396 --- [seckill-system] [io-18090-exec-7] c.d.s.service.ProtectedSeckillService    : submission queued request=d41f9e04-95be-37d9-8fa6-17b8b5195cb1
2026-09-29T15:14:29.277+08:00  INFO 16396 --- [seckill-system] [io-18090-exec-8] c.d.s.service.ProtectedSeckillService    : submission queued request=dd5295f7-45dc-3b30-8cd7-50e5ce98d011
2026-09-29T15:14:29.282+08:00  INFO 16396 --- [seckill-system] [OrderListener-1] c.d.seckill.service.AsyncOrderConsumer   : order committed request=ed1ae3c8-3b51-3c98-b6ab-1c4e1f107484 order=136697
2026-09-29T15:14:29.283+08:00  INFO 16396 --- [seckill-system] [io-18090-exec-3] c.d.s.service.ProtectedSeckillService    : submission queued request=00c5e3bc-8b75-370a-bfda-a377c4422cc7
2026-09-29T15:14:29.285+08:00  INFO 16396 --- [seckill-system] [OrderListener-2] c.d.seckill.service.AsyncOrderConsumer   : order committed request=de13c3fa-0455-3902-855e-15114f4a1ee0 order=136696
2026-09-29T15:14:29.292+08:00  INFO 16396 --- [seckill-system] [o-18090-exec-47] c.d.s.service.ProtectedSeckillService    : submission queued request=9aa0aa31-0b17-380a-b725-53682c24f7ad
2026-09-29T15:14:29.294+08:00  INFO 16396 --- [seckill-system] [io-18090-exec-1] c.d.s.service.ProtectedSeckillService    : submission queued request=f79c48db-c642-38c8-a87f-bf087308fe83
2026-09-29T15:14:29.297+08:00  INFO 16396 --- [seckill-system] [o-18090-exec-65] c.d.s.service.ProtectedSeckillService    : submission queued request=528cd2a0-276f-3d7d-b2af-1c3c9d9bf697
2026-09-29T15:14:29.300+08:00  INFO 16396 --- [seckill-system] [OrderListener-1] c.d.seckill.service.AsyncOrderConsumer   : order committed request=a0b8ba75-7f71-33ec-b3c7-eae82ed901e2 order=136698
2026-09-29T15:14:29.302+08:00  INFO 16396 --- [seckill-system] [o-18090-exec-85] c.d.s.service.ProtectedSeckillService    : submission queued request=58554ba6-5890-3cd1-9b18-1cea69b34a05
2026-09-29T15:14:29.302+08:00  INFO 16396 --- [seckill-system] [OrderListener-2] c.d.seckill.service.AsyncOrderConsumer   : order committed request=9028eabe-90d6-308e-8497-e08ad125eede order=136699
2026-09-29T15:14:29.307+08:00  INFO 16396 --- [seckill-system] [o-18090-exec-84] c.d.s.service.ProtectedSeckillService    : submission queued request=15918186-29b6-39bd-b45b-38973ba61a3a
2026-09-29T15:14:29.312+08:00  INFO 16396 --- [seckill-system] [io-18090-exec-6] c.d.s.service.ProtectedSeckillService    : submission queued request=023b040c-1974-3649-b107-7d2c725cdbee
2026-09-29T15:14:29.318+08:00  INFO 16396 --- [seckill-system] [OrderListener-1] c.d.seckill.service.AsyncOrderConsumer   : order committed request=a83babdf-f3f5-3dfc-8276-c1444f12b62c order=136700
2026-09-29T15:14:29.319+08:00  INFO 16396 --- [seckill-system] [o-18090-exec-70] c.d.s.service.ProtectedSeckillService    : submission queued request=094a9be7-d1da-391b-af37-53deb6c12d65
2026-09-29T15:14:29.320+08:00  INFO 16396 --- [seckill-system] [OrderListener-2] c.d.seckill.service.AsyncOrderConsumer   : order committed request=120dbf04-2a80-3e46-be79-5d9f188442c7 order=136701
2026-09-29T15:14:29.321+08:00  INFO 16396 --- [seckill-system] [o-18090-exec-26] c.d.s.service.ProtectedSeckillService    : submission queued request=b4319cfe-23e0-36a7-a10e-94d339a5b693
2026-09-29T15:14:29.326+08:00  INFO 16396 --- [seckill-system] [o-18090-exec-74] c.d.s.service.ProtectedSeckillService    : submission queued request=2e6404d9-c4c5-3bb7-b484-330bbb978aeb
2026-09-29T15:14:29.335+08:00  INFO 16396 --- [seckill-system] [o-18090-exec-18] c.d.s.service.ProtectedSeckillService    : submission queued request=ff4204f8-538b-3e6d-8c02-3d76fd486493
2026-09-29T15:14:29.337+08:00  INFO 16396 --- [seckill-system] [OrderListener-1] c.d.seckill.service.AsyncOrderConsumer   : order committed request=6e297ffc-414e-3c99-a4b6-97c25c99c64a order=136702
2026-09-29T15:14:29.343+08:00  INFO 16396 --- [seckill-system] [o-18090-exec-40] c.d.s.service.ProtectedSeckillService    : submission queued request=48e25cdd-1362-3472-8b77-4845908ce9d0
2026-09-29T15:14:29.343+08:00  INFO 16396 --- [seckill-system] [OrderListener-2] c.d.seckill.service.AsyncOrderConsumer   : order committed request=ea13864d-674b-33ad-b821-e1f7cefc136f order=136703
2026-09-29T15:14:29.345+08:00  INFO 16396 --- [seckill-system] [o-18090-exec-87] c.d.s.service.ProtectedSeckillService    : submission queued request=7f72a9a2-bc9c-3bfa-8a1a-c761bf668bcf
2026-09-29T15:14:29.348+08:00  INFO 16396 --- [seckill-system] [o-18090-exec-86] c.d.s.service.ProtectedSeckillService    : submission queued request=a58265fd-d1b7-3735-ab8b-6380ff9cedaa
2026-09-29T15:14:29.350+08:00  INFO 16396 --- [seckill-system] [o-18090-exec-64] c.d.s.service.ProtectedSeckillService    : submission queued request=88229635-9d0d-33bc-983c-305a29d7c2f2
2026-09-29T15:14:29.353+08:00  INFO 16396 --- [seckill-system] [OrderListener-1] c.d.seckill.service.AsyncOrderConsumer   : order committed request=c3abff8b-aa33-36c3-8393-b0c6457ad151 order=136704
2026-09-29T15:14:29.355+08:00  INFO 16396 --- [seckill-system] [o-18090-exec-16] c.d.s.service.ProtectedSeckillService    : submission queued request=af398615-32f9-3536-8cb2-87b9e8e7db8e
2026-09-29T15:14:29.358+08:00  INFO 16396 --- [seckill-system] [OrderListener-2] c.d.seckill.service.AsyncOrderConsumer   : order committed request=c7fc0540-e88c-3efe-b1cc-9643e3bef823 order=136705
2026-09-29T15:14:29.363+08:00  INFO 16396 --- [seckill-system] [o-18090-exec-86] c.d.s.service.ProtectedSeckillService    : submission queued request=227ba1c7-8a7e-3c22-bb99-dc10137bf7ea
2026-09-29T15:14:29.370+08:00  INFO 16396 --- [seckill-system] [o-18090-exec-66] c.d.s.service.ProtectedSeckillService    : submission queued request=c2d3f8b1-ea66-359a-969d-8c912bb90898
2026-09-29T15:14:29.371+08:00  INFO 16396 --- [seckill-system] [OrderListener-1] c.d.seckill.service.AsyncOrderConsumer   : order committed request=2b956417-b6a4-3d3e-9467-12d27cf7b29d order=136706
2026-09-29T15:14:29.372+08:00  INFO 16396 --- [seckill-system] [o-18090-exec-23] c.d.s.service.ProtectedSeckillService    : submission queued request=0a6ee0f4-c5ec-32b7-9ec2-4df9da96cdbd
2026-09-29T15:14:29.377+08:00  INFO 16396 --- [seckill-system] [o-18090-exec-79] c.d.s.service.ProtectedSeckillService    : submission queued request=07dff728-3a01-31e7-a75b-306084b35863
2026-09-29T15:14:29.378+08:00  INFO 16396 --- [seckill-system] [OrderListener-2] c.d.seckill.service.AsyncOrderConsumer   : order committed request=8945b1db-1278-30b8-a1c6-748ee397a5cd order=136707
2026-09-29T15:14:29.381+08:00  INFO 16396 --- [seckill-system] [o-18090-exec-34] c.d.s.service.ProtectedSeckillService    : submission queued request=672b7f1f-1955-3a4c-b965-d222480d9290
2026-09-29T15:14:29.385+08:00  INFO 16396 --- [seckill-system] [o-18090-exec-46] c.d.s.service.ProtectedSeckillService    : submission queued request=9814b887-a2ed-3862-ba22-4b6b9877de1f
2026-09-29T15:14:29.388+08:00  INFO 16396 --- [seckill-system] [OrderListener-1] c.d.seckill.service.AsyncOrderConsumer   : order committed request=c4771667-6292-3237-96c8-df22fb97b59a order=136708
2026-09-29T15:14:29.393+08:00  INFO 16396 --- [seckill-system] [o-18090-exec-24] c.d.s.service.ProtectedSeckillService    : submission queued request=e295b40e-4c1c-3144-8819-4a38b57fa9eb
2026-09-29T15:14:29.403+08:00  INFO 16396 --- [seckill-system] [OrderListener-2] c.d.seckill.service.AsyncOrderConsumer   : order committed request=12fd4582-a70e-376e-a675-b17dd40d7294 order=136709
2026-09-29T15:14:29.410+08:00  INFO 16396 --- [seckill-system] [o-18090-exec-39] c.d.s.service.ProtectedSeckillService    : submission queued request=03c53f85-2380-38fc-97a1-7e2743ee3ff9
2026-09-29T15:14:29.412+08:00  INFO 16396 --- [seckill-system] [o-18090-exec-21] c.d.s.service.ProtectedSeckillService    : submission queued request=9229b468-4885-31c3-b20b-d8a3dad0242b
2026-09-29T15:14:29.417+08:00  INFO 16396 --- [seckill-system] [OrderListener-1] c.d.seckill.service.AsyncOrderConsumer   : order committed request=6a11fe9f-3199-371e-a679-a0336ba9da8e order=136710
2026-09-29T15:14:29.421+08:00  INFO 16396 --- [seckill-system] [io-18090-exec-2] c.d.s.service.ProtectedSeckillService    : submission queued request=e33970dd-71ed-3e6f-a0bb-752d1d56f843
2026-09-29T15:14:29.423+08:00  INFO 16396 --- [seckill-system] [o-18090-exec-70] c.d.s.service.ProtectedSeckillService    : submission queued request=cf478f73-96fa-30a3-b739-6ee8d8953e4b
2026-09-29T15:14:29.426+08:00  INFO 16396 --- [seckill-system] [o-18090-exec-53] c.d.s.service.ProtectedSeckillService    : submission queued request=5e6e43ca-190e-3e4b-9ff7-4fadbdb02cad
2026-09-29T15:14:29.428+08:00  INFO 16396 --- [seckill-system] [o-18090-exec-78] c.d.s.service.ProtectedSeckillService    : submission queued request=d49760f8-f4b9-3fda-9e7c-27cc29b03b38
2026-09-29T15:14:29.428+08:00  INFO 16396 --- [seckill-system] [OrderListener-2] c.d.seckill.service.AsyncOrderConsumer   : order committed request=f65dfb2c-0b56-328c-b8e1-62f433810414 order=136711
2026-09-29T15:14:29.429+08:00  INFO 16396 --- [seckill-system] [o-18090-exec-83] c.d.s.service.ProtectedSeckillService    : submission queued request=04a28a8e-d418-3021-a480-1b0e0f0c8799
2026-09-29T15:14:29.432+08:00  INFO 16396 --- [seckill-system] [io-18090-exec-1] c.d.s.service.ProtectedSeckillService    : submission queued request=fb01702b-9b01-3bb0-8cb9-ee1b0e6fe1dd
2026-09-29T15:14:29.437+08:00  INFO 16396 --- [seckill-system] [o-18090-exec-30] c.d.s.service.ProtectedSeckillService    : submission queued request=358d2312-9073-3bde-bf33-db6e29cbd1d5
2026-09-29T15:14:29.439+08:00  INFO 16396 --- [seckill-system] [OrderListener-1] c.d.seckill.service.AsyncOrderConsumer   : order committed request=5a631c8d-efa7-3b39-adcc-5c12f6a66110 order=136712
2026-09-29T15:14:29.443+08:00  INFO 16396 --- [seckill-system] [o-18090-exec-61] c.d.s.service.ProtectedSeckillService    : submission queued request=cd44a3a5-1c71-3458-8e44-2f7c465d406f
2026-09-29T15:14:29.445+08:00  INFO 16396 --- [seckill-system] [OrderListener-2] c.d.seckill.service.AsyncOrderConsumer   : order committed request=b9b2eb8d-1183-35b1-a2da-dfbb70f4ddab order=136713
2026-09-29T15:14:29.448+08:00  INFO 16396 --- [seckill-system] [o-18090-exec-46] c.d.s.service.ProtectedSeckillService    : submission queued request=f07262bb-d1a3-38b3-8527-c08e38d209f7
2026-09-29T15:14:29.451+08:00  INFO 16396 --- [seckill-system] [o-18090-exec-44] c.d.s.service.ProtectedSeckillService    : submission queued request=4c0d8817-d929-37fb-991a-bb597fc9bf96
2026-09-29T15:14:29.456+08:00  INFO 16396 --- [seckill-system] [o-18090-exec-89] c.d.s.service.ProtectedSeckillService    : submission queued request=3019b68c-9763-3227-bcfa-08c5b4e3415b
2026-09-29T15:14:29.457+08:00  INFO 16396 --- [seckill-system] [OrderListener-1] c.d.seckill.service.AsyncOrderConsumer   : order committed request=8a2413a1-f96a-3b41-a9a2-6f86ea0cefb7 order=136714
2026-09-29T15:14:29.461+08:00  INFO 16396 --- [seckill-system] [o-18090-exec-74] c.d.s.service.ProtectedSeckillService    : submission queued request=a949026f-836b-3e88-9d16-53d23146e51c
2026-09-29T15:14:29.462+08:00  INFO 16396 --- [seckill-system] [OrderListener-2] c.d.seckill.service.AsyncOrderConsumer   : order committed request=1f95e0aa-4b9b-3e4b-a4aa-74ac539bd199 order=136715
2026-09-29T15:14:29.466+08:00  INFO 16396 --- [seckill-system] [o-18090-exec-11] c.d.s.service.ProtectedSeckillService    : submission queued request=16eef621-d422-38bb-a735-865410470031
2026-09-29T15:14:29.472+08:00  INFO 16396 --- [seckill-system] [o-18090-exec-84] c.d.s.service.ProtectedSeckillService    : submission queued request=4efd3d30-9817-3a61-821c-42aaed2fba5e
2026-09-29T15:14:29.474+08:00  INFO 16396 --- [seckill-system] [o-18090-exec-55] c.d.s.service.ProtectedSeckillService    : submission queued request=8ad07134-04b2-395e-bcf2-f3fa6c2793a6
2026-09-29T15:14:29.476+08:00  INFO 16396 --- [seckill-system] [OrderListener-1] c.d.seckill.service.AsyncOrderConsumer   : order committed request=d659db24-8f33-3eec-b3a3-e24c53b75cd8 order=136716
2026-09-29T15:14:29.478+08:00  INFO 16396 --- [seckill-system] [OrderListener-2] c.d.seckill.service.AsyncOrderConsumer   : order committed request=f9b4bd76-dfa2-357a-ae09-e15acb1787be order=136717
2026-09-29T15:14:29.481+08:00  INFO 16396 --- [seckill-system] [io-18090-exec-8] c.d.s.service.ProtectedSeckillService    : submission queued request=60a10ec5-9408-3675-ad11-3190a1479604
2026-09-29T15:14:29.487+08:00  INFO 16396 --- [seckill-system] [o-18090-exec-96] c.d.s.service.ProtectedSeckillService    : submission queued request=4523e04d-7d6e-3bc7-a225-42b583198509
2026-09-29T15:14:29.493+08:00  INFO 16396 --- [seckill-system] [o-18090-exec-31] c.d.s.service.ProtectedSeckillService    : submission queued request=36578e2e-5ea4-36b3-a70f-d8390fc16540
2026-09-29T15:14:29.494+08:00  INFO 16396 --- [seckill-system] [OrderListener-1] c.d.seckill.service.AsyncOrderConsumer   : order committed request=0431ad80-c303-3efb-afd4-eeaa350959aa order=136718
2026-09-29T15:14:29.496+08:00  INFO 16396 --- [seckill-system] [OrderListener-2] c.d.seckill.service.AsyncOrderConsumer   : order committed request=2e27c262-fb2c-3273-bf48-3cd3e8d38cdc order=136719
2026-09-29T15:14:29.499+08:00  INFO 16396 --- [seckill-system] [o-18090-exec-44] c.d.s.service.ProtectedSeckillService    : submission queued request=249af981-ef2e-3496-b383-489c26ee75ec
2026-09-29T15:14:29.504+08:00  INFO 16396 --- [seckill-system] [o-18090-exec-91] c.d.s.service.ProtectedSeckillService    : submission queued request=6ad43e21-e12f-3e8f-8526-03e1a827eba3
2026-09-29T15:14:29.510+08:00  INFO 16396 --- [seckill-system] [o-18090-exec-15] c.d.s.service.ProtectedSeckillService    : submission queued request=a1be6858-24e8-38aa-a418-421df072ea10
2026-09-29T15:14:29.513+08:00  INFO 16396 --- [seckill-system] [o-18090-exec-13] c.d.s.service.ProtectedSeckillService    : submission queued request=17adf58a-9f6f-39e9-b742-013dbc0426dc
2026-09-29T15:14:29.515+08:00  INFO 16396 --- [seckill-system] [OrderListener-2] c.d.seckill.service.AsyncOrderConsumer   : order committed request=00ae6a21-9afd-3b5a-8ec3-af56792a993c order=136720
2026-09-29T15:14:29.516+08:00  INFO 16396 --- [seckill-system] [OrderListener-1] c.d.seckill.service.AsyncOrderConsumer   : order committed request=670cc204-1268-3283-8589-6f1eaccada6d order=136721
2026-09-29T15:14:29.523+08:00  INFO 16396 --- [seckill-system] [io-18090-exec-1] c.d.s.service.ProtectedSeckillService    : submission queued request=8fca87d2-d466-31a5-bf48-aaed5c0bf411
2026-09-29T15:14:29.530+08:00  INFO 16396 --- [seckill-system] [o-18090-exec-86] c.d.s.service.ProtectedSeckillService    : submission queued request=cbeb01bb-e096-3b2c-8aa1-8897ce2cf0ba
2026-09-29T15:14:29.533+08:00  INFO 16396 --- [seckill-system] [o-18090-exec-13] c.d.s.service.ProtectedSeckillService    : submission queued request=2135856e-9f98-31c8-812a-ac209f0136bf
2026-09-29T15:14:29.534+08:00  INFO 16396 --- [seckill-system] [o-18090-exec-49] c.d.s.service.ProtectedSeckillService    : submission queued request=ced406ed-5086-3994-8f3c-70220dd7d35a
2026-09-29T15:14:29.536+08:00  INFO 16396 --- [seckill-system] [o-18090-exec-67] c.d.s.service.ProtectedSeckillService    : submission queued request=0ae0f71e-f42a-3e70-b6e0-10cd440e5988
2026-09-29T15:14:29.538+08:00  INFO 16396 --- [seckill-system] [OrderListener-2] c.d.seckill.service.AsyncOrderConsumer   : order committed request=74b75bb6-6dc7-39ed-82e6-8e107ba2fe1b order=136723
2026-09-29T15:14:29.539+08:00  INFO 16396 --- [seckill-system] [OrderListener-1] c.d.seckill.service.AsyncOrderConsumer   : order committed request=92670f73-a3ea-3e4c-b18f-4c776910a1c6 order=136722
2026-09-29T15:14:29.542+08:00  INFO 16396 --- [seckill-system] [o-18090-exec-80] c.d.s.service.ProtectedSeckillService    : submission queued request=b6342b91-d765-3c45-95fe-251fe1bda777
2026-09-29T15:14:29.546+08:00  INFO 16396 --- [seckill-system] [o-18090-exec-52] c.d.s.service.ProtectedSeckillService    : submission queued request=a72a76aa-b553-30d7-82a7-f390d842ad92
2026-09-29T15:14:29.551+08:00  INFO 16396 --- [seckill-system] [o-18090-exec-31] c.d.s.service.ProtectedSeckillService    : submission queued request=cc52cf05-f399-3e55-aa89-2189a529e6c5
2026-09-29T15:14:29.555+08:00  INFO 16396 --- [seckill-system] [OrderListener-2] c.d.seckill.service.AsyncOrderConsumer   : order committed request=dad43835-5727-3644-a810-f84e377bec3f order=136724
2026-09-29T15:14:29.556+08:00  INFO 16396 --- [seckill-system] [OrderListener-1] c.d.seckill.service.AsyncOrderConsumer   : order committed request=5821eb40-9d17-3547-9fc8-fe88952e11dc order=136725
2026-09-29T15:14:29.557+08:00  INFO 16396 --- [seckill-system] [o-18090-exec-14] c.d.s.service.ProtectedSeckillService    : submission queued request=281b81ea-11e7-3b49-ba85-7179ba7a4ecc
2026-09-29T15:14:29.564+08:00  INFO 16396 --- [seckill-system] [o-18090-exec-85] c.d.s.service.ProtectedSeckillService    : submission queued request=8634d648-3853-3547-b6b7-1579403f555d
2026-09-29T15:14:29.568+08:00  INFO 16396 --- [seckill-system] [o-18090-exec-63] c.d.s.service.ProtectedSeckillService    : submission queued request=100e8f5f-7efb-34d5-8789-29612973fbb8
2026-09-29T15:14:29.571+08:00  INFO 16396 --- [seckill-system] [o-18090-exec-33] c.d.s.service.ProtectedSeckillService    : submission queued request=4cfa4617-5bbc-3106-8aa6-3658294a3b44
2026-09-29T15:14:29.572+08:00  INFO 16396 --- [seckill-system] [OrderListener-1] c.d.seckill.service.AsyncOrderConsumer   : order committed request=51f2685d-ca11-3019-94c1-37b3d75fe116 order=136726
2026-09-29T15:14:29.572+08:00  INFO 16396 --- [seckill-system] [OrderListener-2] c.d.seckill.service.AsyncOrderConsumer   : order committed request=f4c53bf6-0b8c-3dd2-89f0-cb29df4b3920 order=136727
2026-09-29T15:14:29.576+08:00  INFO 16396 --- [seckill-system] [o-18090-exec-13] c.d.s.service.ProtectedSeckillService    : submission queued request=8d006f01-14d4-3bad-9e18-89d67a20d14e
2026-09-29T15:14:29.583+08:00  INFO 16396 --- [seckill-system] [io-18090-exec-4] c.d.s.service.ProtectedSeckillService    : submission queued request=7ffea5dc-fa5c-3b06-8866-36321d48d659
2026-09-29T15:14:29.593+08:00  INFO 16396 --- [seckill-system] [OrderListener-1] c.d.seckill.service.AsyncOrderConsumer   : order committed request=c98ae34a-f8c9-3bda-9c3a-980c7d0ea872 order=136729
2026-09-29T15:14:29.593+08:00  INFO 16396 --- [seckill-system] [OrderListener-2] c.d.seckill.service.AsyncOrderConsumer   : order committed request=364a058b-62ba-310a-ba4f-df65361c36af order=136728
2026-09-29T15:14:29.594+08:00  INFO 16396 --- [seckill-system] [o-18090-exec-80] c.d.s.service.ProtectedSeckillService    : submission queued request=a622b4d7-4af5-3428-9cfe-c9bd86c9a5da
2026-09-29T15:14:29.597+08:00  INFO 16396 --- [seckill-system] [o-18090-exec-93] c.d.s.service.ProtectedSeckillService    : submission queued request=1ca86ac5-f438-303d-9f66-defa907bb11d
2026-09-29T15:14:29.598+08:00  INFO 16396 --- [seckill-system] [o-18090-exec-71] c.d.s.service.ProtectedSeckillService    : submission queued request=e545eee7-cfd2-36d2-ad30-70404c122620
2026-09-29T15:14:29.601+08:00  INFO 16396 --- [seckill-system] [io-18090-exec-7] c.d.s.service.ProtectedSeckillService    : submission queued request=c9b453c7-092b-398e-be7a-474fbf4c6dd4
2026-09-29T15:14:29.606+08:00  INFO 16396 --- [seckill-system] [io-18090-exec-5] c.d.s.service.ProtectedSeckillService    : submission queued request=4c739b83-b26e-3581-b643-f72d40831219
2026-09-29T15:14:29.610+08:00  INFO 16396 --- [seckill-system] [OrderListener-2] c.d.seckill.service.AsyncOrderConsumer   : order committed request=c2eb427b-e3d0-31a8-897f-66a01e15c9a5 order=136730
2026-09-29T15:14:29.611+08:00  INFO 16396 --- [seckill-system] [o-18090-exec-59] c.d.s.service.ProtectedSeckillService    : submission queued request=fbd53d10-31b4-30b5-bb10-a96fd102b9ea
2026-09-29T15:14:29.611+08:00  INFO 16396 --- [seckill-system] [OrderListener-1] c.d.seckill.service.AsyncOrderConsumer   : order committed request=2385a214-d250-36f8-bf5a-5bc82802eed6 order=136731
2026-09-29T15:14:29.617+08:00  INFO 16396 --- [seckill-system] [o-18090-exec-25] c.d.s.service.ProtectedSeckillService    : submission queued request=e98404bf-9762-3297-b974-248c76142aa1
2026-09-29T15:14:29.621+08:00  INFO 16396 --- [seckill-system] [o-18090-exec-98] c.d.s.service.ProtectedSeckillService    : submission queued request=9ff6d297-d2b1-38c5-b9db-38e0c0f3309a
2026-09-29T15:14:29.627+08:00  INFO 16396 --- [seckill-system] [o-18090-exec-65] c.d.s.service.ProtectedSeckillService    : submission queued request=72bff387-8fe1-35f4-8907-fc829be7518b
2026-09-29T15:14:29.628+08:00  INFO 16396 --- [seckill-system] [OrderListener-2] c.d.seckill.service.AsyncOrderConsumer   : order committed request=8180fb9d-73c9-39b1-a10e-f42f8024834e order=136732
2026-09-29T15:14:29.628+08:00  INFO 16396 --- [seckill-system] [OrderListener-1] c.d.seckill.service.AsyncOrderConsumer   : order committed request=361e37b7-951a-3ef6-b7a1-b3707e68feca order=136733
2026-09-29T15:14:29.631+08:00  INFO 16396 --- [seckill-system] [o-18090-exec-10] c.d.s.service.ProtectedSeckillService    : submission queued request=3b6c4520-78f1-3123-aaf1-ef07f567d010
2026-09-29T15:14:29.636+08:00  INFO 16396 --- [seckill-system] [o-18090-exec-28] c.d.s.service.ProtectedSeckillService    : submission queued request=ed8df2df-5e32-3437-87a8-8be750fdff7f
2026-09-29T15:14:29.641+08:00  INFO 16396 --- [seckill-system] [io-18090-exec-6] c.d.s.service.ProtectedSeckillService    : submission queued request=1d8e2532-59fc-3aea-be2b-87cf27ea139b
2026-09-29T15:14:29.645+08:00  INFO 16396 --- [seckill-system] [o-18090-exec-90] c.d.s.service.ProtectedSeckillService    : submission queued request=31f9169a-c332-3594-864d-fff9c7981948
2026-09-29T15:14:29.645+08:00  INFO 16396 --- [seckill-system] [OrderListener-1] c.d.seckill.service.AsyncOrderConsumer   : order committed request=5f113829-7417-3242-aba6-6c1b0e1e057a order=136734
2026-09-29T15:14:29.645+08:00  INFO 16396 --- [seckill-system] [OrderListener-2] c.d.seckill.service.AsyncOrderConsumer   : order committed request=95056a6c-3c09-37b8-b848-ac25fdf465b3 order=136735
2026-09-29T15:14:29.653+08:00  INFO 16396 --- [seckill-system] [o-18090-exec-21] c.d.s.service.ProtectedSeckillService    : submission queued request=54a1c367-5f4d-39ef-848a-909cb3bf2282
2026-09-29T15:14:29.659+08:00  INFO 16396 --- [seckill-system] [io-18090-exec-5] c.d.s.service.ProtectedSeckillService    : submission queued request=9fbc42d3-8f0b-3ae4-8883-88f8229f9fd1
2026-09-29T15:14:29.662+08:00  INFO 16396 --- [seckill-system] [o-18090-exec-60] c.d.s.service.ProtectedSeckillService    : submission queued request=1b3422eb-c5e7-3cc2-a367-f231d0ce2a56
2026-09-29T15:14:29.664+08:00  INFO 16396 --- [seckill-system] [OrderListener-2] c.d.seckill.service.AsyncOrderConsumer   : order committed request=1b9fee48-56a8-3d52-a7c2-1451991ebf45 order=136737
2026-09-29T15:14:29.664+08:00  INFO 16396 --- [seckill-system] [OrderListener-1] c.d.seckill.service.AsyncOrderConsumer   : order committed request=07ddc622-28d4-3d21-853c-1dbf1bca02bc order=136736
2026-09-29T15:14:29.665+08:00  INFO 16396 --- [seckill-system] [o-18090-exec-22] c.d.s.service.ProtectedSeckillService    : submission queued request=317fe01e-55ac-3445-baf0-4a2b01051b09
2026-09-29T15:14:29.682+08:00  INFO 16396 --- [seckill-system] [o-18090-exec-82] c.d.s.service.ProtectedSeckillService    : submission queued request=f4fd6e91-65e1-38ce-b42d-92d56e3355c1
2026-09-29T15:14:29.688+08:00  INFO 16396 --- [seckill-system] [o-18090-exec-17] c.d.s.service.ProtectedSeckillService    : submission queued request=3c79e18d-7145-3813-88e9-5d4339f97a33
2026-09-29T15:14:29.690+08:00  INFO 16396 --- [seckill-system] [o-18090-exec-47] c.d.s.service.ProtectedSeckillService    : submission queued request=7d550d9e-ccd0-31c2-9831-6bd6e5c782d3
2026-09-29T15:14:29.691+08:00  INFO 16396 --- [seckill-system] [OrderListener-1] c.d.seckill.service.AsyncOrderConsumer   : order committed request=8fccbe0b-aaf5-3c98-af8b-2ef3d4165824 order=136738
2026-09-29T15:14:29.691+08:00  INFO 16396 --- [seckill-system] [OrderListener-2] c.d.seckill.service.AsyncOrderConsumer   : order committed request=da2e9afc-7f87-3872-92cb-c40f5bd368fa order=136739
2026-09-29T15:14:29.693+08:00  INFO 16396 --- [seckill-system] [o-18090-exec-49] c.d.s.service.ProtectedSeckillService    : submission queued request=637ae55b-6a57-3d77-8fd8-d16735284123
2026-09-29T15:14:29.694+08:00  INFO 16396 --- [seckill-system] [o-18090-exec-83] c.d.s.service.ProtectedSeckillService    : submission queued request=c4fa64f4-7d10-37b8-8b14-71fd95a96275
2026-09-29T15:14:29.695+08:00  INFO 16396 --- [seckill-system] [o-18090-exec-28] c.d.s.service.ProtectedSeckillService    : submission queued request=7c0f2cab-e345-3b8d-96de-5f266f3f0faf
2026-09-29T15:14:29.706+08:00  INFO 16396 --- [seckill-system] [o-18090-exec-67] c.d.s.service.ProtectedSeckillService    : submission queued request=183d81d5-6778-3ce9-a483-37900a36c0d2
2026-09-29T15:14:29.710+08:00  INFO 16396 --- [seckill-system] [o-18090-exec-36] c.d.s.service.ProtectedSeckillService    : submission queued request=9181b187-3c89-3729-9d7e-ce49246848e0
2026-09-29T15:14:29.718+08:00  INFO 16396 --- [seckill-system] [OrderListener-1] c.d.seckill.service.AsyncOrderConsumer   : order committed request=26612b5b-8219-32b4-a27b-8adfd286880a order=136740
2026-09-29T15:14:29.718+08:00  INFO 16396 --- [seckill-system] [OrderListener-2] c.d.seckill.service.AsyncOrderConsumer   : order committed request=d9347441-9d6b-3779-a06e-24a3c7cd2bef order=136741
2026-09-29T15:14:29.719+08:00  INFO 16396 --- [seckill-system] [o-18090-exec-98] c.d.s.service.ProtectedSeckillService    : submission queued request=89b6007e-8a98-363c-b63b-d29e2eccb42e
2026-09-29T15:14:29.723+08:00  INFO 16396 --- [seckill-system] [o-18090-exec-69] c.d.s.service.ProtectedSeckillService    : submission queued request=794abbde-4466-3023-8e42-d9c4ac528561
2026-09-29T15:14:29.725+08:00  INFO 16396 --- [seckill-system] [o-18090-exec-57] c.d.s.service.ProtectedSeckillService    : submission queued request=02575a3e-999b-3278-817d-a4a2a529b981
2026-09-29T15:14:29.726+08:00  INFO 16396 --- [seckill-system] [o-18090-exec-52] c.d.s.service.ProtectedSeckillService    : submission queued request=33bfec7f-5fbb-34cd-b5b2-4c93492ac790
2026-09-29T15:14:29.731+08:00  INFO 16396 --- [seckill-system] [o-18090-exec-14] c.d.s.service.ProtectedSeckillService    : submission queued request=c3c1bc11-46cf-3cf8-934f-d1ddec7140b5
2026-09-29T15:14:29.735+08:00  INFO 16396 --- [seckill-system] [o-18090-exec-93] c.d.s.service.ProtectedSeckillService    : submission queued request=a187733c-44ff-30b6-a4e6-a5058e176087
2026-09-29T15:14:29.740+08:00  INFO 16396 --- [seckill-system] [OrderListener-2] c.d.seckill.service.AsyncOrderConsumer   : order committed request=a96cf5eb-5884-3d0f-8f4a-aa581d63507a order=136743
2026-09-29T15:14:29.741+08:00  INFO 16396 --- [seckill-system] [OrderListener-1] c.d.seckill.service.AsyncOrderConsumer   : order committed request=fc517c59-ced4-3084-9cda-3ae4d9a20048 order=136742
2026-09-29T15:14:29.742+08:00  INFO 16396 --- [seckill-system] [o-18090-exec-35] c.d.s.service.ProtectedSeckillService    : submission queued request=c4109eb4-fb52-36cc-a834-6efc4ee9bc2a
2026-09-29T15:14:29.782+08:00  INFO 16396 --- [seckill-system] [o-18090-exec-64] c.d.s.service.ProtectedSeckillService    : submission queued request=c7f095ce-d3fa-3c2f-a472-0c3fdf1d7978
2026-09-29T15:14:29.797+08:00  INFO 16396 --- [seckill-system] [o-18090-exec-17] c.d.s.service.ProtectedSeckillService    : submission queued request=ac8f8788-961c-3cf2-8659-918dcff5891d
2026-09-29T15:14:29.798+08:00  INFO 16396 --- [seckill-system] [o-18090-exec-37] c.d.s.service.ProtectedSeckillService    : submission queued request=b8608be2-33c7-3d05-9ebc-924f5d68b1cb
2026-09-29T15:14:29.800+08:00  INFO 16396 --- [seckill-system] [o-18090-exec-49] c.d.s.service.ProtectedSeckillService    : submission queued request=55343d21-c949-3a66-9dea-b8ed60f96668
2026-09-29T15:14:29.800+08:00  INFO 16396 --- [seckill-system] [io-18090-exec-3] c.d.s.service.ProtectedSeckillService    : submission queued request=c0293e88-d467-3356-9b2d-8982fd38199f
2026-09-29T15:14:29.802+08:00  INFO 16396 --- [seckill-system] [OrderListener-1] c.d.seckill.service.AsyncOrderConsumer   : order committed request=5403667a-ee9d-3fce-ba62-6551c14ae190 order=136745
2026-09-29T15:14:29.802+08:00  INFO 16396 --- [seckill-system] [-18090-exec-100] c.d.s.service.ProtectedSeckillService    : submission queued request=7f594826-3389-3b67-adee-376310f9df7c
2026-09-29T15:14:29.802+08:00  INFO 16396 --- [seckill-system] [OrderListener-2] c.d.seckill.service.AsyncOrderConsumer   : order committed request=249792b2-0c11-33fd-965d-691d5fc7c212 order=136744
2026-09-29T15:14:29.802+08:00  INFO 16396 --- [seckill-system] [o-18090-exec-29] c.d.s.service.ProtectedSeckillService    : submission queued request=1793ee00-524a-314b-910b-e98569b0fc86
2026-09-29T15:14:29.803+08:00  INFO 16396 --- [seckill-system] [o-18090-exec-75] c.d.s.service.ProtectedSeckillService    : submission queued request=2669782d-e2e0-359b-a7bc-6b77f90c125c
2026-09-29T15:14:29.803+08:00  INFO 16396 --- [seckill-system] [o-18090-exec-38] c.d.s.service.ProtectedSeckillService    : submission queued request=d1c59dba-d40a-374d-9c92-c0409165d5ff
2026-09-29T15:14:29.803+08:00  INFO 16396 --- [seckill-system] [io-18090-exec-6] c.d.s.service.ProtectedSeckillService    : submission queued request=c7a324d1-1dd4-3a63-94a4-825c302899fd
2026-09-29T15:14:29.804+08:00  INFO 16396 --- [seckill-system] [io-18090-exec-2] c.d.s.service.ProtectedSeckillService    : submission queued request=81ae39aa-3ef3-3e78-8c74-3e1434519685
2026-09-29T15:14:29.806+08:00  INFO 16396 --- [seckill-system] [o-18090-exec-87] c.d.s.service.ProtectedSeckillService    : submission queued request=c449cfcb-28fc-3b94-b1a6-4fa0d74f7d8b
2026-09-29T15:14:29.808+08:00  INFO 16396 --- [seckill-system] [o-18090-exec-20] c.d.s.service.ProtectedSeckillService    : submission queued request=e2f77a74-4854-3eac-a660-cdc4641ccf4a
2026-09-29T15:14:29.813+08:00  INFO 16396 --- [seckill-system] [o-18090-exec-44] c.d.s.service.ProtectedSeckillService    : submission queued request=fa7e5a66-fab6-33af-8de8-7c32842143b9
2026-09-29T15:14:29.814+08:00  INFO 16396 --- [seckill-system] [o-18090-exec-36] c.d.s.service.ProtectedSeckillService    : submission queued request=39ace387-3db8-36cb-b534-a40b41a158ce
2026-09-29T15:14:29.819+08:00  INFO 16396 --- [seckill-system] [OrderListener-2] c.d.seckill.service.AsyncOrderConsumer   : order committed request=df9558d5-5a07-343b-90bc-4d73b24f1f89 order=136746
2026-09-29T15:14:29.820+08:00  INFO 16396 --- [seckill-system] [OrderListener-1] c.d.seckill.service.AsyncOrderConsumer   : order committed request=a307ead5-a4d0-3960-a5f0-4b548cd254b7 order=136747
2026-09-29T15:14:29.822+08:00  INFO 16396 --- [seckill-system] [o-18090-exec-53] c.d.s.service.ProtectedSeckillService    : submission queued request=192d622a-232b-3033-b16c-22f773cb5444
2026-09-29T15:14:29.829+08:00  INFO 16396 --- [seckill-system] [o-18090-exec-73] c.d.s.service.ProtectedSeckillService    : submission queued request=80ab9cbf-6aa7-31a7-a4a9-5adbbbd95b4b
2026-09-29T15:14:29.833+08:00  INFO 16396 --- [seckill-system] [o-18090-exec-63] c.d.s.service.ProtectedSeckillService    : submission queued request=91384bc1-bcb6-3fdb-b28d-5930947bd9b8
2026-09-29T15:14:29.838+08:00  INFO 16396 --- [seckill-system] [OrderListener-2] c.d.seckill.service.AsyncOrderConsumer   : order committed request=d4eb3e1e-952b-352b-808b-8d6a845688a3 order=136749
2026-09-29T15:14:29.839+08:00  INFO 16396 --- [seckill-system] [OrderListener-1] c.d.seckill.service.AsyncOrderConsumer   : order committed request=26c5403a-cba5-3fc2-b36e-59923a913103 order=136748
2026-09-29T15:14:29.840+08:00  INFO 16396 --- [seckill-system] [o-18090-exec-66] c.d.s.service.ProtectedSeckillService    : submission queued request=7a4e0254-f85f-30b1-90c5-16214e7c1451
2026-09-29T15:14:29.842+08:00  INFO 16396 --- [seckill-system] [o-18090-exec-28] c.d.s.service.ProtectedSeckillService    : submission queued request=47ac1689-7f58-3d2b-8a0e-90cacd157d23
2026-09-29T15:14:29.846+08:00  INFO 16396 --- [seckill-system] [o-18090-exec-11] c.d.s.service.ProtectedSeckillService    : submission queued request=1d6ddb40-2af0-3d45-b9f0-f8d38d8df237
2026-09-29T15:14:29.853+08:00  INFO 16396 --- [seckill-system] [o-18090-exec-91] c.d.s.service.ProtectedSeckillService    : submission queued request=1bf4f372-0f95-3adb-bdcb-c234a5e6b182
2026-09-29T15:14:29.855+08:00  INFO 16396 --- [seckill-system] [OrderListener-1] c.d.seckill.service.AsyncOrderConsumer   : order committed request=e4288c19-e2fb-322c-8460-dc7f0efb4996 order=136751
2026-09-29T15:14:29.857+08:00  INFO 16396 --- [seckill-system] [o-18090-exec-47] c.d.s.service.ProtectedSeckillService    : submission queued request=b4163968-46bd-3587-9033-f7856f938e21
2026-09-29T15:14:29.878+08:00  INFO 16396 --- [seckill-system] [OrderListener-2] c.d.seckill.service.AsyncOrderConsumer   : order committed request=823da9d1-b029-3ad7-8719-d2dd828c7814 order=136750
2026-09-29T15:14:29.892+08:00  INFO 16396 --- [seckill-system] [o-18090-exec-18] c.d.s.service.ProtectedSeckillService    : submission queued request=3fcac1c3-4fb8-3604-937f-ae269a13d817
2026-09-29T15:14:29.898+08:00  INFO 16396 --- [seckill-system] [o-18090-exec-61] c.d.s.service.ProtectedSeckillService    : submission queued request=4f6253a6-49dc-3ece-ae68-59c197c164d2
2026-09-29T15:14:29.901+08:00  INFO 16396 --- [seckill-system] [o-18090-exec-91] c.d.s.service.ProtectedSeckillService    : submission queued request=771fc122-6e25-3f94-baac-f4344e17ad14
2026-09-29T15:14:29.901+08:00  INFO 16396 --- [seckill-system] [OrderListener-1] c.d.seckill.service.AsyncOrderConsumer   : order committed request=13c6b0e9-52a4-3187-9116-566e2f7f803c order=136752
2026-09-29T15:14:29.901+08:00  INFO 16396 --- [seckill-system] [o-18090-exec-89] c.d.s.service.ProtectedSeckillService    : submission queued request=1b719a3d-7562-3f23-adf1-65b6368f3315
2026-09-29T15:14:29.901+08:00  INFO 16396 --- [seckill-system] [o-18090-exec-52] c.d.s.service.ProtectedSeckillService    : submission queued request=16b8b665-b2db-3eaa-beb9-92ebc063c0fa
2026-09-29T15:14:29.902+08:00  INFO 16396 --- [seckill-system] [o-18090-exec-59] c.d.s.service.ProtectedSeckillService    : submission queued request=67e22758-2708-32bf-a43c-708025e48309
2026-09-29T15:14:29.902+08:00  INFO 16396 --- [seckill-system] [o-18090-exec-87] c.d.s.service.ProtectedSeckillService    : submission queued request=7f8ffde0-261e-3ff8-98f7-bbc249d782b5
2026-09-29T15:14:29.905+08:00  INFO 16396 --- [seckill-system] [OrderListener-2] c.d.seckill.service.AsyncOrderConsumer   : order committed request=120ab266-f1d6-38b3-af10-ad827363402a order=136753
2026-09-29T15:14:29.907+08:00  INFO 16396 --- [seckill-system] [o-18090-exec-27] c.d.s.service.ProtectedSeckillService    : submission queued request=489066bb-7622-3bfa-aba2-ef7d179e8062
2026-09-29T15:14:29.910+08:00  INFO 16396 --- [seckill-system] [o-18090-exec-26] c.d.s.service.ProtectedSeckillService    : submission queued request=4fcec987-2adb-3966-90b5-b6d13674c2e3
2026-09-29T15:14:29.910+08:00  INFO 16396 --- [seckill-system] [o-18090-exec-73] c.d.s.service.ProtectedSeckillService    : submission queued request=d60bc604-824b-3c8a-9d8a-65010ace9825
2026-09-29T15:14:29.913+08:00  INFO 16396 --- [seckill-system] [o-18090-exec-29] c.d.s.service.ProtectedSeckillService    : submission queued request=dc2d3075-7528-39b6-bb9d-4d6dfbda2204
2026-09-29T15:14:29.917+08:00  INFO 16396 --- [seckill-system] [OrderListener-1] c.d.seckill.service.AsyncOrderConsumer   : order committed request=b290189b-df14-3139-94bc-19a363da69f5 order=136754
2026-09-29T15:14:29.917+08:00  INFO 16396 --- [seckill-system] [io-18090-exec-3] c.d.s.service.ProtectedSeckillService    : submission queued request=d9bf3a19-a8de-30d4-80a2-b3c54f1da3a6
2026-09-29T15:14:29.919+08:00  INFO 16396 --- [seckill-system] [io-18090-exec-9] c.d.s.service.ProtectedSeckillService    : submission queued request=0a6391c9-25f5-343a-a3b7-fdc505e1586e
2026-09-29T15:14:29.922+08:00  INFO 16396 --- [seckill-system] [OrderListener-2] c.d.seckill.service.AsyncOrderConsumer   : order committed request=9bcb1836-fbc9-3d19-8319-b4741f7500c1 order=136755
2026-09-29T15:14:29.925+08:00  INFO 16396 --- [seckill-system] [o-18090-exec-41] c.d.s.service.ProtectedSeckillService    : submission queued request=fe6b80b0-557e-3ac9-a592-4b3eb8a228b0
2026-09-29T15:14:29.929+08:00  INFO 16396 --- [seckill-system] [o-18090-exec-81] c.d.s.service.ProtectedSeckillService    : submission queued request=8cd8c7e2-1110-362a-b415-709d3d6b804b
2026-09-29T15:14:29.931+08:00  INFO 16396 --- [seckill-system] [OrderListener-1] c.d.seckill.service.AsyncOrderConsumer   : order committed request=6951b580-1542-3242-9cb3-9fed20564a98 order=136756
2026-09-29T15:14:29.935+08:00  INFO 16396 --- [seckill-system] [o-18090-exec-68] c.d.s.service.ProtectedSeckillService    : submission queued request=8ceb0e8a-2a1a-32ac-adaf-bfb7f0bc8441
2026-09-29T15:14:29.935+08:00  INFO 16396 --- [seckill-system] [OrderListener-2] c.d.seckill.service.AsyncOrderConsumer   : order committed request=23fb848e-3f34-385f-8532-acb286a6ffba order=136757
2026-09-29T15:14:29.940+08:00  INFO 16396 --- [seckill-system] [o-18090-exec-57] c.d.s.service.ProtectedSeckillService    : submission queued request=b1202059-71f0-3920-ac40-96d37ded938f
2026-09-29T15:14:29.946+08:00  INFO 16396 --- [seckill-system] [OrderListener-1] c.d.seckill.service.AsyncOrderConsumer   : order committed request=ac16a6d3-231e-3462-9f52-cc569d5945cb order=136758
2026-09-29T15:14:29.951+08:00  INFO 16396 --- [seckill-system] [o-18090-exec-92] c.d.s.service.ProtectedSeckillService    : submission queued request=74fa1595-8a33-3cb7-902a-2def10fdb2ef
2026-09-29T15:14:29.954+08:00  INFO 16396 --- [seckill-system] [OrderListener-2] c.d.seckill.service.AsyncOrderConsumer   : order committed request=a8696427-9931-35d6-84f2-68e25177dc7b order=136759
2026-09-29T15:14:29.957+08:00  INFO 16396 --- [seckill-system] [o-18090-exec-15] c.d.s.service.ProtectedSeckillService    : submission queued request=b1532ef3-0f65-35eb-99ff-e1769a4900bb
2026-09-29T15:14:29.960+08:00  INFO 16396 --- [seckill-system] [o-18090-exec-29] c.d.s.service.ProtectedSeckillService    : submission queued request=268eadbf-ca4f-32af-be81-621739108884
2026-09-29T15:14:29.962+08:00  INFO 16396 --- [seckill-system] [o-18090-exec-60] c.d.s.service.ProtectedSeckillService    : submission queued request=9c89c5d6-198c-391f-87a2-8784e24b7077
2026-09-29T15:14:29.965+08:00  INFO 16396 --- [seckill-system] [o-18090-exec-82] c.d.s.service.ProtectedSeckillService    : submission queued request=b3d7784f-63c7-3c2b-b0f6-67e73abbef30
2026-09-29T15:14:29.967+08:00  INFO 16396 --- [seckill-system] [OrderListener-1] c.d.seckill.service.AsyncOrderConsumer   : order committed request=22496894-3625-3b36-9933-311bab42090b order=136760
2026-09-29T15:14:29.968+08:00  INFO 16396 --- [seckill-system] [OrderListener-2] c.d.seckill.service.AsyncOrderConsumer   : order committed request=d5d08d0c-899e-3122-815c-30b388628b62 order=136761
2026-09-29T15:14:29.972+08:00  INFO 16396 --- [seckill-system] [o-18090-exec-13] c.d.s.service.ProtectedSeckillService    : submission queued request=dddcc151-520d-3ddb-b38b-1789729dfb47
2026-09-29T15:14:29.975+08:00  INFO 16396 --- [seckill-system] [o-18090-exec-66] c.d.s.service.ProtectedSeckillService    : submission queued request=f08a1e0a-94bc-344a-9a02-c2704034feac
2026-09-29T15:14:29.980+08:00  INFO 16396 --- [seckill-system] [o-18090-exec-69] c.d.s.service.ProtectedSeckillService    : submission queued request=969698f2-9f09-3336-ac81-c00b7ae5b0b7
2026-09-29T15:14:29.982+08:00  INFO 16396 --- [seckill-system] [OrderListener-1] c.d.seckill.service.AsyncOrderConsumer   : order committed request=9106c978-5d69-36e0-a045-c291597257d1 order=136762
2026-09-29T15:14:29.983+08:00  INFO 16396 --- [seckill-system] [OrderListener-2] c.d.seckill.service.AsyncOrderConsumer   : order committed request=1bbaf428-8874-3493-94ad-1eb30055840a order=136763
2026-09-29T15:14:29.985+08:00  INFO 16396 --- [seckill-system] [o-18090-exec-52] c.d.s.service.ProtectedSeckillService    : submission queued request=cb262620-2a22-338c-ac40-aa931e336bfd
2026-09-29T15:14:29.989+08:00  INFO 16396 --- [seckill-system] [o-18090-exec-73] c.d.s.service.ProtectedSeckillService    : submission queued request=c2434fb2-1083-30b4-ac77-4912ad34df9b
2026-09-29T15:14:29.995+08:00  INFO 16396 --- [seckill-system] [o-18090-exec-75] c.d.s.service.ProtectedSeckillService    : submission queued request=b432adf0-9f75-3eee-8523-1c13099c29cb
2026-09-29T15:14:29.996+08:00  INFO 16396 --- [seckill-system] [OrderListener-1] c.d.seckill.service.AsyncOrderConsumer   : order committed request=3408935a-8a75-3922-b2a8-308217ffafa0 order=136764
2026-09-29T15:14:29.998+08:00  INFO 16396 --- [seckill-system] [OrderListener-2] c.d.seckill.service.AsyncOrderConsumer   : order committed request=5d5cb223-a9c9-362a-9b0d-38f5510dd71d order=136765
2026-09-29T15:14:30.000+08:00  INFO 16396 --- [seckill-system] [o-18090-exec-12] c.d.s.service.ProtectedSeckillService    : submission queued request=8aa1537e-145e-33ea-a531-b460f1be77c5
2026-09-29T15:14:30.005+08:00  INFO 16396 --- [seckill-system] [o-18090-exec-99] c.d.s.service.ProtectedSeckillService    : submission queued request=80c6fb23-28f5-31bc-8551-4f3b7c239519
2026-09-29T15:14:30.011+08:00  INFO 16396 --- [seckill-system] [o-18090-exec-53] c.d.s.service.ProtectedSeckillService    : submission queued request=e562b6fe-38ef-326d-8dca-cc58bec0fc3e
2026-09-29T15:14:30.011+08:00  INFO 16396 --- [seckill-system] [OrderListener-1] c.d.seckill.service.AsyncOrderConsumer   : order committed request=b56d6675-3c82-3444-b919-d42298ccb233 order=136766
2026-09-29T15:14:30.012+08:00  INFO 16396 --- [seckill-system] [OrderListener-2] c.d.seckill.service.AsyncOrderConsumer   : order committed request=71059607-0d50-339c-8b2d-3e3bfbb48dc7 order=136767
2026-09-29T15:14:30.014+08:00  INFO 16396 --- [seckill-system] [o-18090-exec-59] c.d.s.service.ProtectedSeckillService    : submission queued request=917fcb56-7a44-3d99-8126-1646e9967a0b
2026-09-29T15:14:30.021+08:00  INFO 16396 --- [seckill-system] [o-18090-exec-11] c.d.s.service.ProtectedSeckillService    : submission queued request=4e5ba052-b130-3d70-bce1-338ed2be652f
2026-09-29T15:14:30.025+08:00  INFO 16396 --- [seckill-system] [o-18090-exec-42] c.d.s.service.ProtectedSeckillService    : submission queued request=d6608e08-4a75-3084-b488-bf92644a1f28
2026-09-29T15:14:30.026+08:00  INFO 16396 --- [seckill-system] [OrderListener-2] c.d.seckill.service.AsyncOrderConsumer   : order committed request=910ac766-e71c-38f4-9107-f3097e0be9cc order=136769
2026-09-29T15:14:30.026+08:00  INFO 16396 --- [seckill-system] [OrderListener-1] c.d.seckill.service.AsyncOrderConsumer   : order committed request=4ac9cc4e-f10b-33f7-b7a5-1b32c478544b order=136768
2026-09-29T15:14:30.031+08:00  INFO 16396 --- [seckill-system] [o-18090-exec-73] c.d.s.service.ProtectedSeckillService    : submission queued request=67613f7c-de1f-3216-b341-7fd40df48af9
2026-09-29T15:14:30.036+08:00  INFO 16396 --- [seckill-system] [o-18090-exec-40] c.d.s.service.ProtectedSeckillService    : submission queued request=a79ce796-8551-3930-ab0f-bb8ff1a7374d
2026-09-29T15:14:30.041+08:00  INFO 16396 --- [seckill-system] [o-18090-exec-18] c.d.s.service.ProtectedSeckillService    : submission queued request=36383120-7d9b-3d32-94af-b4736da66329
2026-09-29T15:14:30.049+08:00  INFO 16396 --- [seckill-system] [OrderListener-1] c.d.seckill.service.AsyncOrderConsumer   : order committed request=bbf86c62-f8c4-3bff-adfb-abd5ecd5ff82 order=136770
2026-09-29T15:14:30.049+08:00  INFO 16396 --- [seckill-system] [OrderListener-2] c.d.seckill.service.AsyncOrderConsumer   : order committed request=10510782-52d4-3960-8a1b-ffead76db6fc order=136771
2026-09-29T15:14:30.059+08:00  INFO 16396 --- [seckill-system] [o-18090-exec-13] c.d.s.service.ProtectedSeckillService    : submission queued request=8f5f18e9-a039-37a6-8ca1-8d5e68936aba
2026-09-29T15:14:30.061+08:00  INFO 16396 --- [seckill-system] [o-18090-exec-47] c.d.s.service.ProtectedSeckillService    : submission queued request=bd2dd484-9411-3b68-81fb-0858097a04e3
2026-09-29T15:14:30.061+08:00  INFO 16396 --- [seckill-system] [o-18090-exec-27] c.d.s.service.ProtectedSeckillService    : submission queued request=220d989e-5b0b-3b9b-9e03-03731881e857
2026-09-29T15:14:30.062+08:00  INFO 16396 --- [seckill-system] [o-18090-exec-57] c.d.s.service.ProtectedSeckillService    : submission queued request=06159820-343e-3739-9aab-27a41d3bdf6a
2026-09-29T15:14:30.065+08:00  INFO 16396 --- [seckill-system] [o-18090-exec-11] c.d.s.service.ProtectedSeckillService    : submission queued request=00c07260-96bb-3e20-9fd2-ed97cbe6544a
2026-09-29T15:14:30.065+08:00  INFO 16396 --- [seckill-system] [OrderListener-2] c.d.seckill.service.AsyncOrderConsumer   : order committed request=503c00ea-4fae-32f6-a262-1bcf0a8d598e order=136773
2026-09-29T15:14:30.077+08:00  INFO 16396 --- [seckill-system] [OrderListener-1] c.d.seckill.service.AsyncOrderConsumer   : order committed request=7daf2e83-8cba-34ad-aa4b-d64e54fdb97a order=136772
2026-09-29T15:14:30.081+08:00  INFO 16396 --- [seckill-system] [o-18090-exec-54] c.d.s.service.ProtectedSeckillService    : submission queued request=1c7d545a-cf74-3da4-852f-f9b5d3376a31
2026-09-29T15:14:30.086+08:00  INFO 16396 --- [seckill-system] [o-18090-exec-48] c.d.s.service.ProtectedSeckillService    : submission queued request=eaa9f6a3-6b44-3b90-8779-71d84ce70166
2026-09-29T15:14:30.087+08:00  INFO 16396 --- [seckill-system] [OrderListener-2] c.d.seckill.service.AsyncOrderConsumer   : order committed request=27e0aed8-7e9f-3ae6-a80b-f21a955aee16 order=136774
2026-09-29T15:14:30.088+08:00  INFO 16396 --- [seckill-system] [o-18090-exec-19] c.d.s.service.ProtectedSeckillService    : submission queued request=498868f9-7cf4-367a-8c59-f318c67a3a4d
2026-09-29T15:14:30.091+08:00  INFO 16396 --- [seckill-system] [o-18090-exec-98] c.d.s.service.ProtectedSeckillService    : submission queued request=4ce9ad6a-72b3-3507-ab05-9d26a842d59c
2026-09-29T15:14:30.092+08:00  INFO 16396 --- [seckill-system] [o-18090-exec-68] c.d.s.service.ProtectedSeckillService    : submission queued request=628806e5-d210-343c-9fd0-fd5b07cbf24f
2026-09-29T15:14:30.094+08:00  INFO 16396 --- [seckill-system] [OrderListener-1] c.d.seckill.service.AsyncOrderConsumer   : order committed request=9b51adfa-f2c6-35d7-9cd1-5126ad600a11 order=136775
2026-09-29T15:14:30.095+08:00  INFO 16396 --- [seckill-system] [o-18090-exec-52] c.d.s.service.ProtectedSeckillService    : submission queued request=c581a9fd-f120-3fca-ac6e-a58e7cba002e
2026-09-29T15:14:30.101+08:00  INFO 16396 --- [seckill-system] [o-18090-exec-55] c.d.s.service.ProtectedSeckillService    : submission queued request=bb8f2e49-5599-3cb6-87eb-2a38c0265a44
2026-09-29T15:14:30.103+08:00  INFO 16396 --- [seckill-system] [OrderListener-2] c.d.seckill.service.AsyncOrderConsumer   : order committed request=660145a6-2ea6-3a02-8ede-548ec1a739cd order=136776
2026-09-29T15:14:30.104+08:00  INFO 16396 --- [seckill-system] [o-18090-exec-24] c.d.s.service.ProtectedSeckillService    : submission queued request=966dcbeb-72a1-35c1-9bb4-7909fd5e8621
2026-09-29T15:14:30.109+08:00  INFO 16396 --- [seckill-system] [OrderListener-1] c.d.seckill.service.AsyncOrderConsumer   : order committed request=f654e843-7c46-3553-bd61-4321c812fdfe order=136777
2026-09-29T15:14:30.111+08:00  INFO 16396 --- [seckill-system] [o-18090-exec-75] c.d.s.service.ProtectedSeckillService    : submission queued request=7c388b48-e790-3f65-a93c-d6c0330dd773
2026-09-29T15:14:30.121+08:00  INFO 16396 --- [seckill-system] [OrderListener-2] c.d.seckill.service.AsyncOrderConsumer   : order committed request=b39f51d5-297c-3785-b5aa-19ba7ab1a9c9 order=136778
2026-09-29T15:14:30.125+08:00  INFO 16396 --- [seckill-system] [o-18090-exec-41] c.d.s.service.ProtectedSeckillService    : submission queued request=24f34411-ef4a-39f1-b032-56e128460350
2026-09-29T15:14:30.132+08:00  INFO 16396 --- [seckill-system] [o-18090-exec-58] c.d.s.service.ProtectedSeckillService    : submission queued request=cd90cdba-aff2-3e7c-9e94-486f5d8ae6f7
2026-09-29T15:14:30.133+08:00  INFO 16396 --- [seckill-system] [OrderListener-1] c.d.seckill.service.AsyncOrderConsumer   : order committed request=5f27c678-1556-30a9-a69a-2f85949f2b1f order=136779
2026-09-29T15:14:30.134+08:00  INFO 16396 --- [seckill-system] [io-18090-exec-5] c.d.s.service.ProtectedSeckillService    : submission queued request=0c34abb7-89c7-32be-97e8-261cb658aff7
2026-09-29T15:14:30.137+08:00  INFO 16396 --- [seckill-system] [o-18090-exec-69] c.d.s.service.ProtectedSeckillService    : submission queued request=bd9fed7f-a606-3b79-a7f9-9fcb7fe8719e
2026-09-29T15:14:30.139+08:00  INFO 16396 --- [seckill-system] [o-18090-exec-67] c.d.s.service.ProtectedSeckillService    : submission queued request=4b1f34df-295d-324b-84c6-c3f8e4ffee31
2026-09-29T15:14:30.141+08:00  INFO 16396 --- [seckill-system] [OrderListener-2] c.d.seckill.service.AsyncOrderConsumer   : order committed request=6e297fcd-5964-3abc-b0f6-95b1313682a5 order=136780
2026-09-29T15:14:30.142+08:00  INFO 16396 --- [seckill-system] [o-18090-exec-17] c.d.s.service.ProtectedSeckillService    : submission queued request=81c88f7b-d604-3787-8d4c-f7b05545b1ec
2026-09-29T15:14:30.148+08:00  INFO 16396 --- [seckill-system] [o-18090-exec-42] c.d.s.service.ProtectedSeckillService    : submission queued request=65e5ae8f-98f5-3ee6-910b-d281f0a77ee9
2026-09-29T15:14:30.149+08:00  INFO 16396 --- [seckill-system] [OrderListener-1] c.d.seckill.service.AsyncOrderConsumer   : order committed request=655c4834-1a7c-3e18-8cf8-063ac2f3bfb3 order=136781
2026-09-29T15:14:30.150+08:00  INFO 16396 --- [seckill-system] [-18090-exec-100] c.d.s.service.ProtectedSeckillService    : submission queued request=b175c2bf-c7eb-38da-9761-6c093cd21624
2026-09-29T15:14:30.155+08:00  INFO 16396 --- [seckill-system] [o-18090-exec-92] c.d.s.service.ProtectedSeckillService    : submission queued request=2d7a6ee1-db49-3cff-87ba-bc79033c3d88
2026-09-29T15:14:30.157+08:00  INFO 16396 --- [seckill-system] [OrderListener-2] c.d.seckill.service.AsyncOrderConsumer   : order committed request=ec1aa005-5c06-361a-b694-db6612e3405f order=136782
2026-09-29T15:14:30.160+08:00  INFO 16396 --- [seckill-system] [o-18090-exec-33] c.d.s.service.ProtectedSeckillService    : submission queued request=5b3170b7-d3bb-3961-acfe-a4d90b7cecd1
2026-09-29T15:14:30.162+08:00  INFO 16396 --- [seckill-system] [OrderListener-1] c.d.seckill.service.AsyncOrderConsumer   : order committed request=35c2cbaf-eee1-3e00-82a6-5da1636a44ae order=136783
2026-09-29T15:14:30.165+08:00  INFO 16396 --- [seckill-system] [io-18090-exec-2] c.d.s.service.ProtectedSeckillService    : submission queued request=1b046d82-6b53-3419-8088-bbc037eb2ff6
2026-09-29T15:14:30.171+08:00  INFO 16396 --- [seckill-system] [o-18090-exec-95] c.d.s.service.ProtectedSeckillService    : submission queued request=80cd04eb-f92c-32b0-9324-f629739c2831
2026-09-29T15:14:30.173+08:00  INFO 16396 --- [seckill-system] [OrderListener-2] c.d.seckill.service.AsyncOrderConsumer   : order committed request=e1beb725-2312-3c72-a385-6f0a51a879b3 order=136784
2026-09-29T15:14:30.175+08:00  INFO 16396 --- [seckill-system] [o-18090-exec-72] c.d.s.service.ProtectedSeckillService    : submission queued request=14d8282a-6390-3fdc-a747-33f08b7a43c2
2026-09-29T15:14:30.186+08:00  INFO 16396 --- [seckill-system] [OrderListener-1] c.d.seckill.service.AsyncOrderConsumer   : order committed request=484e11a6-30a4-3600-aaae-3a5696e6a38c order=136785
2026-09-29T15:14:30.197+08:00  INFO 16396 --- [seckill-system] [OrderListener-2] c.d.seckill.service.AsyncOrderConsumer   : order committed request=e9b27e08-52f2-3c9d-8f12-0ea14b61f1d0 order=136786
2026-09-29T15:14:30.200+08:00  INFO 16396 --- [seckill-system] [o-18090-exec-58] c.d.s.service.ProtectedSeckillService    : submission queued request=c3799cd3-3a65-3e35-96a8-d13dc4600610
2026-09-29T15:14:30.203+08:00  INFO 16396 --- [seckill-system] [o-18090-exec-80] c.d.s.service.ProtectedSeckillService    : submission queued request=1186f6d8-2c92-36f7-aad4-db1f6d12bc79
2026-09-29T15:14:30.203+08:00  INFO 16396 --- [seckill-system] [o-18090-exec-91] c.d.s.service.ProtectedSeckillService    : submission queued request=87de493c-cb4a-3d14-acb7-be62907afc70
2026-09-29T15:14:30.203+08:00  INFO 16396 --- [seckill-system] [o-18090-exec-23] c.d.s.service.ProtectedSeckillService    : submission queued request=1e4711ad-0e03-3359-a5d7-364e601c5cf1
2026-09-29T15:14:30.205+08:00  INFO 16396 --- [seckill-system] [o-18090-exec-42] c.d.s.service.ProtectedSeckillService    : submission queued request=653ec771-62d0-38aa-853f-248996be5afa
2026-09-29T15:14:30.208+08:00  INFO 16396 --- [seckill-system] [OrderListener-1] c.d.seckill.service.AsyncOrderConsumer   : order committed request=ce22ffbf-99b4-37f1-b9d3-8a2fc869bacb order=136787
2026-09-29T15:14:30.210+08:00  INFO 16396 --- [seckill-system] [o-18090-exec-49] c.d.s.service.ProtectedSeckillService    : submission queued request=fe7104f3-e4ed-359c-8736-f23be682c975
2026-09-29T15:14:30.212+08:00  INFO 16396 --- [seckill-system] [o-18090-exec-85] c.d.s.service.ProtectedSeckillService    : submission queued request=a0f5455f-6574-30b9-8aca-7f09e8ab858c
2026-09-29T15:14:30.213+08:00  INFO 16396 --- [seckill-system] [OrderListener-2] c.d.seckill.service.AsyncOrderConsumer   : order committed request=043ab6ef-e4a0-3958-8260-a3054132ef3b order=136788
2026-09-29T15:14:30.217+08:00  INFO 16396 --- [seckill-system] [o-18090-exec-88] c.d.s.service.ProtectedSeckillService    : submission queued request=bc6bf164-66a7-3732-a90d-c7b748854182
2026-09-29T15:14:30.223+08:00  INFO 16396 --- [seckill-system] [OrderListener-1] c.d.seckill.service.AsyncOrderConsumer   : order committed request=a75a3606-62a6-3d25-86e7-02e2e612402c order=136789
2026-09-29T15:14:30.224+08:00  INFO 16396 --- [seckill-system] [o-18090-exec-68] c.d.s.service.ProtectedSeckillService    : submission queued request=8464f340-5493-3d27-9183-d9c06592ae85
2026-09-29T15:14:30.231+08:00  INFO 16396 --- [seckill-system] [o-18090-exec-89] c.d.s.service.ProtectedSeckillService    : submission queued request=528b8aa5-9f43-31f0-becf-663c0478c35e
2026-09-29T15:14:30.233+08:00  INFO 16396 --- [seckill-system] [OrderListener-2] c.d.seckill.service.AsyncOrderConsumer   : order committed request=cc550395-769e-39cd-a1b5-cc40c0904254 order=136790
2026-09-29T15:14:30.237+08:00  INFO 16396 --- [seckill-system] [o-18090-exec-52] c.d.s.service.ProtectedSeckillService    : submission queued request=f1c75f11-d25a-3eef-a1b3-4c1d63d51cdf
2026-09-29T15:14:30.240+08:00  INFO 16396 --- [seckill-system] [o-18090-exec-99] c.d.s.service.ProtectedSeckillService    : submission queued request=e5375bea-0f01-3f4f-87d3-7435887a2adc
2026-09-29T15:14:30.242+08:00  INFO 16396 --- [seckill-system] [o-18090-exec-18] c.d.s.service.ProtectedSeckillService    : submission queued request=b5148758-4de5-3e94-95bb-1c214871faf0
2026-09-29T15:14:30.244+08:00  INFO 16396 --- [seckill-system] [OrderListener-1] c.d.seckill.service.AsyncOrderConsumer   : order committed request=3dde33a6-7dbd-307c-8d06-3bf674209c56 order=136791
2026-09-29T15:14:30.245+08:00  INFO 16396 --- [seckill-system] [o-18090-exec-86] c.d.s.service.ProtectedSeckillService    : submission queued request=7d384b72-0fd2-3f68-b7ad-5526eef7da59
2026-09-29T15:14:30.249+08:00  INFO 16396 --- [seckill-system] [OrderListener-2] c.d.seckill.service.AsyncOrderConsumer   : order committed request=942f114d-e582-310a-ab40-380439362ba5 order=136792
2026-09-29T15:14:30.252+08:00  INFO 16396 --- [seckill-system] [io-18090-exec-2] c.d.s.service.ProtectedSeckillService    : submission queued request=6005c9ed-679b-3984-9ed4-56e2d780e65b
2026-09-29T15:14:30.257+08:00  INFO 16396 --- [seckill-system] [o-18090-exec-32] c.d.s.service.ProtectedSeckillService    : submission queued request=6404c82e-beeb-312c-9977-feae0e7f2160
2026-09-29T15:14:30.260+08:00  INFO 16396 --- [seckill-system] [OrderListener-1] c.d.seckill.service.AsyncOrderConsumer   : order committed request=7e04475d-caa6-3151-8b71-3ac58f974133 order=136793
2026-09-29T15:14:30.261+08:00  INFO 16396 --- [seckill-system] [o-18090-exec-46] c.d.s.service.ProtectedSeckillService    : submission queued request=22b96a7b-bbc0-3c2e-a302-115f9750a18b
2026-09-29T15:14:30.264+08:00  INFO 16396 --- [seckill-system] [OrderListener-2] c.d.seckill.service.AsyncOrderConsumer   : order committed request=72893ce6-7ede-3704-b244-9b627dcb8d14 order=136794
2026-09-29T15:14:30.266+08:00  INFO 16396 --- [seckill-system] [o-18090-exec-19] c.d.s.service.ProtectedSeckillService    : submission queued request=a7e16e07-af92-3583-846e-fd5ddcc3ef1d
2026-09-29T15:14:30.270+08:00  INFO 16396 --- [seckill-system] [o-18090-exec-62] c.d.s.service.ProtectedSeckillService    : submission queued request=b463e9ee-e4fd-3ac0-abd0-184c397d8e7d
2026-09-29T15:14:30.275+08:00  INFO 16396 --- [seckill-system] [o-18090-exec-89] c.d.s.service.ProtectedSeckillService    : submission queued request=ab306ee9-40ec-3a5f-886f-1d12936e36f9
2026-09-29T15:14:30.275+08:00  INFO 16396 --- [seckill-system] [OrderListener-1] c.d.seckill.service.AsyncOrderConsumer   : order committed request=6b4d40f7-b9d9-3727-8d7d-05da2b59ead2 order=136795
2026-09-29T15:14:30.280+08:00  INFO 16396 --- [seckill-system] [OrderListener-2] c.d.seckill.service.AsyncOrderConsumer   : order committed request=2909d0bb-67d4-3163-bb85-3f6d1625aebc order=136796
2026-09-29T15:14:30.285+08:00  INFO 16396 --- [seckill-system] [o-18090-exec-24] c.d.s.service.ProtectedSeckillService    : submission queued request=c39f07a2-6ea0-305a-8d02-e1f01b9c7a17
2026-09-29T15:14:30.290+08:00  INFO 16396 --- [seckill-system] [o-18090-exec-34] c.d.s.service.ProtectedSeckillService    : submission queued request=9c615c7c-ad85-383a-af15-26b37d29e9f9
2026-09-29T15:14:30.292+08:00  INFO 16396 --- [seckill-system] [o-18090-exec-30] c.d.s.service.ProtectedSeckillService    : submission queued request=6e8e2cdc-22af-3d92-a4e1-7b333e934d31
2026-09-29T15:14:30.294+08:00  INFO 16396 --- [seckill-system] [OrderListener-1] c.d.seckill.service.AsyncOrderConsumer   : order committed request=0f115093-5e20-380b-b63f-7a1132cc9404 order=136797
2026-09-29T15:14:30.298+08:00  INFO 16396 --- [seckill-system] [o-18090-exec-71] c.d.s.service.ProtectedSeckillService    : submission queued request=c5c72978-d224-3a3c-8fb0-df652d32c73b
2026-09-29T15:14:30.299+08:00  INFO 16396 --- [seckill-system] [OrderListener-2] c.d.seckill.service.AsyncOrderConsumer   : order committed request=579045e2-0912-3216-8c5a-395e380ac25a order=136798
2026-09-29T15:14:30.302+08:00  INFO 16396 --- [seckill-system] [o-18090-exec-38] c.d.s.service.ProtectedSeckillService    : submission queued request=6c607044-2b05-38f2-9f6b-f74e28401918
2026-09-29T15:14:30.309+08:00  INFO 16396 --- [seckill-system] [o-18090-exec-12] c.d.s.service.ProtectedSeckillService    : submission queued request=68478f30-7228-31c7-b842-f1f2980c2ce6
2026-09-29T15:14:30.312+08:00  INFO 16396 --- [seckill-system] [OrderListener-1] c.d.seckill.service.AsyncOrderConsumer   : order committed request=7a1ebbf2-6b23-3599-b1c6-6ead1a1967d7 order=136799
2026-09-29T15:14:30.312+08:00  INFO 16396 --- [seckill-system] [io-18090-exec-8] c.d.s.service.ProtectedSeckillService    : submission queued request=9bc2cc00-91c2-3756-a545-994138b6bc2b
2026-09-29T15:14:30.313+08:00  INFO 16396 --- [seckill-system] [OrderListener-2] c.d.seckill.service.AsyncOrderConsumer   : order committed request=5fd90da2-8675-39b4-853a-a0514bcff6c2 order=136800
2026-09-29T15:14:30.319+08:00  INFO 16396 --- [seckill-system] [o-18090-exec-68] c.d.s.service.ProtectedSeckillService    : submission queued request=3bebee17-71ec-3a17-b600-eb88e79cecaa
2026-09-29T15:14:30.321+08:00  INFO 16396 --- [seckill-system] [o-18090-exec-74] c.d.s.service.ProtectedSeckillService    : submission queued request=cab1f32d-53cb-3ac3-84d6-f363f0eea178
2026-09-29T15:14:30.327+08:00  INFO 16396 --- [seckill-system] [o-18090-exec-36] c.d.s.service.ProtectedSeckillService    : submission queued request=7676afcc-7f2b-3c96-9eed-e966888f35e0
2026-09-29T15:14:30.329+08:00  INFO 16396 --- [seckill-system] [OrderListener-1] c.d.seckill.service.AsyncOrderConsumer   : order committed request=368a831e-5d1c-32d1-89e8-6f8428f04742 order=136801
2026-09-29T15:14:30.330+08:00  INFO 16396 --- [seckill-system] [OrderListener-2] c.d.seckill.service.AsyncOrderConsumer   : order committed request=d9a0de63-1d43-3e42-b33e-48224231c043 order=136802
2026-09-29T15:14:30.333+08:00  INFO 16396 --- [seckill-system] [o-18090-exec-83] c.d.s.service.ProtectedSeckillService    : submission queued request=751ed72a-6efa-363a-9b5d-7daf2c1425f7
2026-09-29T15:14:30.336+08:00  INFO 16396 --- [seckill-system] [o-18090-exec-95] c.d.s.service.ProtectedSeckillService    : submission queued request=b6e9e2ad-8d41-3ac8-87bb-e5bc21cc0ad3
2026-09-29T15:14:30.340+08:00  INFO 16396 --- [seckill-system] [io-18090-exec-1] c.d.s.service.ProtectedSeckillService    : submission queued request=f19a94c4-4469-3a40-9bcc-397fbfcca41f
2026-09-29T15:14:30.346+08:00  INFO 16396 --- [seckill-system] [o-18090-exec-45] c.d.s.service.ProtectedSeckillService    : submission queued request=262609fb-dba8-30aa-beee-35c33ddfcd32
2026-09-29T15:14:30.347+08:00  INFO 16396 --- [seckill-system] [OrderListener-2] c.d.seckill.service.AsyncOrderConsumer   : order committed request=646fab85-398c-3ce2-a595-d8f23bfc2312 order=136803
2026-09-29T15:14:30.347+08:00  INFO 16396 --- [seckill-system] [OrderListener-1] c.d.seckill.service.AsyncOrderConsumer   : order committed request=261dc998-fe5b-3abe-bf21-c3c8b57a5724 order=136804
2026-09-29T15:14:30.352+08:00  INFO 16396 --- [seckill-system] [o-18090-exec-14] c.d.s.service.ProtectedSeckillService    : submission queued request=fb87aa91-e0ac-3701-a417-18f8841d36c3
2026-09-29T15:14:30.355+08:00  INFO 16396 --- [seckill-system] [o-18090-exec-52] c.d.s.service.ProtectedSeckillService    : submission queued request=45b91b91-ab0b-3310-bdb9-e68cd9e108f3
2026-09-29T15:14:30.361+08:00  INFO 16396 --- [seckill-system] [o-18090-exec-86] c.d.s.service.ProtectedSeckillService    : submission queued request=804131c4-e395-38a7-9426-7baaee2aec1a
2026-09-29T15:14:30.362+08:00  INFO 16396 --- [seckill-system] [OrderListener-1] c.d.seckill.service.AsyncOrderConsumer   : order committed request=5de65f81-ff9d-3507-8182-a808a3d47f7d order=136805
2026-09-29T15:14:30.363+08:00  INFO 16396 --- [seckill-system] [OrderListener-2] c.d.seckill.service.AsyncOrderConsumer   : order committed request=1bb097a4-da72-3b6d-bc2a-e8866d08e207 order=136806
2026-09-29T15:14:30.366+08:00  INFO 16396 --- [seckill-system] [o-18090-exec-98] c.d.s.service.ProtectedSeckillService    : submission queued request=442153eb-4a9c-3304-9765-49645926e4bb
2026-09-29T15:14:30.372+08:00  INFO 16396 --- [seckill-system] [o-18090-exec-48] c.d.s.service.ProtectedSeckillService    : submission queued request=b8840430-d687-3e83-ba37-122232f0ea70
2026-09-29T15:14:30.376+08:00  INFO 16396 --- [seckill-system] [-18090-exec-100] c.d.s.service.ProtectedSeckillService    : submission queued request=2402f30e-90fb-3588-a1a0-c2ab070da165
2026-09-29T15:14:30.378+08:00  INFO 16396 --- [seckill-system] [OrderListener-2] c.d.seckill.service.AsyncOrderConsumer   : order committed request=9406ed8d-e23c-345f-833a-0b10c14eff2b order=136807
2026-09-29T15:14:30.378+08:00  INFO 16396 --- [seckill-system] [OrderListener-1] c.d.seckill.service.AsyncOrderConsumer   : order committed request=9292008a-12e5-3597-aed1-35314fc49eb2 order=136808
2026-09-29T15:14:30.380+08:00  INFO 16396 --- [seckill-system] [io-18090-exec-7] c.d.s.service.ProtectedSeckillService    : submission queued request=01ffece4-76ec-3698-9040-6e1fc6092bb9
2026-09-29T15:14:30.385+08:00  INFO 16396 --- [seckill-system] [o-18090-exec-44] c.d.s.service.ProtectedSeckillService    : submission queued request=a383c0db-c054-3f94-b6db-616a7678e577
2026-09-29T15:14:30.390+08:00  INFO 16396 --- [seckill-system] [o-18090-exec-13] c.d.s.service.ProtectedSeckillService    : submission queued request=28730a5f-9119-3ef9-a61a-d3f3e6c1fe96
2026-09-29T15:14:30.395+08:00  INFO 16396 --- [seckill-system] [OrderListener-2] c.d.seckill.service.AsyncOrderConsumer   : order committed request=7398b87e-6753-3a12-8923-c23ba02bf32f order=136809
2026-09-29T15:14:30.396+08:00  INFO 16396 --- [seckill-system] [io-18090-exec-6] c.d.s.service.ProtectedSeckillService    : submission queued request=7cdeaf01-b0ec-38ac-a7f8-a10516c77f99
2026-09-29T15:14:30.396+08:00  INFO 16396 --- [seckill-system] [OrderListener-1] c.d.seckill.service.AsyncOrderConsumer   : order committed request=bd35076b-4bfa-387c-8699-00e61e4a983e order=136810
2026-09-29T15:14:30.400+08:00  INFO 16396 --- [seckill-system] [o-18090-exec-24] c.d.s.service.ProtectedSeckillService    : submission queued request=5f6aaa3a-4e2e-3800-8f6a-073c237c554b
2026-09-29T15:14:30.406+08:00  INFO 16396 --- [seckill-system] [o-18090-exec-33] c.d.s.service.ProtectedSeckillService    : submission queued request=1a9520b6-0487-34a8-97c7-5cdf1cf9ca41
2026-09-29T15:14:30.409+08:00  INFO 16396 --- [seckill-system] [OrderListener-2] c.d.seckill.service.AsyncOrderConsumer   : order committed request=00768f3e-eb66-33bb-b7b8-e29279f54971 order=136811
2026-09-29T15:14:30.410+08:00  INFO 16396 --- [seckill-system] [OrderListener-1] c.d.seckill.service.AsyncOrderConsumer   : order committed request=7a60ee51-f3c3-3869-af20-9956bb82a90a order=136812
2026-09-29T15:14:30.414+08:00  INFO 16396 --- [seckill-system] [o-18090-exec-38] c.d.s.service.ProtectedSeckillService    : submission queued request=ac0565e9-a49b-3bc4-bc1e-df2190e0eb4a
2026-09-29T15:14:30.416+08:00  INFO 16396 --- [seckill-system] [o-18090-exec-46] c.d.s.service.ProtectedSeckillService    : submission queued request=65d5fed9-3c6f-38a5-8e32-4aef4bd12292
2026-09-29T15:14:30.445+08:00  INFO 16396 --- [seckill-system] [o-18090-exec-12] c.d.s.service.ProtectedSeckillService    : submission queued request=a6494d7f-e45d-34c3-adc0-fe063835635e
2026-09-29T15:14:30.447+08:00  INFO 16396 --- [seckill-system] [o-18090-exec-79] c.d.s.service.ProtectedSeckillService    : submission queued request=0c4cd61f-8cd7-3b6d-aaf4-c1c6e1db32b7
2026-09-29T15:14:30.447+08:00  INFO 16396 --- [seckill-system] [OrderListener-1] c.d.seckill.service.AsyncOrderConsumer   : order committed request=35b921ed-5914-3da4-aa2c-404efc2ad278 order=136813
2026-09-29T15:14:30.447+08:00  INFO 16396 --- [seckill-system] [OrderListener-2] c.d.seckill.service.AsyncOrderConsumer   : order committed request=7270890b-239a-3914-b32f-367ff3dcf037 order=136814
2026-09-29T15:14:30.450+08:00  INFO 16396 --- [seckill-system] [o-18090-exec-18] c.d.s.service.ProtectedSeckillService    : submission queued request=3af00466-8b8f-365a-be6a-27f811404489
2026-09-29T15:14:30.453+08:00  INFO 16396 --- [seckill-system] [o-18090-exec-93] c.d.s.service.ProtectedSeckillService    : submission queued request=a84635e3-99d5-3636-9988-9279bc9df918
2026-09-29T15:14:30.454+08:00  INFO 16396 --- [seckill-system] [o-18090-exec-86] c.d.s.service.ProtectedSeckillService    : submission queued request=dea4a967-d24a-39d6-bf2e-5f5f7a464e00
2026-09-29T15:14:30.455+08:00  INFO 16396 --- [seckill-system] [o-18090-exec-23] c.d.s.service.ProtectedSeckillService    : submission queued request=9bef5a98-9c54-34ff-b01b-6a07de8f3d8d
2026-09-29T15:14:30.455+08:00  INFO 16396 --- [seckill-system] [o-18090-exec-30] c.d.s.service.ProtectedSeckillService    : submission queued request=b58fd5d3-e6b4-3838-8ff7-5d4a79163a75
2026-09-29T15:14:30.465+08:00  INFO 16396 --- [seckill-system] [o-18090-exec-66] c.d.s.service.ProtectedSeckillService    : submission queued request=4213cbae-3553-3dff-99ab-674303763e4b
2026-09-29T15:14:30.466+08:00  INFO 16396 --- [seckill-system] [OrderListener-1] c.d.seckill.service.AsyncOrderConsumer   : order committed request=0fa0870a-8dae-375e-ab7c-a7bd698b2a09 order=136815
2026-09-29T15:14:30.467+08:00  INFO 16396 --- [seckill-system] [o-18090-exec-68] c.d.s.service.ProtectedSeckillService    : submission queued request=89488f4f-abba-3fd7-8f3e-eb3756bd9b11
2026-09-29T15:14:30.469+08:00  INFO 16396 --- [seckill-system] [OrderListener-2] c.d.seckill.service.AsyncOrderConsumer   : order committed request=dfaf1a27-961e-3043-95fb-9ee999d36fa9 order=136816
2026-09-29T15:14:30.470+08:00  INFO 16396 --- [seckill-system] [io-18090-exec-6] c.d.s.service.ProtectedSeckillService    : submission queued request=42eabb06-9534-3978-84e2-7e8c65d02944
2026-09-29T15:14:30.473+08:00  INFO 16396 --- [seckill-system] [o-18090-exec-96] c.d.s.service.ProtectedSeckillService    : submission queued request=28a9888e-0237-3aa1-980a-c75beb5c3c2f
2026-09-29T15:14:30.479+08:00  INFO 16396 --- [seckill-system] [o-18090-exec-36] c.d.s.service.ProtectedSeckillService    : submission queued request=2aec3d4c-6e68-316f-94d5-418997af8d23
2026-09-29T15:14:30.486+08:00  INFO 16396 --- [seckill-system] [OrderListener-1] c.d.seckill.service.AsyncOrderConsumer   : order committed request=66046d9b-8446-3937-8524-f163ecd72687 order=136817
2026-09-29T15:14:30.486+08:00  INFO 16396 --- [seckill-system] [OrderListener-2] c.d.seckill.service.AsyncOrderConsumer   : order committed request=741fbd1b-55a6-3d99-a2af-e5cefc229c1f order=136818
2026-09-29T15:14:30.488+08:00  INFO 16396 --- [seckill-system] [o-18090-exec-68] c.d.s.service.ProtectedSeckillService    : submission queued request=2018b1d7-3073-3200-b95f-d3e9cb10aab8
2026-09-29T15:14:30.492+08:00  INFO 16396 --- [seckill-system] [o-18090-exec-65] c.d.s.service.ProtectedSeckillService    : submission queued request=b29f72e5-f774-35ac-b497-521d8cf2e18c
2026-09-29T15:14:30.495+08:00  INFO 16396 --- [seckill-system] [o-18090-exec-20] c.d.s.service.ProtectedSeckillService    : submission queued request=ab5b4889-200f-3739-967c-18c632a254a7
2026-09-29T15:14:30.497+08:00  INFO 16396 --- [seckill-system] [o-18090-exec-55] c.d.s.service.ProtectedSeckillService    : submission queued request=fd8e0841-d796-3f7c-809e-062bd673c393
2026-09-29T15:14:30.505+08:00  INFO 16396 --- [seckill-system] [OrderListener-1] c.d.seckill.service.AsyncOrderConsumer   : order committed request=b9aa65c4-041d-385a-91fe-5e7bfa7c9f9f order=136820
2026-09-29T15:14:30.505+08:00  INFO 16396 --- [seckill-system] [OrderListener-2] c.d.seckill.service.AsyncOrderConsumer   : order committed request=cee36cbc-cf8b-3c94-8d6d-4db2d2c31602 order=136819
2026-09-29T15:14:30.510+08:00  INFO 16396 --- [seckill-system] [o-18090-exec-74] c.d.s.service.ProtectedSeckillService    : submission queued request=f164d509-c849-3932-bec4-1c88fa9db0cb
2026-09-29T15:14:30.516+08:00  INFO 16396 --- [seckill-system] [o-18090-exec-92] c.d.s.service.ProtectedSeckillService    : submission queued request=f82d05e8-8c10-3d13-8d90-7aece5183148
2026-09-29T15:14:30.518+08:00  INFO 16396 --- [seckill-system] [o-18090-exec-85] c.d.s.service.ProtectedSeckillService    : submission queued request=14a011bf-be47-3d9b-ac1a-dcbee8844d1f
2026-09-29T15:14:30.518+08:00  INFO 16396 --- [seckill-system] [o-18090-exec-18] c.d.s.service.ProtectedSeckillService    : submission queued request=cd5bd95a-4ad0-31ad-82ca-91745ea9d5c0
2026-09-29T15:14:30.522+08:00  INFO 16396 --- [seckill-system] [o-18090-exec-48] c.d.s.service.ProtectedSeckillService    : submission queued request=2ab0fecf-62be-3932-bead-17b697b5c622
2026-09-29T15:14:30.524+08:00  INFO 16396 --- [seckill-system] [OrderListener-1] c.d.seckill.service.AsyncOrderConsumer   : order committed request=c14d7d36-39ea-3ebe-aaff-fdf45a5e7844 order=136822
2026-09-29T15:14:30.524+08:00  INFO 16396 --- [seckill-system] [OrderListener-2] c.d.seckill.service.AsyncOrderConsumer   : order committed request=b96bab95-2571-3031-9092-6d4a9c880dce order=136821
2026-09-29T15:14:30.528+08:00  INFO 16396 --- [seckill-system] [o-18090-exec-69] c.d.s.service.ProtectedSeckillService    : submission queued request=aff51e8d-0329-3ec0-925a-28999e53549c
2026-09-29T15:14:30.551+08:00  INFO 16396 --- [seckill-system] [io-18090-exec-9] c.d.s.service.ProtectedSeckillService    : submission queued request=54da0683-215c-366d-9b78-3b5a5b76f600
2026-09-29T15:14:30.553+08:00  INFO 16396 --- [seckill-system] [o-18090-exec-88] c.d.s.service.ProtectedSeckillService    : submission queued request=bf74d169-b21e-3342-90af-b5342a7c277f
2026-09-29T15:14:30.562+08:00  INFO 16396 --- [seckill-system] [OrderListener-2] c.d.seckill.service.AsyncOrderConsumer   : order committed request=e37ed4d1-c190-30d9-852b-4b2458b52236 order=136824
2026-09-29T15:14:30.562+08:00  INFO 16396 --- [seckill-system] [OrderListener-1] c.d.seckill.service.AsyncOrderConsumer   : order committed request=1bd25968-d781-3ef6-9014-46b97732f3ca order=136823
2026-09-29T15:14:30.574+08:00  INFO 16396 --- [seckill-system] [o-18090-exec-15] c.d.s.service.ProtectedSeckillService    : submission queued request=7c98c6bc-e862-3c4c-8d42-37db458d16e5
2026-09-29T15:14:30.576+08:00  INFO 16396 --- [seckill-system] [o-18090-exec-89] c.d.s.service.ProtectedSeckillService    : submission queued request=7579ea03-dac1-316a-8280-424cfb979e3b
2026-09-29T15:14:30.576+08:00  INFO 16396 --- [seckill-system] [io-18090-exec-7] c.d.s.service.ProtectedSeckillService    : submission queued request=7e283373-52d8-37ea-acb2-ce413b91289a
2026-09-29T15:14:30.579+08:00  INFO 16396 --- [seckill-system] [o-18090-exec-93] c.d.s.service.ProtectedSeckillService    : submission queued request=1d5edfe6-a22e-3c2c-92ea-90af11bb350e
2026-09-29T15:14:30.581+08:00  INFO 16396 --- [seckill-system] [o-18090-exec-85] c.d.s.service.ProtectedSeckillService    : submission queued request=e1daea4f-c8da-33f7-a6a0-133b42e128a5
2026-09-29T15:14:30.582+08:00  INFO 16396 --- [seckill-system] [o-18090-exec-73] c.d.s.service.ProtectedSeckillService    : submission queued request=0091c850-ed08-33ca-8e79-946e169cd880
2026-09-29T15:14:30.584+08:00  INFO 16396 --- [seckill-system] [o-18090-exec-76] c.d.s.service.ProtectedSeckillService    : submission queued request=47fd0dba-50a7-3793-a05e-d3b042896add
2026-09-29T15:14:30.585+08:00  INFO 16396 --- [seckill-system] [o-18090-exec-62] c.d.s.service.ProtectedSeckillService    : submission queued request=44cb9c0e-1aef-3731-8568-d6164f808870
2026-09-29T15:14:30.586+08:00  INFO 16396 --- [seckill-system] [o-18090-exec-34] c.d.s.service.ProtectedSeckillService    : submission queued request=597d0f91-a0ad-3c5b-bd42-c6a1044f5297
2026-09-29T15:14:30.588+08:00  INFO 16396 --- [seckill-system] [o-18090-exec-33] c.d.s.service.ProtectedSeckillService    : submission queued request=6fd91c53-b233-36df-b5d1-d8c548b099ec
2026-09-29T15:14:30.590+08:00  INFO 16396 --- [seckill-system] [OrderListener-1] c.d.seckill.service.AsyncOrderConsumer   : order committed request=fd3f570f-d449-3b9e-8780-fb3e375afe48 order=136825
2026-09-29T15:14:30.590+08:00  INFO 16396 --- [seckill-system] [OrderListener-2] c.d.seckill.service.AsyncOrderConsumer   : order committed request=83967b64-381d-30f7-b513-b453e77a8669 order=136826
2026-09-29T15:14:30.615+08:00  INFO 16396 --- [seckill-system] [io-18090-exec-6] c.d.s.service.ProtectedSeckillService    : submission queued request=8706e11c-a537-3ff2-8dad-5aa174bff8fd
2026-09-29T15:14:30.617+08:00  INFO 16396 --- [seckill-system] [o-18090-exec-77] c.d.s.service.ProtectedSeckillService    : submission queued request=0977cf90-9913-35ea-9268-b14b4e4946f8
2026-09-29T15:14:30.618+08:00  INFO 16396 --- [seckill-system] [o-18090-exec-28] c.d.s.service.ProtectedSeckillService    : submission queued request=02a834b5-bb93-3b9c-80ee-19daf247d3bb
2026-09-29T15:14:30.618+08:00  INFO 16396 --- [seckill-system] [OrderListener-2] c.d.seckill.service.AsyncOrderConsumer   : order committed request=a5ad9a24-8a7f-3229-b804-13a4d5a6ba69 order=136827
2026-09-29T15:14:30.622+08:00  INFO 16396 --- [seckill-system] [OrderListener-1] c.d.seckill.service.AsyncOrderConsumer   : order committed request=ce425e00-de17-3c03-97df-90a7c958a0a6 order=136828
2026-09-29T15:14:30.622+08:00  INFO 16396 --- [seckill-system] [o-18090-exec-59] c.d.s.service.ProtectedSeckillService    : submission queued request=769e33e9-2f64-3a74-af88-f0f7315b8c2e
2026-09-29T15:14:30.625+08:00  INFO 16396 --- [seckill-system] [o-18090-exec-94] c.d.s.service.ProtectedSeckillService    : submission queued request=ff2f300b-81fa-3400-9f4c-6b48dcd7d19b
2026-09-29T15:14:30.627+08:00  INFO 16396 --- [seckill-system] [o-18090-exec-16] c.d.s.service.ProtectedSeckillService    : submission queued request=31b1d415-f76f-3298-8b8f-c6a89b0a69c7
2026-09-29T15:14:30.629+08:00  INFO 16396 --- [seckill-system] [o-18090-exec-18] c.d.s.service.ProtectedSeckillService    : submission queued request=26341b97-6732-3a09-aecf-7e2e7129c68e
2026-09-29T15:14:30.633+08:00  INFO 16396 --- [seckill-system] [o-18090-exec-89] c.d.s.service.ProtectedSeckillService    : submission queued request=e7905361-aabb-378b-9260-1655f86b2f66
2026-09-29T15:14:30.635+08:00  INFO 16396 --- [seckill-system] [o-18090-exec-71] c.d.s.service.ProtectedSeckillService    : submission queued request=9c3072ff-9e9c-3487-95df-0f5f5c670d78
2026-09-29T15:14:30.636+08:00  INFO 16396 --- [seckill-system] [OrderListener-2] c.d.seckill.service.AsyncOrderConsumer   : order committed request=e85d216c-bd32-34a3-8f53-a6f0320337b9 order=136829
2026-09-29T15:14:30.640+08:00  INFO 16396 --- [seckill-system] [io-18090-exec-1] c.d.s.service.ProtectedSeckillService    : submission queued request=4d1f759e-926b-34ee-aaf5-1b18c3ee168d
2026-09-29T15:14:30.642+08:00  INFO 16396 --- [seckill-system] [o-18090-exec-11] c.d.s.service.ProtectedSeckillService    : submission queued request=766c189f-b4b7-3b99-9502-d7d2d07b78da
2026-09-29T15:14:30.645+08:00  INFO 16396 --- [seckill-system] [OrderListener-1] c.d.seckill.service.AsyncOrderConsumer   : order committed request=ad4bc52c-8c6e-3eb3-a0a3-58b278b4a45a order=136830
2026-09-29T15:14:30.647+08:00  INFO 16396 --- [seckill-system] [o-18090-exec-65] c.d.s.service.ProtectedSeckillService    : submission queued request=e1d3d7ad-71ce-3f1e-9e99-57d8a8d8d68f
2026-09-29T15:14:30.652+08:00  INFO 16396 --- [seckill-system] [OrderListener-2] c.d.seckill.service.AsyncOrderConsumer   : order committed request=1f9ef66a-2406-3707-b408-71485cc45909 order=136831
2026-09-29T15:14:30.653+08:00  INFO 16396 --- [seckill-system] [o-18090-exec-79] c.d.s.service.ProtectedSeckillService    : submission queued request=75384e3b-a851-3786-a697-ad988ff724bd
2026-09-29T15:14:30.660+08:00  INFO 16396 --- [seckill-system] [o-18090-exec-50] c.d.s.service.ProtectedSeckillService    : submission queued request=0569c0c5-62cf-3ddc-b583-d0a83c6667de
2026-09-29T15:14:30.662+08:00  INFO 16396 --- [seckill-system] [OrderListener-1] c.d.seckill.service.AsyncOrderConsumer   : order committed request=cdf47295-7d12-390a-a4d6-cf8c66e6b8c2 order=136832
2026-09-29T15:14:30.666+08:00  INFO 16396 --- [seckill-system] [o-18090-exec-87] c.d.s.service.ProtectedSeckillService    : submission queued request=5bbc537c-fb29-3f80-b7be-48af32938889
2026-09-29T15:14:30.671+08:00  INFO 16396 --- [seckill-system] [OrderListener-2] c.d.seckill.service.AsyncOrderConsumer   : order committed request=13d3d7fc-2fc1-333c-9477-6c5b3407c42a order=136833
2026-09-29T15:14:30.672+08:00  INFO 16396 --- [seckill-system] [o-18090-exec-84] c.d.s.service.ProtectedSeckillService    : submission queued request=a72314d2-dd75-3e1c-a321-d400e13793b3
2026-09-29T15:14:30.673+08:00  INFO 16396 --- [seckill-system] [o-18090-exec-48] c.d.s.service.ProtectedSeckillService    : submission queued request=169ea83b-03d8-3187-a4a0-d12407b5b499
2026-09-29T15:14:30.678+08:00  INFO 16396 --- [seckill-system] [o-18090-exec-12] c.d.s.service.ProtectedSeckillService    : submission queued request=f4b417f8-82e8-3205-81e2-ae9406a4c07f
2026-09-29T15:14:30.681+08:00  INFO 16396 --- [seckill-system] [o-18090-exec-70] c.d.s.service.ProtectedSeckillService    : submission queued request=8dad5c23-d736-3a76-b861-da2d272555c9
2026-09-29T15:14:30.683+08:00  INFO 16396 --- [seckill-system] [OrderListener-1] c.d.seckill.service.AsyncOrderConsumer   : order committed request=0c2723ad-7dac-34b4-aaf8-e00759ab05fe order=136834
2026-09-29T15:14:30.689+08:00  INFO 16396 --- [seckill-system] [OrderListener-2] c.d.seckill.service.AsyncOrderConsumer   : order committed request=42192f03-64d3-3de6-b6d4-94d4eda4cee1 order=136835
2026-09-29T15:14:30.694+08:00  INFO 16396 --- [seckill-system] [o-18090-exec-41] c.d.s.service.ProtectedSeckillService    : submission queued request=6cd6dda5-9e43-320d-a0b9-201a7607b5ca
2026-09-29T15:14:30.698+08:00  INFO 16396 --- [seckill-system] [o-18090-exec-75] c.d.s.service.ProtectedSeckillService    : submission queued request=4cd7e5bf-a3d1-304e-af08-3a04da915ad3
2026-09-29T15:14:30.700+08:00  INFO 16396 --- [seckill-system] [o-18090-exec-26] c.d.s.service.ProtectedSeckillService    : submission queued request=579c41d9-74a2-35d4-9039-19997c347452
2026-09-29T15:14:30.702+08:00  INFO 16396 --- [seckill-system] [o-18090-exec-61] c.d.s.service.ProtectedSeckillService    : submission queued request=14ea2de2-0421-33bf-8dc5-70e3a6439198
2026-09-29T15:14:30.708+08:00  INFO 16396 --- [seckill-system] [OrderListener-1] c.d.seckill.service.AsyncOrderConsumer   : order committed request=e4c56db5-166a-3e1f-b8f8-4a57363c5f92 order=136836
2026-09-29T15:14:30.708+08:00  INFO 16396 --- [seckill-system] [OrderListener-2] c.d.seckill.service.AsyncOrderConsumer   : order committed request=afb5dc22-24c3-3737-b44d-4be1bbfc4b45 order=136837
2026-09-29T15:14:30.716+08:00  INFO 16396 --- [seckill-system] [o-18090-exec-38] c.d.s.service.ProtectedSeckillService    : submission queued request=2395590d-ed41-3ac3-8f85-823a55f7a965
2026-09-29T15:14:30.718+08:00  INFO 16396 --- [seckill-system] [o-18090-exec-79] c.d.s.service.ProtectedSeckillService    : submission queued request=742713ca-83e6-3f29-b611-7c4ba4bf79bd
2026-09-29T15:14:30.718+08:00  INFO 16396 --- [seckill-system] [o-18090-exec-19] c.d.s.service.ProtectedSeckillService    : submission queued request=4a11efc6-a9fd-313e-a64d-6c0cf56db662
2026-09-29T15:14:30.721+08:00  INFO 16396 --- [seckill-system] [o-18090-exec-10] c.d.s.service.ProtectedSeckillService    : submission queued request=97eb5437-eff2-3925-b186-634c069ce99c
2026-09-29T15:14:30.726+08:00  INFO 16396 --- [seckill-system] [OrderListener-2] c.d.seckill.service.AsyncOrderConsumer   : order committed request=deddef37-ffbf-337f-859c-4ed86c73d1e5 order=136838
2026-09-29T15:14:30.727+08:00  INFO 16396 --- [seckill-system] [o-18090-exec-87] c.d.s.service.ProtectedSeckillService    : submission queued request=179a5861-19c6-30f2-8a0c-3871047e0f60
2026-09-29T15:14:30.731+08:00  INFO 16396 --- [seckill-system] [OrderListener-1] c.d.seckill.service.AsyncOrderConsumer   : order committed request=8a2f893f-9e7f-3b1b-be46-dc2220dc0b2d order=136839
2026-09-29T15:14:30.737+08:00  INFO 16396 --- [seckill-system] [o-18090-exec-60] c.d.s.service.ProtectedSeckillService    : submission queued request=aaba41c0-a7f2-33b4-a075-296f0901155f
2026-09-29T15:14:30.741+08:00  INFO 16396 --- [seckill-system] [o-18090-exec-66] c.d.s.service.ProtectedSeckillService    : submission queued request=691ae562-6b56-3d98-96ad-d37d8124e6f3
2026-09-29T15:14:30.742+08:00  INFO 16396 --- [seckill-system] [o-18090-exec-17] c.d.s.service.ProtectedSeckillService    : submission queued request=33d60f61-11d6-3693-9757-9da0685b47b6
2026-09-29T15:14:30.747+08:00  INFO 16396 --- [seckill-system] [OrderListener-2] c.d.seckill.service.AsyncOrderConsumer   : order committed request=28290386-74c7-367a-942d-e2c514ac15f8 order=136840
2026-09-29T15:14:30.750+08:00  INFO 16396 --- [seckill-system] [OrderListener-1] c.d.seckill.service.AsyncOrderConsumer   : order committed request=6b8b0e87-eeef-3c1c-8e18-db7941d260a1 order=136841
2026-09-29T15:14:30.752+08:00  INFO 16396 --- [seckill-system] [o-18090-exec-21] c.d.s.service.ProtectedSeckillService    : submission queued request=994bdf98-8e23-3866-b750-369772f2f030
2026-09-29T15:14:30.755+08:00  INFO 16396 --- [seckill-system] [o-18090-exec-76] c.d.s.service.ProtectedSeckillService    : submission queued request=83766990-8026-3edf-8ca4-0ca030842527
2026-09-29T15:14:30.759+08:00  INFO 16396 --- [seckill-system] [o-18090-exec-27] c.d.s.service.ProtectedSeckillService    : submission queued request=a5190623-3e87-3c8b-8222-b8f7d3109d2a
2026-09-29T15:14:30.761+08:00  INFO 16396 --- [seckill-system] [o-18090-exec-95] c.d.s.service.ProtectedSeckillService    : submission queued request=80378996-1264-322a-9951-9519a9c0c75b
2026-09-29T15:14:30.764+08:00  INFO 16396 --- [seckill-system] [OrderListener-2] c.d.seckill.service.AsyncOrderConsumer   : order committed request=0ce30799-0a3a-3b60-af97-1dbbe227a74e order=136842
2026-09-29T15:14:30.765+08:00  INFO 16396 --- [seckill-system] [OrderListener-1] c.d.seckill.service.AsyncOrderConsumer   : order committed request=a8a6e01a-d69d-35ad-ba4c-d1a13bb2f4f0 order=136843
2026-09-29T15:14:30.767+08:00  INFO 16396 --- [seckill-system] [o-18090-exec-92] c.d.s.service.ProtectedSeckillService    : submission queued request=2c9ee62e-0fba-3bb5-8a3b-83cec11e10f4
2026-09-29T15:14:30.773+08:00  INFO 16396 --- [seckill-system] [o-18090-exec-98] c.d.s.service.ProtectedSeckillService    : submission queued request=b3eadae3-ebd6-3859-88c9-dd0d5fc6a385
2026-09-29T15:14:30.779+08:00  INFO 16396 --- [seckill-system] [o-18090-exec-10] c.d.s.service.ProtectedSeckillService    : submission queued request=a64327c1-75a8-385c-bf06-4e37cc7cca87
2026-09-29T15:14:30.783+08:00  INFO 16396 --- [seckill-system] [o-18090-exec-51] c.d.s.service.ProtectedSeckillService    : submission queued request=e7b6c47f-8c3e-35e0-8104-2ac9ae521664
2026-09-29T15:14:30.783+08:00  INFO 16396 --- [seckill-system] [OrderListener-2] c.d.seckill.service.AsyncOrderConsumer   : order committed request=dd7169d7-ac41-3fd6-8c68-357fca219784 order=136844
2026-09-29T15:14:30.783+08:00  INFO 16396 --- [seckill-system] [OrderListener-1] c.d.seckill.service.AsyncOrderConsumer   : order committed request=87c679b9-81cf-3337-8888-ad85fca17b1a order=136845
2026-09-29T15:14:30.786+08:00  INFO 16396 --- [seckill-system] [o-18090-exec-70] c.d.s.service.ProtectedSeckillService    : submission queued request=f9554598-b282-3f4b-9353-6cba4d157922
2026-09-29T15:14:30.794+08:00  INFO 16396 --- [seckill-system] [o-18090-exec-18] c.d.s.service.ProtectedSeckillService    : submission queued request=57070a21-0f0e-326b-ad43-47aac4b03c8c
2026-09-29T15:14:30.800+08:00  INFO 16396 --- [seckill-system] [o-18090-exec-68] c.d.s.service.ProtectedSeckillService    : submission queued request=f523cd5c-f7d2-37de-b634-e25e9f274b36
2026-09-29T15:14:30.805+08:00  INFO 16396 --- [seckill-system] [OrderListener-2] c.d.seckill.service.AsyncOrderConsumer   : order committed request=d41f9e04-95be-37d9-8fa6-17b8b5195cb1 order=136846
2026-09-29T15:14:30.805+08:00  INFO 16396 --- [seckill-system] [OrderListener-1] c.d.seckill.service.AsyncOrderConsumer   : order committed request=9de8b249-d7b5-3153-9d3a-afcb89012959 order=136847
2026-09-29T15:14:30.805+08:00  INFO 16396 --- [seckill-system] [o-18090-exec-41] c.d.s.service.ProtectedSeckillService    : submission queued request=0ec946c9-eb3f-3658-9ec6-da86b9adae91
2026-09-29T15:14:30.810+08:00  INFO 16396 --- [seckill-system] [o-18090-exec-17] c.d.s.service.ProtectedSeckillService    : submission queued request=51a731b5-040f-3722-9fdc-3d849088e82e
2026-09-29T15:14:30.819+08:00  INFO 16396 --- [seckill-system] [o-18090-exec-29] c.d.s.service.ProtectedSeckillService    : submission queued request=5b998372-d932-3e95-a649-b083c99785c1
2026-09-29T15:14:30.821+08:00  INFO 16396 --- [seckill-system] [o-18090-exec-19] c.d.s.service.ProtectedSeckillService    : submission queued request=1c4fa14f-f03f-393d-9002-e707bde473c7
2026-09-29T15:14:30.824+08:00  INFO 16396 --- [seckill-system] [o-18090-exec-50] c.d.s.service.ProtectedSeckillService    : submission queued request=6a451452-c04e-36ab-99eb-8e8151b0e585
2026-09-29T15:14:30.825+08:00  INFO 16396 --- [seckill-system] [OrderListener-1] c.d.seckill.service.AsyncOrderConsumer   : order committed request=dd5295f7-45dc-3b30-8cd7-50e5ce98d011 order=136849
2026-09-29T15:14:30.826+08:00  INFO 16396 --- [seckill-system] [OrderListener-2] c.d.seckill.service.AsyncOrderConsumer   : order committed request=00c5e3bc-8b75-370a-bfda-a377c4422cc7 order=136848
2026-09-29T15:14:30.827+08:00  INFO 16396 --- [seckill-system] [o-18090-exec-85] c.d.s.service.ProtectedSeckillService    : submission queued request=054793c5-517f-322f-a7c5-5aed5b53f345
2026-09-29T15:14:30.839+08:00  INFO 16396 --- [seckill-system] [o-18090-exec-62] c.d.s.service.ProtectedSeckillService    : submission queued request=829b89d8-7974-30a0-9173-b83b1509e113
2026-09-29T15:14:30.846+08:00  INFO 16396 --- [seckill-system] [io-18090-exec-5] c.d.s.service.ProtectedSeckillService    : submission queued request=c253b0b1-35ef-3de1-886b-7cdbba587f7e
2026-09-29T15:14:30.848+08:00  INFO 16396 --- [seckill-system] [o-18090-exec-44] c.d.s.service.ProtectedSeckillService    : submission queued request=9fe2cef1-3930-30d8-9e82-2c0c68b88079
2026-09-29T15:14:30.849+08:00  INFO 16396 --- [seckill-system] [o-18090-exec-53] c.d.s.service.ProtectedSeckillService    : submission queued request=6134f425-f5eb-3fcf-a9d4-ccdee4b1fe5d
2026-09-29T15:14:30.851+08:00  INFO 16396 --- [seckill-system] [OrderListener-2] c.d.seckill.service.AsyncOrderConsumer   : order committed request=f79c48db-c642-38c8-a87f-bf087308fe83 order=136851
2026-09-29T15:14:30.851+08:00  INFO 16396 --- [seckill-system] [OrderListener-1] c.d.seckill.service.AsyncOrderConsumer   : order committed request=9aa0aa31-0b17-380a-b725-53682c24f7ad order=136850
2026-09-29T15:14:30.852+08:00  INFO 16396 --- [seckill-system] [o-18090-exec-15] c.d.s.service.ProtectedSeckillService    : submission queued request=9978073a-cc50-319f-9dad-2d6abdf814e1
2026-09-29T15:14:30.856+08:00  INFO 16396 --- [seckill-system] [o-18090-exec-99] c.d.s.service.ProtectedSeckillService    : submission queued request=e89418b6-7c65-3b13-8375-40aaf703b0e1
2026-09-29T15:14:30.863+08:00  INFO 16396 --- [seckill-system] [o-18090-exec-84] c.d.s.service.ProtectedSeckillService    : submission queued request=63be55c9-c015-3488-98ae-7f55512bb439
2026-09-29T15:14:30.867+08:00  INFO 16396 --- [seckill-system] [o-18090-exec-16] c.d.s.service.ProtectedSeckillService    : submission queued request=fd5f7a0e-a471-3283-bd6f-3c398a79ca82
2026-09-29T15:14:30.874+08:00  INFO 16396 --- [seckill-system] [OrderListener-1] c.d.seckill.service.AsyncOrderConsumer   : order committed request=528cd2a0-276f-3d7d-b2af-1c3c9d9bf697 order=136853
2026-09-29T15:14:30.874+08:00  INFO 16396 --- [seckill-system] [OrderListener-2] c.d.seckill.service.AsyncOrderConsumer   : order committed request=58554ba6-5890-3cd1-9b18-1cea69b34a05 order=136852
2026-09-29T15:14:30.881+08:00  INFO 16396 --- [seckill-system] [o-18090-exec-60] c.d.s.service.ProtectedSeckillService    : submission queued request=b3cba80f-49d6-3a50-8e13-7990acc0202d
2026-09-29T15:14:30.887+08:00  INFO 16396 --- [seckill-system] [o-18090-exec-75] c.d.s.service.ProtectedSeckillService    : submission queued request=8ff34a8f-ab5d-322a-b71c-f8b5eddb9c50
2026-09-29T15:14:30.889+08:00  INFO 16396 --- [seckill-system] [o-18090-exec-68] c.d.s.service.ProtectedSeckillService    : submission queued request=d98900bf-f964-3e4b-8f53-6164c3a44891
2026-09-29T15:14:30.891+08:00  INFO 16396 --- [seckill-system] [o-18090-exec-30] c.d.s.service.ProtectedSeckillService    : submission queued request=4be111b3-6d06-3067-8045-4e73b0e5d5b1
2026-09-29T15:14:30.893+08:00  INFO 16396 --- [seckill-system] [o-18090-exec-26] c.d.s.service.ProtectedSeckillService    : submission queued request=587e0906-9667-35c5-b1e9-33c9480df449
2026-09-29T15:14:30.893+08:00  INFO 16396 --- [seckill-system] [OrderListener-2] c.d.seckill.service.AsyncOrderConsumer   : order committed request=023b040c-1974-3649-b107-7d2c725cdbee order=136854
2026-09-29T15:14:30.894+08:00  INFO 16396 --- [seckill-system] [OrderListener-1] c.d.seckill.service.AsyncOrderConsumer   : order committed request=15918186-29b6-39bd-b45b-38973ba61a3a order=136855
2026-09-29T15:14:30.898+08:00  INFO 16396 --- [seckill-system] [io-18090-exec-4] c.d.s.service.ProtectedSeckillService    : submission queued request=8cd87219-bc26-3cdf-ab2b-a9272a96d461
2026-09-29T15:14:30.902+08:00  INFO 16396 --- [seckill-system] [o-18090-exec-48] c.d.s.service.ProtectedSeckillService    : submission queued request=e28c8d1a-21c2-3e57-a9b0-500d31517748
2026-09-29T15:14:30.909+08:00  INFO 16396 --- [seckill-system] [o-18090-exec-50] c.d.s.service.ProtectedSeckillService    : submission queued request=f6d14562-e0a5-3356-8de2-1a0c42847ecd
2026-09-29T15:14:30.911+08:00  INFO 16396 --- [seckill-system] [o-18090-exec-63] c.d.s.service.ProtectedSeckillService    : submission queued request=5a5d7e8b-9d99-3f1b-b4f0-a65a44e62a86
2026-09-29T15:14:30.913+08:00  INFO 16396 --- [seckill-system] [OrderListener-1] c.d.seckill.service.AsyncOrderConsumer   : order committed request=094a9be7-d1da-391b-af37-53deb6c12d65 order=136856
2026-09-29T15:14:30.914+08:00  INFO 16396 --- [seckill-system] [OrderListener-2] c.d.seckill.service.AsyncOrderConsumer   : order committed request=b4319cfe-23e0-36a7-a10e-94d339a5b693 order=136857
2026-09-29T15:14:30.917+08:00  INFO 16396 --- [seckill-system] [o-18090-exec-91] c.d.s.service.ProtectedSeckillService    : submission queued request=551c4395-f64c-3777-8543-48879287ea37
2026-09-29T15:14:30.936+08:00  INFO 16396 --- [seckill-system] [o-18090-exec-21] c.d.s.service.ProtectedSeckillService    : submission queued request=0b35b3a2-6dce-3b05-a394-4199b80faf37
2026-09-29T15:14:30.942+08:00  INFO 16396 --- [seckill-system] [o-18090-exec-27] c.d.s.service.ProtectedSeckillService    : submission queued request=774ca9ce-92a5-3f0a-91b0-3ff0eaefc5a2
2026-09-29T15:14:30.943+08:00  INFO 16396 --- [seckill-system] [o-18090-exec-74] c.d.s.service.ProtectedSeckillService    : submission queued request=925ba02f-e707-3d6f-b9b2-bd6eb62b9f7e
2026-09-29T15:14:30.944+08:00  INFO 16396 --- [seckill-system] [o-18090-exec-75] c.d.s.service.ProtectedSeckillService    : submission queued request=f5e4211f-7dda-340b-af42-19cd064d3f98
2026-09-29T15:14:30.944+08:00  INFO 16396 --- [seckill-system] [io-18090-exec-8] c.d.s.service.ProtectedSeckillService    : submission queued request=ec120c2a-98db-3fc5-9495-7dd70d150329
2026-09-29T15:14:30.945+08:00  INFO 16396 --- [seckill-system] [OrderListener-1] c.d.seckill.service.AsyncOrderConsumer   : order committed request=ff4204f8-538b-3e6d-8c02-3d76fd486493 order=136859
2026-09-29T15:14:30.945+08:00  INFO 16396 --- [seckill-system] [OrderListener-2] c.d.seckill.service.AsyncOrderConsumer   : order committed request=2e6404d9-c4c5-3bb7-b484-330bbb978aeb order=136858
2026-09-29T15:14:30.947+08:00  INFO 16396 --- [seckill-system] [o-18090-exec-67] c.d.s.service.ProtectedSeckillService    : submission queued request=7ce67065-0fca-39db-a7f6-4f1dc6b47e8d
2026-09-29T15:14:30.951+08:00  INFO 16396 --- [seckill-system] [o-18090-exec-30] c.d.s.service.ProtectedSeckillService    : submission queued request=c2aeef98-68e8-3b0b-83ad-71e6fe2f56bc
2026-09-29T15:14:30.988+08:00  INFO 16396 --- [seckill-system] [o-18090-exec-99] c.d.s.service.ProtectedSeckillService    : submission queued request=15671298-8a52-3462-9332-8931c8b9cbe5
2026-09-29T15:14:30.991+08:00  INFO 16396 --- [seckill-system] [o-18090-exec-28] c.d.s.service.ProtectedSeckillService    : submission queued request=d7434a40-979f-3ab8-9aa2-c020a73438f6
2026-09-29T15:14:30.993+08:00  INFO 16396 --- [seckill-system] [OrderListener-1] c.d.seckill.service.AsyncOrderConsumer   : order committed request=7f72a9a2-bc9c-3bfa-8a1a-c761bf668bcf order=136860
2026-09-29T15:14:30.994+08:00  INFO 16396 --- [seckill-system] [OrderListener-2] c.d.seckill.service.AsyncOrderConsumer   : order committed request=48e25cdd-1362-3472-8b77-4845908ce9d0 order=136861
2026-09-29T15:14:30.994+08:00  INFO 16396 --- [seckill-system] [io-18090-exec-4] c.d.s.service.ProtectedSeckillService    : submission queued request=7daacb6c-56c9-3502-abfb-f4efad88957b
2026-09-29T15:14:30.997+08:00  INFO 16396 --- [seckill-system] [o-18090-exec-11] c.d.s.service.ProtectedSeckillService    : submission queued request=249ac501-a87d-3fff-aaad-0a652ebb135f
2026-09-29T15:14:30.997+08:00  INFO 16396 --- [seckill-system] [o-18090-exec-40] c.d.s.service.ProtectedSeckillService    : submission queued request=b5c0e24b-e7b7-3647-9cba-3eadc51d90d6
2026-09-29T15:14:30.997+08:00  INFO 16396 --- [seckill-system] [o-18090-exec-48] c.d.s.service.ProtectedSeckillService    : submission queued request=95447359-38a2-37ea-a873-eef8f6251c85
2026-09-29T15:14:30.997+08:00  INFO 16396 --- [seckill-system] [o-18090-exec-61] c.d.s.service.ProtectedSeckillService    : submission queued request=d648980a-fff5-3d8c-86dd-e20c0358ca6a
2026-09-29T15:14:30.998+08:00  INFO 16396 --- [seckill-system] [o-18090-exec-34] c.d.s.service.ProtectedSeckillService    : submission queued request=bc41bc72-6e59-31dd-9df7-1c0f42112ace
2026-09-29T15:14:30.999+08:00  INFO 16396 --- [seckill-system] [o-18090-exec-32] c.d.s.service.ProtectedSeckillService    : submission queued request=83c2853d-ebe7-3f54-8230-ece32ec90f20
2026-09-29T15:14:31.001+08:00  INFO 16396 --- [seckill-system] [o-18090-exec-90] c.d.s.service.ProtectedSeckillService    : submission queued request=70c3fd1c-074b-36b3-b637-212652368f06
2026-09-29T15:14:31.006+08:00  INFO 16396 --- [seckill-system] [o-18090-exec-54] c.d.s.service.ProtectedSeckillService    : submission queued request=6cdfa070-15a4-35eb-9a12-686da330fdef
2026-09-29T15:14:31.012+08:00  INFO 16396 --- [seckill-system] [o-18090-exec-23] c.d.s.service.ProtectedSeckillService    : submission queued request=9520f275-4d55-30b1-8aa4-18f6a2b341d9
2026-09-29T15:14:31.013+08:00  INFO 16396 --- [seckill-system] [OrderListener-1] c.d.seckill.service.AsyncOrderConsumer   : order committed request=88229635-9d0d-33bc-983c-305a29d7c2f2 order=136863
2026-09-29T15:14:31.013+08:00  INFO 16396 --- [seckill-system] [OrderListener-2] c.d.seckill.service.AsyncOrderConsumer   : order committed request=a58265fd-d1b7-3735-ab8b-6380ff9cedaa order=136862
2026-09-29T15:14:31.017+08:00  INFO 16396 --- [seckill-system] [o-18090-exec-77] c.d.s.service.ProtectedSeckillService    : submission queued request=78cde0d5-3e53-375a-8165-1f5db4318624
2026-09-29T15:14:31.022+08:00  INFO 16396 --- [seckill-system] [o-18090-exec-75] c.d.s.service.ProtectedSeckillService    : submission queued request=d930d2bb-0cff-35a2-8725-dbd8e6a92aba
2026-09-29T15:14:31.027+08:00  INFO 16396 --- [seckill-system] [o-18090-exec-39] c.d.s.service.ProtectedSeckillService    : submission queued request=436cfe75-7476-3589-9b9b-f9ee956e69c9
2026-09-29T15:14:31.031+08:00  INFO 16396 --- [seckill-system] [OrderListener-1] c.d.seckill.service.AsyncOrderConsumer   : order committed request=af398615-32f9-3536-8cb2-87b9e8e7db8e order=136865
2026-09-29T15:14:31.033+08:00  INFO 16396 --- [seckill-system] [o-18090-exec-51] c.d.s.service.ProtectedSeckillService    : submission queued request=7ee222c2-9f52-3d2e-88cf-de64929b0e97
2026-09-29T15:14:31.033+08:00  INFO 16396 --- [seckill-system] [OrderListener-2] c.d.seckill.service.AsyncOrderConsumer   : order committed request=227ba1c7-8a7e-3c22-bb99-dc10137bf7ea order=136864
2026-09-29T15:14:31.037+08:00  INFO 16396 --- [seckill-system] [o-18090-exec-16] c.d.s.service.ProtectedSeckillService    : submission queued request=edc33ce8-a098-3d5d-9752-20c912f4cfba
2026-09-29T15:14:31.044+08:00  INFO 16396 --- [seckill-system] [io-18090-exec-9] c.d.s.service.ProtectedSeckillService    : submission queued request=c7861fcc-b19d-3ef5-95d4-67d493351221
2026-09-29T15:14:31.050+08:00  INFO 16396 --- [seckill-system] [o-18090-exec-51] c.d.s.service.ProtectedSeckillService    : submission queued request=b92e0105-ce37-39d2-8cd4-b5483c6dd774
2026-09-29T15:14:31.052+08:00  INFO 16396 --- [seckill-system] [OrderListener-2] c.d.seckill.service.AsyncOrderConsumer   : order committed request=c2d3f8b1-ea66-359a-969d-8c912bb90898 order=136867
2026-09-29T15:14:31.052+08:00  INFO 16396 --- [seckill-system] [OrderListener-1] c.d.seckill.service.AsyncOrderConsumer   : order committed request=0a6ee0f4-c5ec-32b7-9ec2-4df9da96cdbd order=136866
2026-09-29T15:14:31.058+08:00  INFO 16396 --- [seckill-system] [o-18090-exec-64] c.d.s.service.ProtectedSeckillService    : submission queued request=7fdf5e52-a875-3e66-8509-dcb727e687fd
2026-09-29T15:14:31.058+08:00  INFO 16396 --- [seckill-system] [o-18090-exec-82] c.d.s.service.ProtectedSeckillService    : submission queued request=3c34450e-a973-3c2b-aa05-280776bbf284
2026-09-29T15:14:31.061+08:00  INFO 16396 --- [seckill-system] [o-18090-exec-67] c.d.s.service.ProtectedSeckillService    : submission queued request=3ec931d5-ae6a-3a2a-8a33-e5093bbb3f95
2026-09-29T15:14:31.067+08:00  INFO 16396 --- [seckill-system] [o-18090-exec-10] c.d.s.service.ProtectedSeckillService    : submission queued request=6114e375-e943-3428-aec0-afb0dc33024c
2026-09-29T15:14:31.069+08:00  INFO 16396 --- [seckill-system] [OrderListener-2] c.d.seckill.service.AsyncOrderConsumer   : order committed request=672b7f1f-1955-3a4c-b965-d222480d9290 order=136868
2026-09-29T15:14:31.070+08:00  INFO 16396 --- [seckill-system] [OrderListener-1] c.d.seckill.service.AsyncOrderConsumer   : order committed request=07dff728-3a01-31e7-a75b-306084b35863 order=136869
2026-09-29T15:14:31.075+08:00  INFO 16396 --- [seckill-system] [o-18090-exec-99] c.d.s.service.ProtectedSeckillService    : submission queued request=05ef232b-44e6-31aa-88ff-e6bbf5100d3e
2026-09-29T15:14:31.079+08:00  INFO 16396 --- [seckill-system] [io-18090-exec-3] c.d.s.service.ProtectedSeckillService    : submission queued request=d97191b4-ad78-370d-a605-4797c2086bdb
2026-09-29T15:14:31.085+08:00  INFO 16396 --- [seckill-system] [o-18090-exec-55] c.d.s.service.ProtectedSeckillService    : submission queued request=d59547f8-4ae9-3050-bed5-c9537959a231
2026-09-29T15:14:31.087+08:00  INFO 16396 --- [seckill-system] [OrderListener-2] c.d.seckill.service.AsyncOrderConsumer   : order committed request=9814b887-a2ed-3862-ba22-4b6b9877de1f order=136870
2026-09-29T15:14:31.088+08:00  INFO 16396 --- [seckill-system] [o-18090-exec-73] c.d.s.service.ProtectedSeckillService    : submission queued request=4116db98-8943-3d6b-b634-796e7e661393
2026-09-29T15:14:31.089+08:00  INFO 16396 --- [seckill-system] [OrderListener-1] c.d.seckill.service.AsyncOrderConsumer   : order committed request=e295b40e-4c1c-3144-8819-4a38b57fa9eb order=136871
2026-09-29T15:14:31.091+08:00  INFO 16396 --- [seckill-system] [o-18090-exec-68] c.d.s.service.ProtectedSeckillService    : submission queued request=36d0408b-6654-3fd2-866f-68d345bf6c51
2026-09-29T15:14:31.095+08:00  INFO 16396 --- [seckill-system] [o-18090-exec-69] c.d.s.service.ProtectedSeckillService    : submission queued request=9ebc35e1-df4b-3818-9340-832782ed680c
2026-09-29T15:14:31.100+08:00  INFO 16396 --- [seckill-system] [o-18090-exec-77] c.d.s.service.ProtectedSeckillService    : submission queued request=14c8ae20-a6d7-373c-b1f9-8b3fe8745c3d
2026-09-29T15:14:31.104+08:00  INFO 16396 --- [seckill-system] [OrderListener-2] c.d.seckill.service.AsyncOrderConsumer   : order committed request=9229b468-4885-31c3-b20b-d8a3dad0242b order=136872
2026-09-29T15:14:31.105+08:00  INFO 16396 --- [seckill-system] [OrderListener-1] c.d.seckill.service.AsyncOrderConsumer   : order committed request=03c53f85-2380-38fc-97a1-7e2743ee3ff9 order=136873
2026-09-29T15:14:31.105+08:00  INFO 16396 --- [seckill-system] [o-18090-exec-67] c.d.s.service.ProtectedSeckillService    : submission queued request=b831b109-1354-319e-8d40-149a0e75e27c
2026-09-29T15:14:31.110+08:00  INFO 16396 --- [seckill-system] [o-18090-exec-10] c.d.s.service.ProtectedSeckillService    : submission queued request=21baef69-82a4-3801-9899-846a8770869a
2026-09-29T15:14:31.117+08:00  INFO 16396 --- [seckill-system] [o-18090-exec-46] c.d.s.service.ProtectedSeckillService    : submission queued request=e39acd1d-5b5e-3ddb-8e5e-dd014d66fecd
2026-09-29T15:14:31.118+08:00  INFO 16396 --- [seckill-system] [OrderListener-1] c.d.seckill.service.AsyncOrderConsumer   : order committed request=cf478f73-96fa-30a3-b739-6ee8d8953e4b order=136875
2026-09-29T15:14:31.119+08:00  INFO 16396 --- [seckill-system] [OrderListener-2] c.d.seckill.service.AsyncOrderConsumer   : order committed request=e33970dd-71ed-3e6f-a0bb-752d1d56f843 order=136874
2026-09-29T15:14:31.122+08:00  INFO 16396 --- [seckill-system] [o-18090-exec-95] c.d.s.service.ProtectedSeckillService    : submission queued request=24609cf7-a9e5-3735-bf48-6bdeb8be723c
2026-09-29T15:14:31.125+08:00  INFO 16396 --- [seckill-system] [o-18090-exec-20] c.d.s.service.ProtectedSeckillService    : submission queued request=047a7bdd-c0b0-36d8-8d86-ddfb535c1afa
2026-09-29T15:14:31.132+08:00  INFO 16396 --- [seckill-system] [o-18090-exec-49] c.d.s.service.ProtectedSeckillService    : submission queued request=087fb592-bb77-3b6b-9318-bec1cdc2af7f
2026-09-29T15:14:31.135+08:00  INFO 16396 --- [seckill-system] [OrderListener-2] c.d.seckill.service.AsyncOrderConsumer   : order committed request=d49760f8-f4b9-3fda-9e7c-27cc29b03b38 order=136877
2026-09-29T15:14:31.136+08:00  INFO 16396 --- [seckill-system] [o-18090-exec-13] c.d.s.service.ProtectedSeckillService    : submission queued request=20620015-5fc4-39b0-94af-90a9287c64d2
2026-09-29T15:14:31.136+08:00  INFO 16396 --- [seckill-system] [OrderListener-1] c.d.seckill.service.AsyncOrderConsumer   : order committed request=5e6e43ca-190e-3e4b-9ff7-4fadbdb02cad order=136876
2026-09-29T15:14:31.140+08:00  INFO 16396 --- [seckill-system] [o-18090-exec-85] c.d.s.service.ProtectedSeckillService    : submission queued request=607cccb2-80c9-33a2-86c7-e6efac9c1a36
2026-09-29T15:14:31.147+08:00  INFO 16396 --- [seckill-system] [o-18090-exec-52] c.d.s.service.ProtectedSeckillService    : submission queued request=e5a73835-15c0-3a4b-a6db-b8fbf26b60c8
2026-09-29T15:14:31.150+08:00  INFO 16396 --- [seckill-system] [o-18090-exec-81] c.d.s.service.ProtectedSeckillService    : submission queued request=3c3c9fc9-85b3-3143-91a9-49c9e7cf449a
2026-09-29T15:14:31.151+08:00  INFO 16396 --- [seckill-system] [OrderListener-2] c.d.seckill.service.AsyncOrderConsumer   : order committed request=fb01702b-9b01-3bb0-8cb9-ee1b0e6fe1dd order=136879
2026-09-29T15:14:31.151+08:00  INFO 16396 --- [seckill-system] [OrderListener-1] c.d.seckill.service.AsyncOrderConsumer   : order committed request=04a28a8e-d418-3021-a480-1b0e0f0c8799 order=136878
2026-09-29T15:14:31.155+08:00  INFO 16396 --- [seckill-system] [o-18090-exec-85] c.d.s.service.ProtectedSeckillService    : submission queued request=8c277549-60bf-306a-9fed-34031f44b7c4
2026-09-29T15:14:31.161+08:00  INFO 16396 --- [seckill-system] [o-18090-exec-23] c.d.s.service.ProtectedSeckillService    : submission queued request=614ec2c6-79ff-395e-abee-a79ffa2c3aa5
2026-09-29T15:14:31.166+08:00  INFO 16396 --- [seckill-system] [OrderListener-2] c.d.seckill.service.AsyncOrderConsumer   : order committed request=cd44a3a5-1c71-3458-8e44-2f7c465d406f order=136880
2026-09-29T15:14:31.166+08:00  INFO 16396 --- [seckill-system] [o-18090-exec-73] c.d.s.service.ProtectedSeckillService    : submission queued request=bb6e3e78-b245-3d80-b07d-86ee6e9ea66a
2026-09-29T15:14:31.167+08:00  INFO 16396 --- [seckill-system] [OrderListener-1] c.d.seckill.service.AsyncOrderConsumer   : order committed request=358d2312-9073-3bde-bf33-db6e29cbd1d5 order=136881
2026-09-29T15:14:31.170+08:00  INFO 16396 --- [seckill-system] [o-18090-exec-69] c.d.s.service.ProtectedSeckillService    : submission queued request=a739e58b-43aa-3eb3-9ffa-0497fdb5210f
2026-09-29T15:14:31.177+08:00  INFO 16396 --- [seckill-system] [o-18090-exec-84] c.d.s.service.ProtectedSeckillService    : submission queued request=5aad20b8-48c7-3e1f-b7c8-44ac0dc39a2b
2026-09-29T15:14:31.180+08:00  INFO 16396 --- [seckill-system] [o-18090-exec-14] c.d.s.service.ProtectedSeckillService    : submission queued request=2641b75c-e9ff-3167-aa0f-4def9a4c472d
2026-09-29T15:14:31.182+08:00  INFO 16396 --- [seckill-system] [OrderListener-1] c.d.seckill.service.AsyncOrderConsumer   : order committed request=f07262bb-d1a3-38b3-8527-c08e38d209f7 order=136883
2026-09-29T15:14:31.182+08:00  INFO 16396 --- [seckill-system] [OrderListener-2] c.d.seckill.service.AsyncOrderConsumer   : order committed request=4c0d8817-d929-37fb-991a-bb597fc9bf96 order=136882
2026-09-29T15:14:31.185+08:00  INFO 16396 --- [seckill-system] [o-18090-exec-80] c.d.s.service.ProtectedSeckillService    : submission queued request=92387710-6697-390b-9c37-0aa04c80515c
2026-09-29T15:14:31.192+08:00  INFO 16396 --- [seckill-system] [o-18090-exec-40] c.d.s.service.ProtectedSeckillService    : submission queued request=5de3110b-c2d2-3d06-aae3-4f9893494ae3
2026-09-29T15:14:31.197+08:00  INFO 16396 --- [seckill-system] [o-18090-exec-46] c.d.s.service.ProtectedSeckillService    : submission queued request=3d5a7fd3-4e2d-3488-8735-2c2bb819aebf
2026-09-29T15:14:31.198+08:00  INFO 16396 --- [seckill-system] [OrderListener-2] c.d.seckill.service.AsyncOrderConsumer   : order committed request=a949026f-836b-3e88-9d16-53d23146e51c order=136884
2026-09-29T15:14:31.200+08:00  INFO 16396 --- [seckill-system] [o-18090-exec-26] c.d.s.service.ProtectedSeckillService    : submission queued request=cfe54a74-20b1-35ab-a33f-0c833aa245b5
2026-09-29T15:14:31.201+08:00  INFO 16396 --- [seckill-system] [OrderListener-1] c.d.seckill.service.AsyncOrderConsumer   : order committed request=3019b68c-9763-3227-bcfa-08c5b4e3415b order=136885
2026-09-29T15:14:31.210+08:00  INFO 16396 --- [seckill-system] [o-18090-exec-82] c.d.s.service.ProtectedSeckillService    : submission queued request=e7550d9a-f55b-3a30-8017-23f07d953436
2026-09-29T15:14:31.212+08:00  INFO 16396 --- [seckill-system] [o-18090-exec-18] c.d.s.service.ProtectedSeckillService    : submission queued request=707dd095-ebbd-3025-a030-85c68f079791
2026-09-29T15:14:31.215+08:00  INFO 16396 --- [seckill-system] [o-18090-exec-28] c.d.s.service.ProtectedSeckillService    : submission queued request=5f67a95c-2bc7-35f9-a9c3-c822c7d66d0a
2026-09-29T15:14:31.217+08:00  INFO 16396 --- [seckill-system] [OrderListener-2] c.d.seckill.service.AsyncOrderConsumer   : order committed request=16eef621-d422-38bb-a735-865410470031 order=136886
2026-09-29T15:14:31.217+08:00  INFO 16396 --- [seckill-system] [OrderListener-1] c.d.seckill.service.AsyncOrderConsumer   : order committed request=4efd3d30-9817-3a61-821c-42aaed2fba5e order=136887
2026-09-29T15:14:31.223+08:00  INFO 16396 --- [seckill-system] [o-18090-exec-16] c.d.s.service.ProtectedSeckillService    : submission queued request=c2c8c07c-e5fa-3a88-a1be-8b8bf3b43b35
2026-09-29T15:14:31.226+08:00  INFO 16396 --- [seckill-system] [o-18090-exec-99] c.d.s.service.ProtectedSeckillService    : submission queued request=c5277d85-f694-3d3a-904a-b8036ceb3c3a
2026-09-29T15:14:31.230+08:00  INFO 16396 --- [seckill-system] [o-18090-exec-36] c.d.s.service.ProtectedSeckillService    : submission queued request=170c932f-224d-3d82-9b10-ad957a793ed4
2026-09-29T15:14:31.233+08:00  INFO 16396 --- [seckill-system] [OrderListener-1] c.d.seckill.service.AsyncOrderConsumer   : order committed request=60a10ec5-9408-3675-ad11-3190a1479604 order=136888
2026-09-29T15:14:31.234+08:00  INFO 16396 --- [seckill-system] [OrderListener-2] c.d.seckill.service.AsyncOrderConsumer   : order committed request=8ad07134-04b2-395e-bcf2-f3fa6c2793a6 order=136889
2026-09-29T15:14:31.234+08:00  INFO 16396 --- [seckill-system] [o-18090-exec-94] c.d.s.service.ProtectedSeckillService    : submission queued request=75516cad-9a8c-34e7-8edc-22460a3cf172
2026-09-29T15:14:31.241+08:00  INFO 16396 --- [seckill-system] [o-18090-exec-30] c.d.s.service.ProtectedSeckillService    : submission queued request=b05f6e30-aab0-33e0-974d-ae9f8139f5ac
2026-09-29T15:14:31.246+08:00  INFO 16396 --- [seckill-system] [o-18090-exec-66] c.d.s.service.ProtectedSeckillService    : submission queued request=153a6f4c-a64c-3197-b688-f8753b58ccc0
2026-09-29T15:14:31.248+08:00  INFO 16396 --- [seckill-system] [OrderListener-1] c.d.seckill.service.AsyncOrderConsumer   : order committed request=36578e2e-5ea4-36b3-a70f-d8390fc16540 order=136890
2026-09-29T15:14:31.250+08:00  INFO 16396 --- [seckill-system] [OrderListener-2] c.d.seckill.service.AsyncOrderConsumer   : order committed request=4523e04d-7d6e-3bc7-a225-42b583198509 order=136891
2026-09-29T15:14:31.251+08:00  INFO 16396 --- [seckill-system] [o-18090-exec-13] c.d.s.service.ProtectedSeckillService    : submission queued request=c46f5feb-9199-3758-a736-8a642995e0e9
2026-09-29T15:14:31.254+08:00  INFO 16396 --- [seckill-system] [o-18090-exec-86] c.d.s.service.ProtectedSeckillService    : submission queued request=dd8bf115-f08e-306a-b25e-00e168c50830
2026-09-29T15:14:31.281+08:00  INFO 16396 --- [seckill-system] [o-18090-exec-62] c.d.s.service.ProtectedSeckillService    : submission queued request=8d206691-802f-3d08-972c-2f8d9657665b
2026-09-29T15:14:31.282+08:00  INFO 16396 --- [seckill-system] [OrderListener-1] c.d.seckill.service.AsyncOrderConsumer   : order committed request=6ad43e21-e12f-3e8f-8526-03e1a827eba3 order=136892
2026-09-29T15:14:31.282+08:00  INFO 16396 --- [seckill-system] [-18090-exec-100] c.d.s.service.ProtectedSeckillService    : submission queued request=8e5aa372-87b5-3fb7-8796-1f194ed6982d
2026-09-29T15:14:31.283+08:00  INFO 16396 --- [seckill-system] [o-18090-exec-70] c.d.s.service.ProtectedSeckillService    : submission queued request=1cc8695b-e836-30e6-9541-aa6ce65a8581
2026-09-29T15:14:31.283+08:00  INFO 16396 --- [seckill-system] [o-18090-exec-75] c.d.s.service.ProtectedSeckillService    : submission queued request=f59e4950-3a64-3982-9b3b-b9e8f5bcdf78
2026-09-29T15:14:31.283+08:00  INFO 16396 --- [seckill-system] [o-18090-exec-72] c.d.s.service.ProtectedSeckillService    : submission queued request=1b7938c6-9f4a-3035-8a37-5e586d44b110
2026-09-29T15:14:31.283+08:00  INFO 16396 --- [seckill-system] [OrderListener-2] c.d.seckill.service.AsyncOrderConsumer   : order committed request=249af981-ef2e-3496-b383-489c26ee75ec order=136893
2026-09-29T15:14:31.286+08:00  INFO 16396 --- [seckill-system] [o-18090-exec-77] c.d.s.service.ProtectedSeckillService    : submission queued request=3719698e-0501-37b1-b2eb-e9719a605d1f
2026-09-29T15:14:31.290+08:00  INFO 16396 --- [seckill-system] [o-18090-exec-39] c.d.s.service.ProtectedSeckillService    : submission queued request=3d6d746f-3431-3351-9953-7c72ed4377e2
2026-09-29T15:14:31.297+08:00  INFO 16396 --- [seckill-system] [o-18090-exec-11] c.d.s.service.ProtectedSeckillService    : submission queued request=66b5612a-cb47-37c8-979b-f5bde4e76a2d
2026-09-29T15:14:31.297+08:00  INFO 16396 --- [seckill-system] [OrderListener-1] c.d.seckill.service.AsyncOrderConsumer   : order committed request=a1be6858-24e8-38aa-a418-421df072ea10 order=136894
2026-09-29T15:14:31.298+08:00  INFO 16396 --- [seckill-system] [OrderListener-2] c.d.seckill.service.AsyncOrderConsumer   : order committed request=17adf58a-9f6f-39e9-b742-013dbc0426dc order=136895
2026-09-29T15:14:31.300+08:00  INFO 16396 --- [seckill-system] [io-18090-exec-5] c.d.s.service.ProtectedSeckillService    : submission queued request=d5ec6073-a0d8-3451-853d-dd06344921cb
2026-09-29T15:14:31.305+08:00  INFO 16396 --- [seckill-system] [o-18090-exec-87] c.d.s.service.ProtectedSeckillService    : submission queued request=d1136e6a-a512-39ca-b6de-a47c5829664f
2026-09-29T15:14:31.310+08:00  INFO 16396 --- [seckill-system] [o-18090-exec-81] c.d.s.service.ProtectedSeckillService    : submission queued request=a6ed1f7f-f2ad-3b2a-a35c-1e2f61c694c8
2026-09-29T15:14:31.313+08:00  INFO 16396 --- [seckill-system] [OrderListener-2] c.d.seckill.service.AsyncOrderConsumer   : order committed request=8fca87d2-d466-31a5-bf48-aaed5c0bf411 order=136897
2026-09-29T15:14:31.314+08:00  INFO 16396 --- [seckill-system] [OrderListener-1] c.d.seckill.service.AsyncOrderConsumer   : order committed request=cbeb01bb-e096-3b2c-8aa1-8897ce2cf0ba order=136896
2026-09-29T15:14:31.318+08:00  INFO 16396 --- [seckill-system] [o-18090-exec-29] c.d.s.service.ProtectedSeckillService    : submission queued request=3dcdb6c5-8567-377c-9872-045f8ac54947
2026-09-29T15:14:31.322+08:00  INFO 16396 --- [seckill-system] [o-18090-exec-98] c.d.s.service.ProtectedSeckillService    : submission queued request=67ad1929-d9ba-333b-9065-0faf9599c562
2026-09-29T15:14:31.327+08:00  INFO 16396 --- [seckill-system] [o-18090-exec-70] c.d.s.service.ProtectedSeckillService    : submission queued request=18c71f66-ddf7-3a98-9e30-1135c12dacf2
2026-09-29T15:14:31.333+08:00  INFO 16396 --- [seckill-system] [OrderListener-2] c.d.seckill.service.AsyncOrderConsumer   : order committed request=2135856e-9f98-31c8-812a-ac209f0136bf order=136898
2026-09-29T15:14:31.333+08:00  INFO 16396 --- [seckill-system] [OrderListener-1] c.d.seckill.service.AsyncOrderConsumer   : order committed request=ced406ed-5086-3994-8f3c-70220dd7d35a order=136899
2026-09-29T15:14:31.336+08:00  INFO 16396 --- [seckill-system] [o-18090-exec-71] c.d.s.service.ProtectedSeckillService    : submission queued request=e52bcdd0-d439-3a10-95a3-c62c97fab424
2026-09-29T15:14:31.339+08:00  INFO 16396 --- [seckill-system] [io-18090-exec-3] c.d.s.service.ProtectedSeckillService    : submission queued request=a6119c91-89a4-386d-8844-36245fcbab81
2026-09-29T15:14:31.345+08:00  INFO 16396 --- [seckill-system] [o-18090-exec-48] c.d.s.service.ProtectedSeckillService    : submission queued request=d66a0ad7-43be-36fa-8cf6-6afe51c44fbe
2026-09-29T15:14:31.349+08:00  INFO 16396 --- [seckill-system] [o-18090-exec-57] c.d.s.service.ProtectedSeckillService    : submission queued request=01e0114a-d21e-39cd-abda-22cbbc2aad68
2026-09-29T15:14:31.350+08:00  INFO 16396 --- [seckill-system] [OrderListener-2] c.d.seckill.service.AsyncOrderConsumer   : order committed request=0ae0f71e-f42a-3e70-b6e0-10cd440e5988 order=136900
2026-09-29T15:14:31.352+08:00  INFO 16396 --- [seckill-system] [o-18090-exec-88] c.d.s.service.ProtectedSeckillService    : submission queued request=1afb7d8e-c6a6-31da-826d-f3598e414ee3
2026-09-29T15:14:31.353+08:00  INFO 16396 --- [seckill-system] [OrderListener-1] c.d.seckill.service.AsyncOrderConsumer   : order committed request=b6342b91-d765-3c45-95fe-251fe1bda777 order=136901
2026-09-29T15:14:31.359+08:00  INFO 16396 --- [seckill-system] [o-18090-exec-20] c.d.s.service.ProtectedSeckillService    : submission queued request=68f422fb-bed7-3646-a7d0-7b7bb8a9b14b
2026-09-29T15:14:31.361+08:00  INFO 16396 --- [seckill-system] [o-18090-exec-65] c.d.s.service.ProtectedSeckillService    : submission queued request=696c4075-edfe-3823-b848-c7808ed5695c
2026-09-29T15:14:31.365+08:00  INFO 16396 --- [seckill-system] [o-18090-exec-30] c.d.s.service.ProtectedSeckillService    : submission queued request=50b082af-c8a8-394d-b2f2-b65ebfe8579a
2026-09-29T15:14:31.366+08:00  INFO 16396 --- [seckill-system] [OrderListener-2] c.d.seckill.service.AsyncOrderConsumer   : order committed request=cc52cf05-f399-3e55-aa89-2189a529e6c5 order=136902
2026-09-29T15:14:31.370+08:00  INFO 16396 --- [seckill-system] [o-18090-exec-41] c.d.s.service.ProtectedSeckillService    : submission queued request=7835901c-b130-3b40-8816-14ae05ae391b
2026-09-29T15:14:31.371+08:00  INFO 16396 --- [seckill-system] [OrderListener-1] c.d.seckill.service.AsyncOrderConsumer   : order committed request=a72a76aa-b553-30d7-82a7-f390d842ad92 order=136903
2026-09-29T15:14:31.383+08:00  INFO 16396 --- [seckill-system] [o-18090-exec-92] c.d.s.service.ProtectedSeckillService    : submission queued request=70b98632-08cc-3c85-8c1b-5056c5541ea8
2026-09-29T15:14:31.383+08:00  INFO 16396 --- [seckill-system] [OrderListener-2] c.d.seckill.service.AsyncOrderConsumer   : order committed request=281b81ea-11e7-3b49-ba85-7179ba7a4ecc order=136904
2026-09-29T15:14:31.384+08:00  INFO 16396 --- [seckill-system] [o-18090-exec-40] c.d.s.service.ProtectedSeckillService    : submission queued request=455de842-a224-3d6c-b165-8057f46b345a
2026-09-29T15:14:31.386+08:00  INFO 16396 --- [seckill-system] [OrderListener-1] c.d.seckill.service.AsyncOrderConsumer   : order committed request=8634d648-3853-3547-b6b7-1579403f555d order=136905
2026-09-29T15:14:31.387+08:00  INFO 16396 --- [seckill-system] [io-18090-exec-8] c.d.s.service.ProtectedSeckillService    : submission queued request=3cbc0797-fcc2-349c-8507-057f2ae491ae
2026-09-29T15:14:31.391+08:00  INFO 16396 --- [seckill-system] [o-18090-exec-79] c.d.s.service.ProtectedSeckillService    : submission queued request=89170c13-563f-3028-af31-607ef33f89ec
2026-09-29T15:14:31.396+08:00  INFO 16396 --- [seckill-system] [io-18090-exec-9] c.d.s.service.ProtectedSeckillService    : submission queued request=d790985a-aa2d-31bf-9012-891abbe5ca7e
2026-09-29T15:14:31.401+08:00  INFO 16396 --- [seckill-system] [OrderListener-2] c.d.seckill.service.AsyncOrderConsumer   : order committed request=100e8f5f-7efb-34d5-8789-29612973fbb8 order=136906
2026-09-29T15:14:31.402+08:00  INFO 16396 --- [seckill-system] [o-18090-exec-45] c.d.s.service.ProtectedSeckillService    : submission queued request=9e4177a3-6ab1-35bf-be1c-100e9a9f5dda
2026-09-29T15:14:31.404+08:00  INFO 16396 --- [seckill-system] [OrderListener-1] c.d.seckill.service.AsyncOrderConsumer   : order committed request=4cfa4617-5bbc-3106-8aa6-3658294a3b44 order=136907
2026-09-29T15:14:31.406+08:00  INFO 16396 --- [seckill-system] [o-18090-exec-69] c.d.s.service.ProtectedSeckillService    : submission queued request=029331bf-7cbc-3106-bd97-4a3113f0e6c8
2026-09-29T15:14:31.412+08:00  INFO 16396 --- [seckill-system] [o-18090-exec-83] c.d.s.service.ProtectedSeckillService    : submission queued request=c56af638-6853-3c03-a953-9252e31ac95d
2026-09-29T15:14:31.414+08:00  INFO 16396 --- [seckill-system] [o-18090-exec-96] c.d.s.service.ProtectedSeckillService    : submission queued request=f311b4c9-45a8-3e1c-9e72-23afda3aa5e8
2026-09-29T15:14:31.418+08:00  INFO 16396 --- [seckill-system] [OrderListener-2] c.d.seckill.service.AsyncOrderConsumer   : order committed request=7ffea5dc-fa5c-3b06-8866-36321d48d659 order=136908
2026-09-29T15:14:31.419+08:00  INFO 16396 --- [seckill-system] [OrderListener-1] c.d.seckill.service.AsyncOrderConsumer   : order committed request=8d006f01-14d4-3bad-9e18-89d67a20d14e order=136909
2026-09-29T15:14:31.420+08:00  INFO 16396 --- [seckill-system] [o-18090-exec-47] c.d.s.service.ProtectedSeckillService    : submission queued request=9e992cfb-d9ec-3c11-86a1-bcc3601adec2
2026-09-29T15:14:31.426+08:00  INFO 16396 --- [seckill-system] [o-18090-exec-91] c.d.s.service.ProtectedSeckillService    : submission queued request=befa6a18-a26c-35c4-9a38-22cf14e0091b
2026-09-29T15:14:31.430+08:00  INFO 16396 --- [seckill-system] [o-18090-exec-19] c.d.s.service.ProtectedSeckillService    : submission queued request=f8b3b03a-354a-377d-93d0-52d1a08e59a7
2026-09-29T15:14:31.432+08:00  INFO 16396 --- [seckill-system] [OrderListener-2] c.d.seckill.service.AsyncOrderConsumer   : order committed request=1ca86ac5-f438-303d-9f66-defa907bb11d order=136910
2026-09-29T15:14:31.433+08:00  INFO 16396 --- [seckill-system] [OrderListener-1] c.d.seckill.service.AsyncOrderConsumer   : order committed request=a622b4d7-4af5-3428-9cfe-c9bd86c9a5da order=136911
2026-09-29T15:14:31.435+08:00  INFO 16396 --- [seckill-system] [o-18090-exec-48] c.d.s.service.ProtectedSeckillService    : submission queued request=73e76086-b6cd-3d4f-8660-0f0e052bc698
2026-09-29T15:14:31.440+08:00  INFO 16396 --- [seckill-system] [o-18090-exec-93] c.d.s.service.ProtectedSeckillService    : submission queued request=66fe91bf-dc78-3e03-b644-31ccbc3b52e8
2026-09-29T15:14:31.444+08:00  INFO 16396 --- [seckill-system] [o-18090-exec-66] c.d.s.service.ProtectedSeckillService    : submission queued request=8d8b95ff-9e3d-300a-96f1-1561364bd15a
2026-09-29T15:14:31.446+08:00  INFO 16396 --- [seckill-system] [OrderListener-1] c.d.seckill.service.AsyncOrderConsumer   : order committed request=e545eee7-cfd2-36d2-ad30-70404c122620 order=136913
2026-09-29T15:14:31.446+08:00  INFO 16396 --- [seckill-system] [OrderListener-2] c.d.seckill.service.AsyncOrderConsumer   : order committed request=c9b453c7-092b-398e-be7a-474fbf4c6dd4 order=136912
2026-09-29T15:14:31.450+08:00  INFO 16396 --- [seckill-system] [o-18090-exec-77] c.d.s.service.ProtectedSeckillService    : submission queued request=e9eef9a0-ed6b-345b-a1a9-7d1c2112c571
2026-09-29T15:14:31.456+08:00  INFO 16396 --- [seckill-system] [o-18090-exec-46] c.d.s.service.ProtectedSeckillService    : submission queued request=0c8c9677-d861-3adf-b5b2-374bc687ac5d
2026-09-29T15:14:31.460+08:00  INFO 16396 --- [seckill-system] [o-18090-exec-27] c.d.s.service.ProtectedSeckillService    : submission queued request=ebda3114-4111-33d5-b2c9-3d1d056e20f7
2026-09-29T15:14:31.461+08:00  INFO 16396 --- [seckill-system] [OrderListener-1] c.d.seckill.service.AsyncOrderConsumer   : order committed request=4c739b83-b26e-3581-b643-f72d40831219 order=136915
2026-09-29T15:14:31.461+08:00  INFO 16396 --- [seckill-system] [OrderListener-2] c.d.seckill.service.AsyncOrderConsumer   : order committed request=fbd53d10-31b4-30b5-bb10-a96fd102b9ea order=136914
2026-09-29T15:14:31.464+08:00  INFO 16396 --- [seckill-system] [o-18090-exec-24] c.d.s.service.ProtectedSeckillService    : submission queued request=121f6c5a-2b0e-368b-a69d-a9f157348c42
2026-09-29T15:14:31.470+08:00  INFO 16396 --- [seckill-system] [o-18090-exec-65] c.d.s.service.ProtectedSeckillService    : submission queued request=82e2c1ae-9a17-3403-80c1-c6ffd6056aec
2026-09-29T15:14:31.474+08:00  INFO 16396 --- [seckill-system] [OrderListener-1] c.d.seckill.service.AsyncOrderConsumer   : order committed request=9ff6d297-d2b1-38c5-b9db-38e0c0f3309a order=136916
2026-09-29T15:14:31.475+08:00  INFO 16396 --- [seckill-system] [OrderListener-2] c.d.seckill.service.AsyncOrderConsumer   : order committed request=e98404bf-9762-3297-b974-248c76142aa1 order=136917
2026-09-29T15:14:31.475+08:00  INFO 16396 --- [seckill-system] [o-18090-exec-20] c.d.s.service.ProtectedSeckillService    : submission queued request=4e716fe2-dae7-34e8-86f7-257253b2b7b4
2026-09-29T15:14:31.480+08:00  INFO 16396 --- [seckill-system] [o-18090-exec-39] c.d.s.service.ProtectedSeckillService    : submission queued request=c6913835-d06f-3506-8e0d-c8ecfef8d2d6
2026-09-29T15:14:31.487+08:00  INFO 16396 --- [seckill-system] [o-18090-exec-56] c.d.s.service.ProtectedSeckillService    : submission queued request=a7aa9c5b-8ea3-3e5a-8373-0e8003e2a5a3
2026-09-29T15:14:31.491+08:00  INFO 16396 --- [seckill-system] [o-18090-exec-40] c.d.s.service.ProtectedSeckillService    : submission queued request=46c7a3e5-d06d-30bf-91f2-83841a8df633
2026-09-29T15:14:31.492+08:00  INFO 16396 --- [seckill-system] [OrderListener-1] c.d.seckill.service.AsyncOrderConsumer   : order committed request=3b6c4520-78f1-3123-aaf1-ef07f567d010 order=136919
2026-09-29T15:14:31.493+08:00  INFO 16396 --- [seckill-system] [OrderListener-2] c.d.seckill.service.AsyncOrderConsumer   : order committed request=72bff387-8fe1-35f4-8907-fc829be7518b order=136918
2026-09-29T15:14:31.493+08:00  INFO 16396 --- [seckill-system] [o-18090-exec-16] c.d.s.service.ProtectedSeckillService    : submission queued request=ac331792-1e6a-3242-b5d8-bd062d3e370f
2026-09-29T15:14:31.505+08:00  INFO 16396 --- [seckill-system] [io-18090-exec-9] c.d.s.service.ProtectedSeckillService    : submission queued request=86982aab-a4fc-3e79-9ce3-17ae45faf8a5
2026-09-29T15:14:31.507+08:00  INFO 16396 --- [seckill-system] [o-18090-exec-53] c.d.s.service.ProtectedSeckillService    : submission queued request=81301ebe-c2ea-37a5-85bb-4a43630ec049
2026-09-29T15:14:31.508+08:00  INFO 16396 --- [seckill-system] [OrderListener-1] c.d.seckill.service.AsyncOrderConsumer   : order committed request=1d8e2532-59fc-3aea-be2b-87cf27ea139b order=136921
2026-09-29T15:14:31.509+08:00  INFO 16396 --- [seckill-system] [OrderListener-2] c.d.seckill.service.AsyncOrderConsumer   : order committed request=ed8df2df-5e32-3437-87a8-8be750fdff7f order=136920
2026-09-29T15:14:31.509+08:00  INFO 16396 --- [seckill-system] [o-18090-exec-69] c.d.s.service.ProtectedSeckillService    : submission queued request=f688b058-d5ee-3496-8242-aa1762cb0654
2026-09-29T15:14:31.515+08:00  INFO 16396 --- [seckill-system] [o-18090-exec-22] c.d.s.service.ProtectedSeckillService    : submission queued request=b7e0e04a-292f-381e-b0d1-9e559270acef
2026-09-29T15:14:31.519+08:00  INFO 16396 --- [seckill-system] [o-18090-exec-42] c.d.s.service.ProtectedSeckillService    : submission queued request=25659009-3781-3ba7-b230-fcdcd378197e
2026-09-29T15:14:31.524+08:00  INFO 16396 --- [seckill-system] [OrderListener-2] c.d.seckill.service.AsyncOrderConsumer   : order committed request=31f9169a-c332-3594-864d-fff9c7981948 order=136923
2026-09-29T15:14:31.525+08:00  INFO 16396 --- [seckill-system] [OrderListener-1] c.d.seckill.service.AsyncOrderConsumer   : order committed request=54a1c367-5f4d-39ef-848a-909cb3bf2282 order=136922
2026-09-29T15:14:31.526+08:00  INFO 16396 --- [seckill-system] [o-18090-exec-15] c.d.s.service.ProtectedSeckillService    : submission queued request=2887ced3-76ab-3a27-b360-dce69fee63e5
2026-09-29T15:14:31.531+08:00  INFO 16396 --- [seckill-system] [o-18090-exec-56] c.d.s.service.ProtectedSeckillService    : submission queued request=a46cf922-705f-3ba9-a71a-80568bb1ae74
2026-09-29T15:14:31.535+08:00  INFO 16396 --- [seckill-system] [o-18090-exec-88] c.d.s.service.ProtectedSeckillService    : submission queued request=e826c127-90d3-31e5-9195-48c4b32983ff
2026-09-29T15:14:31.547+08:00  INFO 16396 --- [seckill-system] [OrderListener-1] c.d.seckill.service.AsyncOrderConsumer   : order committed request=1b3422eb-c5e7-3cc2-a367-f231d0ce2a56 order=136925
2026-09-29T15:14:31.547+08:00  INFO 16396 --- [seckill-system] [OrderListener-2] c.d.seckill.service.AsyncOrderConsumer   : order committed request=9fbc42d3-8f0b-3ae4-8883-88f8229f9fd1 order=136924
2026-09-29T15:14:31.551+08:00  INFO 16396 --- [seckill-system] [o-18090-exec-97] c.d.s.service.ProtectedSeckillService    : submission queued request=a68741db-27ee-3ab5-bf8e-b1dd89d2e5e9
2026-09-29T15:14:31.560+08:00  INFO 16396 --- [seckill-system] [o-18090-exec-30] c.d.s.service.ProtectedSeckillService    : submission queued request=6b6760fc-c03e-39f8-9abe-fd5bb0801cd2
2026-09-29T15:14:31.562+08:00  INFO 16396 --- [seckill-system] [o-18090-exec-96] c.d.s.service.ProtectedSeckillService    : submission queued request=8a87b1b3-3a2a-3581-be93-1cac02a923e0
2026-09-29T15:14:31.562+08:00  INFO 16396 --- [seckill-system] [o-18090-exec-32] c.d.s.service.ProtectedSeckillService    : submission queued request=dfa586fd-16d2-3d8d-a34e-13584492c431
2026-09-29T15:14:31.562+08:00  INFO 16396 --- [seckill-system] [o-18090-exec-31] c.d.s.service.ProtectedSeckillService    : submission queued request=be573171-db95-311d-a045-c19b8ae81982
2026-09-29T15:14:31.565+08:00  INFO 16396 --- [seckill-system] [o-18090-exec-69] c.d.s.service.ProtectedSeckillService    : submission queued request=c13d761c-8c8b-37e6-9e9a-a263e2e6f66e
2026-09-29T15:14:31.568+08:00  INFO 16396 --- [seckill-system] [OrderListener-1] c.d.seckill.service.AsyncOrderConsumer   : order committed request=f4fd6e91-65e1-38ce-b42d-92d56e3355c1 order=136927
2026-09-29T15:14:31.568+08:00  INFO 16396 --- [seckill-system] [OrderListener-2] c.d.seckill.service.AsyncOrderConsumer   : order committed request=317fe01e-55ac-3445-baf0-4a2b01051b09 order=136926
2026-09-29T15:14:31.572+08:00  INFO 16396 --- [seckill-system] [o-18090-exec-15] c.d.s.service.ProtectedSeckillService    : submission queued request=af13dc21-9958-3886-aba0-7e28bfffb06b
2026-09-29T15:14:31.577+08:00  INFO 16396 --- [seckill-system] [o-18090-exec-16] c.d.s.service.ProtectedSeckillService    : submission queued request=f3c1c94f-fd34-3883-852f-12c600c575bb
2026-09-29T15:14:31.580+08:00  INFO 16396 --- [seckill-system] [o-18090-exec-25] c.d.s.service.ProtectedSeckillService    : submission queued request=0032c3a4-15c7-3009-aa0b-c94b3834a352
2026-09-29T15:14:31.583+08:00  INFO 16396 --- [seckill-system] [OrderListener-2] c.d.seckill.service.AsyncOrderConsumer   : order committed request=3c79e18d-7145-3813-88e9-5d4339f97a33 order=136929
2026-09-29T15:14:31.584+08:00  INFO 16396 --- [seckill-system] [OrderListener-1] c.d.seckill.service.AsyncOrderConsumer   : order committed request=7d550d9e-ccd0-31c2-9831-6bd6e5c782d3 order=136928
2026-09-29T15:14:31.585+08:00  INFO 16396 --- [seckill-system] [o-18090-exec-94] c.d.s.service.ProtectedSeckillService    : submission queued request=9c2db4ee-2ef8-3b22-a130-42241347a235
2026-09-29T15:14:31.591+08:00  INFO 16396 --- [seckill-system] [io-18090-exec-4] c.d.s.service.ProtectedSeckillService    : submission queued request=f8a60369-6436-3ceb-8ae2-1404515ad7a8
2026-09-29T15:14:31.596+08:00  INFO 16396 --- [seckill-system] [o-18090-exec-92] c.d.s.service.ProtectedSeckillService    : submission queued request=bb7c4277-cf85-32e1-8e8e-3ef896aa5929
2026-09-29T15:14:31.601+08:00  INFO 16396 --- [seckill-system] [o-18090-exec-20] c.d.s.service.ProtectedSeckillService    : submission queued request=ccf2a70e-668a-3eea-bb91-98a9626cecca
2026-09-29T15:14:31.602+08:00  INFO 16396 --- [seckill-system] [OrderListener-1] c.d.seckill.service.AsyncOrderConsumer   : order committed request=c4fa64f4-7d10-37b8-8b14-71fd95a96275 order=136930
2026-09-29T15:14:31.602+08:00  INFO 16396 --- [seckill-system] [OrderListener-2] c.d.seckill.service.AsyncOrderConsumer   : order committed request=637ae55b-6a57-3d77-8fd8-d16735284123 order=136931
2026-09-29T15:14:31.607+08:00  INFO 16396 --- [seckill-system] [o-18090-exec-32] c.d.s.service.ProtectedSeckillService    : submission queued request=9e551120-c443-3d5a-b10a-1c92bff47142
2026-09-29T15:14:31.612+08:00  INFO 16396 --- [seckill-system] [o-18090-exec-62] c.d.s.service.ProtectedSeckillService    : submission queued request=7a10a3e2-88e5-376f-a662-3248b79a9ba6
2026-09-29T15:14:31.617+08:00  INFO 16396 --- [seckill-system] [o-18090-exec-37] c.d.s.service.ProtectedSeckillService    : submission queued request=25bbdce6-e370-38cc-8f29-23e1464fc82d
2026-09-29T15:14:31.618+08:00  INFO 16396 --- [seckill-system] [OrderListener-1] c.d.seckill.service.AsyncOrderConsumer   : order committed request=7c0f2cab-e345-3b8d-96de-5f266f3f0faf order=136932
2026-09-29T15:14:31.619+08:00  INFO 16396 --- [seckill-system] [OrderListener-2] c.d.seckill.service.AsyncOrderConsumer   : order committed request=183d81d5-6778-3ce9-a483-37900a36c0d2 order=136933
2026-09-29T15:14:31.621+08:00  INFO 16396 --- [seckill-system] [o-18090-exec-61] c.d.s.service.ProtectedSeckillService    : submission queued request=136c0fad-dfd3-3ac4-aa4f-b4668edffe8a
2026-09-29T15:14:31.626+08:00  INFO 16396 --- [seckill-system] [o-18090-exec-28] c.d.s.service.ProtectedSeckillService    : submission queued request=09f54740-2107-3669-a49c-19f08ee706c5
2026-09-29T15:14:31.631+08:00  INFO 16396 --- [seckill-system] [o-18090-exec-39] c.d.s.service.ProtectedSeckillService    : submission queued request=e644120c-6d12-3c14-bd87-27bfd3ba64f2
2026-09-29T15:14:31.633+08:00  INFO 16396 --- [seckill-system] [OrderListener-1] c.d.seckill.service.AsyncOrderConsumer   : order committed request=9181b187-3c89-3729-9d7e-ce49246848e0 order=136934
2026-09-29T15:14:31.635+08:00  INFO 16396 --- [seckill-system] [OrderListener-2] c.d.seckill.service.AsyncOrderConsumer   : order committed request=89b6007e-8a98-363c-b63b-d29e2eccb42e order=136935
2026-09-29T15:14:31.636+08:00  INFO 16396 --- [seckill-system] [o-18090-exec-55] c.d.s.service.ProtectedSeckillService    : submission queued request=fbcec58f-0b68-3542-87b5-933d13bee286
2026-09-29T15:14:31.641+08:00  INFO 16396 --- [seckill-system] [io-18090-exec-4] c.d.s.service.ProtectedSeckillService    : submission queued request=d21f2644-9b4b-3287-9c23-5d1c3e70ee21
2026-09-29T15:14:31.645+08:00  INFO 16396 --- [seckill-system] [o-18090-exec-20] c.d.s.service.ProtectedSeckillService    : submission queued request=38295234-8450-34b5-a18e-298333244d32
2026-09-29T15:14:31.649+08:00  INFO 16396 --- [seckill-system] [OrderListener-1] c.d.seckill.service.AsyncOrderConsumer   : order committed request=794abbde-4466-3023-8e42-d9c4ac528561 order=136936
2026-09-29T15:14:31.650+08:00  INFO 16396 --- [seckill-system] [o-18090-exec-85] c.d.s.service.ProtectedSeckillService    : submission queued request=0791c7f4-39ea-3100-aa8d-41dbf589aeac
2026-09-29T15:14:31.651+08:00  INFO 16396 --- [seckill-system] [OrderListener-2] c.d.seckill.service.AsyncOrderConsumer   : order committed request=02575a3e-999b-3278-817d-a4a2a529b981 order=136937
2026-09-29T15:14:31.658+08:00  INFO 16396 --- [seckill-system] [o-18090-exec-45] c.d.s.service.ProtectedSeckillService    : submission queued request=6a53df79-f8ef-3bda-a785-555b65038c42
2026-09-29T15:14:31.662+08:00  INFO 16396 --- [seckill-system] [o-18090-exec-75] c.d.s.service.ProtectedSeckillService    : submission queued request=262768d3-f8b2-3405-a05c-7e8702cb5fd2
2026-09-29T15:14:31.672+08:00  INFO 16396 --- [seckill-system] [OrderListener-1] c.d.seckill.service.AsyncOrderConsumer   : order committed request=33bfec7f-5fbb-34cd-b5b2-4c93492ac790 order=136938
2026-09-29T15:14:31.675+08:00  INFO 16396 --- [seckill-system] [OrderListener-2] c.d.seckill.service.AsyncOrderConsumer   : order committed request=c3c1bc11-46cf-3cf8-934f-d1ddec7140b5 order=136939
2026-09-29T15:14:31.677+08:00  INFO 16396 --- [seckill-system] [io-18090-exec-1] c.d.s.service.ProtectedSeckillService    : submission queued request=4cbe5d55-0947-31b7-9273-442cd1ca91de
2026-09-29T15:14:31.679+08:00  INFO 16396 --- [seckill-system] [o-18090-exec-28] c.d.s.service.ProtectedSeckillService    : submission queued request=4a58f9d8-d7b2-3ff9-ba8b-67eebeb69351
2026-09-29T15:14:31.681+08:00  INFO 16396 --- [seckill-system] [io-18090-exec-5] c.d.s.service.ProtectedSeckillService    : submission queued request=92a329b0-c07b-333b-be8d-4bd78aa4ca9c
2026-09-29T15:14:31.683+08:00  INFO 16396 --- [seckill-system] [o-18090-exec-53] c.d.s.service.ProtectedSeckillService    : submission queued request=d1c0f7e9-9e51-30a8-b25d-a2b317a52074
2026-09-29T15:14:31.687+08:00  INFO 16396 --- [seckill-system] [o-18090-exec-95] c.d.s.service.ProtectedSeckillService    : submission queued request=dce2c99a-9b73-3576-9ed7-c0abca1c1880
2026-09-29T15:14:31.689+08:00  INFO 16396 --- [seckill-system] [OrderListener-1] c.d.seckill.service.AsyncOrderConsumer   : order committed request=a187733c-44ff-30b6-a4e6-a5058e176087 order=136940
2026-09-29T15:14:31.690+08:00  INFO 16396 --- [seckill-system] [OrderListener-2] c.d.seckill.service.AsyncOrderConsumer   : order committed request=c4109eb4-fb52-36cc-a834-6efc4ee9bc2a order=136941
2026-09-29T15:14:31.690+08:00  INFO 16396 --- [seckill-system] [io-18090-exec-2] c.d.s.service.ProtectedSeckillService    : submission queued request=bdff7f8a-2871-3c42-bb62-609f7469c0bd
2026-09-29T15:14:31.696+08:00  INFO 16396 --- [seckill-system] [o-18090-exec-92] c.d.s.service.ProtectedSeckillService    : submission queued request=e2d0563e-b548-371a-8d0a-33704557da07
2026-09-29T15:14:31.701+08:00  INFO 16396 --- [seckill-system] [o-18090-exec-40] c.d.s.service.ProtectedSeckillService    : submission queued request=0be1333b-9463-3d20-a80c-ea2d16911faa
2026-09-29T15:14:31.704+08:00  INFO 16396 --- [seckill-system] [OrderListener-1] c.d.seckill.service.AsyncOrderConsumer   : order committed request=ac8f8788-961c-3cf2-8659-918dcff5891d order=136942
2026-09-29T15:14:31.705+08:00  INFO 16396 --- [seckill-system] [o-18090-exec-85] c.d.s.service.ProtectedSeckillService    : submission queued request=44c16bde-aaf2-3c40-b63c-d1784bcc7e69
2026-09-29T15:14:31.723+08:00  INFO 16396 --- [seckill-system] [OrderListener-2] c.d.seckill.service.AsyncOrderConsumer   : order committed request=c7f095ce-d3fa-3c2f-a472-0c3fdf1d7978 order=136943
2026-09-29T15:14:31.740+08:00  INFO 16396 --- [seckill-system] [OrderListener-1] c.d.seckill.service.AsyncOrderConsumer   : order committed request=b8608be2-33c7-3d05-9ebc-924f5d68b1cb order=136944
2026-09-29T15:14:31.741+08:00  INFO 16396 --- [seckill-system] [o-18090-exec-25] c.d.s.service.ProtectedSeckillService    : submission queued request=3a85b335-156e-358a-a75d-efb17ff3f979
2026-09-29T15:14:31.743+08:00  INFO 16396 --- [seckill-system] [o-18090-exec-22] c.d.s.service.ProtectedSeckillService    : submission queued request=3a1f3cbb-6614-39fb-8e85-3746bcea8b09
2026-09-29T15:14:31.743+08:00  INFO 16396 --- [seckill-system] [o-18090-exec-48] c.d.s.service.ProtectedSeckillService    : submission queued request=ae69a074-bd49-3250-ac21-79f603dd92ff
2026-09-29T15:14:31.745+08:00  INFO 16396 --- [seckill-system] [o-18090-exec-93] c.d.s.service.ProtectedSeckillService    : submission queued request=c9ebd5bb-09dc-3c16-8823-af76774123ff
2026-09-29T15:14:31.746+08:00  INFO 16396 --- [seckill-system] [o-18090-exec-70] c.d.s.service.ProtectedSeckillService    : submission queued request=b5066a1c-e990-38d6-b4bb-ccbed40f3d36
2026-09-29T15:14:31.746+08:00  INFO 16396 --- [seckill-system] [-18090-exec-100] c.d.s.service.ProtectedSeckillService    : submission queued request=5b6f57c6-9102-3da8-981f-2df1c1a1af5a
2026-09-29T15:14:31.747+08:00  INFO 16396 --- [seckill-system] [o-18090-exec-99] c.d.s.service.ProtectedSeckillService    : submission queued request=8f85c51c-3c30-3562-b99d-3ea20b27819f
2026-09-29T15:14:31.751+08:00  INFO 16396 --- [seckill-system] [o-18090-exec-54] c.d.s.service.ProtectedSeckillService    : submission queued request=54b0f0bd-b824-3962-92ef-a3d5e38d8d6e
2026-09-29T15:14:31.751+08:00  INFO 16396 --- [seckill-system] [OrderListener-2] c.d.seckill.service.AsyncOrderConsumer   : order committed request=c0293e88-d467-3356-9b2d-8982fd38199f order=136945
2026-09-29T15:14:31.752+08:00  INFO 16396 --- [seckill-system] [o-18090-exec-49] c.d.s.service.ProtectedSeckillService    : submission queued request=93c4e374-5d94-3ec3-9fb7-0efc7170919f
2026-09-29T15:14:31.759+08:00  INFO 16396 --- [seckill-system] [OrderListener-1] c.d.seckill.service.AsyncOrderConsumer   : order committed request=55343d21-c949-3a66-9dea-b8ed60f96668 order=136946
2026-09-29T15:14:31.759+08:00  INFO 16396 --- [seckill-system] [o-18090-exec-77] c.d.s.service.ProtectedSeckillService    : submission queued request=e03629a8-a84e-3e37-abfe-8acf0a0caa10
2026-09-29T15:14:31.763+08:00  INFO 16396 --- [seckill-system] [o-18090-exec-19] c.d.s.service.ProtectedSeckillService    : submission queued request=fdec86e8-1639-3c66-967b-8768a6caf06a
2026-09-29T15:14:31.766+08:00  INFO 16396 --- [seckill-system] [o-18090-exec-37] c.d.s.service.ProtectedSeckillService    : submission queued request=9479f391-8e10-323c-8fb0-b832ff50848a
2026-09-29T15:14:31.770+08:00  INFO 16396 --- [seckill-system] [OrderListener-2] c.d.seckill.service.AsyncOrderConsumer   : order committed request=7f594826-3389-3b67-adee-376310f9df7c order=136947
2026-09-29T15:14:31.782+08:00  INFO 16396 --- [seckill-system] [io-18090-exec-8] c.d.s.service.ProtectedSeckillService    : submission queued request=0eac8540-beb5-3d59-bff1-4015943c9c79
2026-09-29T15:14:31.784+08:00  INFO 16396 --- [seckill-system] [o-18090-exec-79] c.d.s.service.ProtectedSeckillService    : submission queued request=a9182bbd-50f5-3be3-b3c7-242d5bb894ed
2026-09-29T15:14:31.785+08:00  INFO 16396 --- [seckill-system] [OrderListener-1] c.d.seckill.service.AsyncOrderConsumer   : order committed request=2669782d-e2e0-359b-a7bc-6b77f90c125c order=136948
2026-09-29T15:14:31.786+08:00  INFO 16396 --- [seckill-system] [o-18090-exec-65] c.d.s.service.ProtectedSeckillService    : submission queued request=0e80b2d4-24e0-338b-a2bb-c9545ce9e520
2026-09-29T15:14:31.787+08:00  INFO 16396 --- [seckill-system] [o-18090-exec-44] c.d.s.service.ProtectedSeckillService    : submission queued request=e6a42356-ee3e-3b29-87ec-9a4499645744
2026-09-29T15:14:31.788+08:00  INFO 16396 --- [seckill-system] [OrderListener-2] c.d.seckill.service.AsyncOrderConsumer   : order committed request=c7a324d1-1dd4-3a63-94a4-825c302899fd order=136949
2026-09-29T15:14:31.792+08:00  INFO 16396 --- [seckill-system] [o-18090-exec-32] c.d.s.service.ProtectedSeckillService    : submission queued request=36b66ebc-b84a-3fdf-9f93-a531df898b8a
2026-09-29T15:14:31.796+08:00  INFO 16396 --- [seckill-system] [-18090-exec-100] c.d.s.service.ProtectedSeckillService    : submission queued request=4bc46ec8-c083-351f-a19d-cd58883ab26a
2026-09-29T15:14:31.801+08:00  INFO 16396 --- [seckill-system] [o-18090-exec-45] c.d.s.service.ProtectedSeckillService    : submission queued request=6aa24cfe-a8bd-3b10-ac8b-ebde196e2299
2026-09-29T15:14:31.802+08:00  INFO 16396 --- [seckill-system] [OrderListener-1] c.d.seckill.service.AsyncOrderConsumer   : order committed request=d1c59dba-d40a-374d-9c92-c0409165d5ff order=136950
2026-09-29T15:14:31.804+08:00  INFO 16396 --- [seckill-system] [OrderListener-2] c.d.seckill.service.AsyncOrderConsumer   : order committed request=1793ee00-524a-314b-910b-e98569b0fc86 order=136951
2026-09-29T15:14:31.806+08:00  INFO 16396 --- [seckill-system] [io-18090-exec-9] c.d.s.service.ProtectedSeckillService    : submission queued request=cafeb208-fe88-3628-8b6f-db48d6c18545
2026-09-29T15:14:31.811+08:00  INFO 16396 --- [seckill-system] [o-18090-exec-71] c.d.s.service.ProtectedSeckillService    : submission queued request=47d060ea-2d4f-338e-9969-c734b6b4f802
2026-09-29T15:14:31.814+08:00  INFO 16396 --- [seckill-system] [o-18090-exec-86] c.d.s.service.ProtectedSeckillService    : submission queued request=fd87f845-db42-377c-8dfe-43ad10695e47
2026-09-29T15:14:31.818+08:00  INFO 16396 --- [seckill-system] [o-18090-exec-13] c.d.s.service.ProtectedSeckillService    : submission queued request=822221dc-b319-32b3-bdb0-3efe8005d8dd
2026-09-29T15:14:31.820+08:00  INFO 16396 --- [seckill-system] [OrderListener-1] c.d.seckill.service.AsyncOrderConsumer   : order committed request=81ae39aa-3ef3-3e78-8c74-3e1434519685 order=136952
2026-09-29T15:14:31.820+08:00  INFO 16396 --- [seckill-system] [OrderListener-2] c.d.seckill.service.AsyncOrderConsumer   : order committed request=c449cfcb-28fc-3b94-b1a6-4fa0d74f7d8b order=136953
2026-09-29T15:14:31.841+08:00  INFO 16396 --- [seckill-system] [io-18090-exec-8] c.d.s.service.ProtectedSeckillService    : submission queued request=91fe70e8-c7a7-3241-80b1-9bf2ea5fef88
2026-09-29T15:14:31.843+08:00  INFO 16396 --- [seckill-system] [o-18090-exec-87] c.d.s.service.ProtectedSeckillService    : submission queued request=d1cd56af-0674-3e8b-9e69-e22f2d5a8967
2026-09-29T15:14:31.843+08:00  INFO 16396 --- [seckill-system] [o-18090-exec-96] c.d.s.service.ProtectedSeckillService    : submission queued request=10f3e97f-2669-388f-bd14-5bb7270978d4
2026-09-29T15:14:31.845+08:00  INFO 16396 --- [seckill-system] [OrderListener-1] c.d.seckill.service.AsyncOrderConsumer   : order committed request=e2f77a74-4854-3eac-a660-cdc4641ccf4a order=136955
2026-09-29T15:14:31.845+08:00  INFO 16396 --- [seckill-system] [o-18090-exec-47] c.d.s.service.ProtectedSeckillService    : submission queued request=5beba1f8-ceaa-37d0-bd59-0c6ddc1640d9
2026-09-29T15:14:31.846+08:00  INFO 16396 --- [seckill-system] [OrderListener-2] c.d.seckill.service.AsyncOrderConsumer   : order committed request=fa7e5a66-fab6-33af-8de8-7c32842143b9 order=136954
2026-09-29T15:14:31.846+08:00  INFO 16396 --- [seckill-system] [o-18090-exec-38] c.d.s.service.ProtectedSeckillService    : submission queued request=f3a207a8-baaf-3a8e-bb0e-55882c610af0
2026-09-29T15:14:31.851+08:00  INFO 16396 --- [seckill-system] [o-18090-exec-50] c.d.s.service.ProtectedSeckillService    : submission queued request=3558b2f8-db65-33e0-b46f-89333d592d23
2026-09-29T15:14:31.855+08:00  INFO 16396 --- [seckill-system] [io-18090-exec-1] c.d.s.service.ProtectedSeckillService    : submission queued request=321e5203-042f-3db3-a82c-fa03caa72867
2026-09-29T15:14:31.858+08:00  INFO 16396 --- [seckill-system] [OrderListener-1] c.d.seckill.service.AsyncOrderConsumer   : order committed request=39ace387-3db8-36cb-b534-a40b41a158ce order=136956
2026-09-29T15:14:31.858+08:00  INFO 16396 --- [seckill-system] [o-18090-exec-90] c.d.s.service.ProtectedSeckillService    : submission queued request=17db20bb-bf81-35d4-b46c-439b0db9d4fc
2026-09-29T15:14:31.860+08:00  INFO 16396 --- [seckill-system] [OrderListener-2] c.d.seckill.service.AsyncOrderConsumer   : order committed request=192d622a-232b-3033-b16c-22f773cb5444 order=136957
2026-09-29T15:14:31.866+08:00  INFO 16396 --- [seckill-system] [o-18090-exec-35] c.d.s.service.ProtectedSeckillService    : submission queued request=ad3f7ba7-4b0b-35b2-ac35-58cc98d19668
2026-09-29T15:14:31.872+08:00  INFO 16396 --- [seckill-system] [OrderListener-1] c.d.seckill.service.AsyncOrderConsumer   : order committed request=80ab9cbf-6aa7-31a7-a4a9-5adbbbd95b4b order=136958
2026-09-29T15:14:31.873+08:00  INFO 16396 --- [seckill-system] [OrderListener-2] c.d.seckill.service.AsyncOrderConsumer   : order committed request=91384bc1-bcb6-3fdb-b28d-5930947bd9b8 order=136959
2026-09-29T15:14:31.877+08:00  INFO 16396 --- [seckill-system] [o-18090-exec-32] c.d.s.service.ProtectedSeckillService    : submission queued request=3ea0c8b7-a7d9-3ebb-99f0-d6d3a473b597
2026-09-29T15:14:31.883+08:00  INFO 16396 --- [seckill-system] [o-18090-exec-12] c.d.s.service.ProtectedSeckillService    : submission queued request=15835e5c-57c4-329e-96fe-f0393f0af5e8
2026-09-29T15:14:31.884+08:00  INFO 16396 --- [seckill-system] [o-18090-exec-37] c.d.s.service.ProtectedSeckillService    : submission queued request=700364e4-d621-38d7-a79f-b89a25c495c1
2026-09-29T15:14:31.886+08:00  INFO 16396 --- [seckill-system] [o-18090-exec-14] c.d.s.service.ProtectedSeckillService    : submission queued request=7c8753c3-bd19-3f5b-a7cb-3b56a5aeb7d2
2026-09-29T15:14:31.887+08:00  INFO 16396 --- [seckill-system] [OrderListener-1] c.d.seckill.service.AsyncOrderConsumer   : order committed request=7a4e0254-f85f-30b1-90c5-16214e7c1451 order=136960
2026-09-29T15:14:31.888+08:00  INFO 16396 --- [seckill-system] [OrderListener-2] c.d.seckill.service.AsyncOrderConsumer   : order committed request=47ac1689-7f58-3d2b-8a0e-90cacd157d23 order=136961
2026-09-29T15:14:31.890+08:00  INFO 16396 --- [seckill-system] [o-18090-exec-52] c.d.s.service.ProtectedSeckillService    : submission queued request=42c94db4-4c77-3a40-b5a9-fb6c7cfe1673
2026-09-29T15:14:31.895+08:00  INFO 16396 --- [seckill-system] [o-18090-exec-22] c.d.s.service.ProtectedSeckillService    : submission queued request=32ae2153-ed66-3626-89d7-7418c5d65301
2026-09-29T15:14:31.901+08:00  INFO 16396 --- [seckill-system] [o-18090-exec-66] c.d.s.service.ProtectedSeckillService    : submission queued request=54de9018-c8e3-30e0-bef5-65ecdfa42ea1
2026-09-29T15:14:31.902+08:00  INFO 16396 --- [seckill-system] [OrderListener-1] c.d.seckill.service.AsyncOrderConsumer   : order committed request=1d6ddb40-2af0-3d45-b9f0-f8d38d8df237 order=136962
2026-09-29T15:14:31.904+08:00  INFO 16396 --- [seckill-system] [OrderListener-2] c.d.seckill.service.AsyncOrderConsumer   : order committed request=1bf4f372-0f95-3adb-bdcb-c234a5e6b182 order=136963
2026-09-29T15:14:31.904+08:00  INFO 16396 --- [seckill-system] [o-18090-exec-43] c.d.s.service.ProtectedSeckillService    : submission queued request=029cbc37-ba29-3fca-8307-238ea2afad0c
2026-09-29T15:14:31.911+08:00  INFO 16396 --- [seckill-system] [io-18090-exec-4] c.d.s.service.ProtectedSeckillService    : submission queued request=b1fa80cd-b5ef-3454-bd92-398847316f0f
2026-09-29T15:14:31.919+08:00  INFO 16396 --- [seckill-system] [o-18090-exec-51] c.d.s.service.ProtectedSeckillService    : submission queued request=8262169b-2cec-384c-846d-e17b85a0df64
2026-09-29T15:14:31.920+08:00  INFO 16396 --- [seckill-system] [OrderListener-1] c.d.seckill.service.AsyncOrderConsumer   : order committed request=b4163968-46bd-3587-9033-f7856f938e21 order=136964
2026-09-29T15:14:31.921+08:00  INFO 16396 --- [seckill-system] [OrderListener-2] c.d.seckill.service.AsyncOrderConsumer   : order committed request=3fcac1c3-4fb8-3604-937f-ae269a13d817 order=136965
2026-09-29T15:14:31.922+08:00  INFO 16396 --- [seckill-system] [o-18090-exec-99] c.d.s.service.ProtectedSeckillService    : submission queued request=5a101961-85a1-3ca1-ad53-fa83955e3bf2
2026-09-29T15:14:31.926+08:00  INFO 16396 --- [seckill-system] [o-18090-exec-60] c.d.s.service.ProtectedSeckillService    : submission queued request=70da3347-c963-39ee-82eb-28a1b5fbf469
2026-09-29T15:14:31.932+08:00  INFO 16396 --- [seckill-system] [o-18090-exec-69] c.d.s.service.ProtectedSeckillService    : submission queued request=b455697a-f4d3-386a-abf0-5723215cb990
2026-09-29T15:14:31.938+08:00  INFO 16396 --- [seckill-system] [OrderListener-2] c.d.seckill.service.AsyncOrderConsumer   : order committed request=771fc122-6e25-3f94-baac-f4344e17ad14 order=136966
2026-09-29T15:14:31.938+08:00  INFO 16396 --- [seckill-system] [o-18090-exec-91] c.d.s.service.ProtectedSeckillService    : submission queued request=67ba78cb-abf9-3d0b-8111-9e658725d01f
2026-09-29T15:14:31.939+08:00  INFO 16396 --- [seckill-system] [OrderListener-1] c.d.seckill.service.AsyncOrderConsumer   : order committed request=4f6253a6-49dc-3ece-ae68-59c197c164d2 order=136967
2026-09-29T15:14:31.941+08:00  INFO 16396 --- [seckill-system] [o-18090-exec-44] c.d.s.service.ProtectedSeckillService    : submission queued request=bdbe7f57-dcfb-3963-abdd-8d5ed68ff929
2026-09-29T15:14:31.945+08:00  INFO 16396 --- [seckill-system] [io-18090-exec-2] c.d.s.service.ProtectedSeckillService    : submission queued request=9a4a7b42-d799-3791-8789-3e7bf82fcf32
2026-09-29T15:14:31.951+08:00  INFO 16396 --- [seckill-system] [o-18090-exec-10] c.d.s.service.ProtectedSeckillService    : submission queued request=fa8176c4-c328-35e5-b322-e00f7f8afcb3
2026-09-29T15:14:31.954+08:00  INFO 16396 --- [seckill-system] [OrderListener-2] c.d.seckill.service.AsyncOrderConsumer   : order committed request=1b719a3d-7562-3f23-adf1-65b6368f3315 order=136968
2026-09-29T15:14:31.955+08:00  INFO 16396 --- [seckill-system] [OrderListener-1] c.d.seckill.service.AsyncOrderConsumer   : order committed request=16b8b665-b2db-3eaa-beb9-92ebc063c0fa order=136969
2026-09-29T15:14:31.957+08:00  INFO 16396 --- [seckill-system] [o-18090-exec-32] c.d.s.service.ProtectedSeckillService    : submission queued request=9feded05-1b1e-35c5-b764-74d5f8985a6a
2026-09-29T15:14:31.962+08:00  INFO 16396 --- [seckill-system] [o-18090-exec-40] c.d.s.service.ProtectedSeckillService    : submission queued request=db220374-6748-3ccf-88fa-06139ceb08b5
2026-09-29T15:14:31.967+08:00  INFO 16396 --- [seckill-system] [o-18090-exec-25] c.d.s.service.ProtectedSeckillService    : submission queued request=ec3ffc5c-07cd-3807-bb41-6496534a7f97
2026-09-29T15:14:31.969+08:00  INFO 16396 --- [seckill-system] [OrderListener-2] c.d.seckill.service.AsyncOrderConsumer   : order committed request=67e22758-2708-32bf-a43c-708025e48309 order=136970
2026-09-29T15:14:31.971+08:00  INFO 16396 --- [seckill-system] [OrderListener-1] c.d.seckill.service.AsyncOrderConsumer   : order committed request=7f8ffde0-261e-3ff8-98f7-bbc249d782b5 order=136971
2026-09-29T15:14:31.971+08:00  INFO 16396 --- [seckill-system] [o-18090-exec-48] c.d.s.service.ProtectedSeckillService    : submission queued request=cf83a402-db18-315a-813a-190cdb3b0863
2026-09-29T15:14:31.978+08:00  INFO 16396 --- [seckill-system] [o-18090-exec-69] c.d.s.service.ProtectedSeckillService    : submission queued request=2d243708-a357-3796-a5e0-0b4d877f1bd6
2026-09-29T15:14:31.981+08:00  INFO 16396 --- [seckill-system] [o-18090-exec-63] c.d.s.service.ProtectedSeckillService    : submission queued request=291814a7-dee7-3a80-a577-41582d685765
2026-09-29T15:14:31.985+08:00  INFO 16396 --- [seckill-system] [OrderListener-2] c.d.seckill.service.AsyncOrderConsumer   : order committed request=4fcec987-2adb-3966-90b5-b6d13674c2e3 order=136972
2026-09-29T15:14:31.985+08:00  INFO 16396 --- [seckill-system] [o-18090-exec-95] c.d.s.service.ProtectedSeckillService    : submission queued request=ab355c01-81d7-3071-b852-926bd6ac3ecc
2026-09-29T15:14:31.986+08:00  INFO 16396 --- [seckill-system] [OrderListener-1] c.d.seckill.service.AsyncOrderConsumer   : order committed request=489066bb-7622-3bfa-aba2-ef7d179e8062 order=136973
2026-09-29T15:14:31.991+08:00  INFO 16396 --- [seckill-system] [io-18090-exec-8] c.d.s.service.ProtectedSeckillService    : submission queued request=e4691163-b119-37e7-9114-aa927866b37d
2026-09-29T15:14:31.996+08:00  INFO 16396 --- [seckill-system] [o-18090-exec-10] c.d.s.service.ProtectedSeckillService    : submission queued request=a58cb733-799b-3b6d-ae00-4a5a618b02fc
2026-09-29T15:14:32.000+08:00  INFO 16396 --- [seckill-system] [o-18090-exec-23] c.d.s.service.ProtectedSeckillService    : submission queued request=fce50f1f-11cd-3a2a-9d3a-86304b1a3a58
2026-09-29T15:14:32.003+08:00  INFO 16396 --- [seckill-system] [OrderListener-2] c.d.seckill.service.AsyncOrderConsumer   : order committed request=dc2d3075-7528-39b6-bb9d-4d6dfbda2204 order=136974
2026-09-29T15:14:32.003+08:00  INFO 16396 --- [seckill-system] [OrderListener-1] c.d.seckill.service.AsyncOrderConsumer   : order committed request=d60bc604-824b-3c8a-9d8a-65010ace9825 order=136975
2026-09-29T15:14:32.005+08:00  INFO 16396 --- [seckill-system] [o-18090-exec-13] c.d.s.service.ProtectedSeckillService    : submission queued request=0de13662-3018-3700-9814-1004f3df17f0
2026-09-29T15:14:32.015+08:00  INFO 16396 --- [seckill-system] [o-18090-exec-70] c.d.s.service.ProtectedSeckillService    : submission queued request=af7e06a1-ea97-344d-92d2-057d80d4be40
2026-09-29T15:14:32.019+08:00  INFO 16396 --- [seckill-system] [o-18090-exec-59] c.d.s.service.ProtectedSeckillService    : submission queued request=dabfb813-b58c-3879-a34e-aac26bcc3091
2026-09-29T15:14:32.020+08:00  INFO 16396 --- [seckill-system] [OrderListener-2] c.d.seckill.service.AsyncOrderConsumer   : order committed request=0a6391c9-25f5-343a-a3b7-fdc505e1586e order=136976
2026-09-29T15:14:32.021+08:00  INFO 16396 --- [seckill-system] [OrderListener-1] c.d.seckill.service.AsyncOrderConsumer   : order committed request=d9bf3a19-a8de-30d4-80a2-b3c54f1da3a6 order=136977
2026-09-29T15:14:32.021+08:00  INFO 16396 --- [seckill-system] [o-18090-exec-30] c.d.s.service.ProtectedSeckillService    : submission queued request=dc582428-a878-39a3-861c-ea83fff7af37
2026-09-29T15:14:32.027+08:00  INFO 16396 --- [seckill-system] [o-18090-exec-47] c.d.s.service.ProtectedSeckillService    : submission queued request=0402b125-9ccd-3e11-b0a2-4a869c983bd2
2026-09-29T15:14:32.032+08:00  INFO 16396 --- [seckill-system] [o-18090-exec-38] c.d.s.service.ProtectedSeckillService    : submission queued request=cbd2d950-4d78-3620-8764-7ecf6f79ca3b
2026-09-29T15:14:32.035+08:00  INFO 16396 --- [seckill-system] [o-18090-exec-50] c.d.s.service.ProtectedSeckillService    : submission queued request=4def4e65-050b-3d8e-9a57-f3d4a5477e37
2026-09-29T15:14:32.035+08:00  INFO 16396 --- [seckill-system] [OrderListener-1] c.d.seckill.service.AsyncOrderConsumer   : order committed request=fe6b80b0-557e-3ac9-a592-4b3eb8a228b0 order=136978
2026-09-29T15:14:32.035+08:00  INFO 16396 --- [seckill-system] [OrderListener-2] c.d.seckill.service.AsyncOrderConsumer   : order committed request=8cd8c7e2-1110-362a-b415-709d3d6b804b order=136979
2026-09-29T15:14:32.040+08:00  INFO 16396 --- [seckill-system] [io-18090-exec-1] c.d.s.service.ProtectedSeckillService    : submission queued request=d78eedd7-a627-350b-a31b-58f931d8781a
2026-09-29T15:14:32.044+08:00  INFO 16396 --- [seckill-system] [o-18090-exec-22] c.d.s.service.ProtectedSeckillService    : submission queued request=02147a6d-dab1-3ad0-8905-361172770e46
2026-09-29T15:14:32.049+08:00  INFO 16396 --- [seckill-system] [-18090-exec-100] c.d.s.service.ProtectedSeckillService    : submission queued request=a90755cb-e80d-3b04-8134-f4593d60081b
2026-09-29T15:14:32.050+08:00  INFO 16396 --- [seckill-system] [OrderListener-2] c.d.seckill.service.AsyncOrderConsumer   : order committed request=b1202059-71f0-3920-ac40-96d37ded938f order=136980
2026-09-29T15:14:32.051+08:00  INFO 16396 --- [seckill-system] [OrderListener-1] c.d.seckill.service.AsyncOrderConsumer   : order committed request=8ceb0e8a-2a1a-32ac-adaf-bfb7f0bc8441 order=136981
2026-09-29T15:14:32.056+08:00  INFO 16396 --- [seckill-system] [o-18090-exec-91] c.d.s.service.ProtectedSeckillService    : submission queued request=211f5e8b-f94c-3817-bc07-d660c20ab44b
2026-09-29T15:14:32.059+08:00  INFO 16396 --- [seckill-system] [o-18090-exec-78] c.d.s.service.ProtectedSeckillService    : submission queued request=2cf3666d-dbbd-35f2-89d8-f60c5a6cbea2
2026-09-29T15:14:32.064+08:00  INFO 16396 --- [seckill-system] [o-18090-exec-57] c.d.s.service.ProtectedSeckillService    : submission queued request=f330baef-6585-3cc1-bef3-83c88f6bbc0a
2026-09-29T15:14:32.064+08:00  INFO 16396 --- [seckill-system] [OrderListener-2] c.d.seckill.service.AsyncOrderConsumer   : order committed request=b1532ef3-0f65-35eb-99ff-e1769a4900bb order=136982
2026-09-29T15:14:32.066+08:00  INFO 16396 --- [seckill-system] [OrderListener-1] c.d.seckill.service.AsyncOrderConsumer   : order committed request=74fa1595-8a33-3cb7-902a-2def10fdb2ef order=136983
2026-09-29T15:14:32.070+08:00  INFO 16396 --- [seckill-system] [o-18090-exec-86] c.d.s.service.ProtectedSeckillService    : submission queued request=6fdcbda0-a340-3199-977f-3cde80c6aae9
2026-09-29T15:14:32.081+08:00  INFO 16396 --- [seckill-system] [o-18090-exec-99] c.d.s.service.ProtectedSeckillService    : submission queued request=470a32f8-1949-320c-bf32-1d93958e295e
2026-09-29T15:14:32.086+08:00  INFO 16396 --- [seckill-system] [OrderListener-1] c.d.seckill.service.AsyncOrderConsumer   : order committed request=9c89c5d6-198c-391f-87a2-8784e24b7077 order=136985
2026-09-29T15:14:32.087+08:00  INFO 16396 --- [seckill-system] [OrderListener-2] c.d.seckill.service.AsyncOrderConsumer   : order committed request=268eadbf-ca4f-32af-be81-621739108884 order=136984
2026-09-29T15:14:32.089+08:00  INFO 16396 --- [seckill-system] [o-18090-exec-28] c.d.s.service.ProtectedSeckillService    : submission queued request=1194ffcf-2a30-31a0-86ce-90945610ba87
2026-09-29T15:14:32.093+08:00  INFO 16396 --- [seckill-system] [o-18090-exec-16] c.d.s.service.ProtectedSeckillService    : submission queued request=9c494601-1704-3c28-84eb-f1423b948945
2026-09-29T15:14:32.095+08:00  INFO 16396 --- [seckill-system] [o-18090-exec-98] c.d.s.service.ProtectedSeckillService    : submission queued request=5ebd0c39-a2f9-3472-873b-f08441f234ec
2026-09-29T15:14:32.096+08:00  INFO 16396 --- [seckill-system] [o-18090-exec-81] c.d.s.service.ProtectedSeckillService    : submission queued request=bfafb882-0d2a-3783-b67b-3aa5091d62d0
2026-09-29T15:14:32.103+08:00  INFO 16396 --- [seckill-system] [o-18090-exec-54] c.d.s.service.ProtectedSeckillService    : submission queued request=faa126bb-af5d-335f-a159-6f61b1ba79b0
2026-09-29T15:14:32.109+08:00  INFO 16396 --- [seckill-system] [o-18090-exec-85] c.d.s.service.ProtectedSeckillService    : submission queued request=01614c65-f8d1-3037-a80a-488c5013a4de
2026-09-29T15:14:32.110+08:00  INFO 16396 --- [seckill-system] [OrderListener-2] c.d.seckill.service.AsyncOrderConsumer   : order committed request=b3d7784f-63c7-3c2b-b0f6-67e73abbef30 order=136987
2026-09-29T15:14:32.110+08:00  INFO 16396 --- [seckill-system] [OrderListener-1] c.d.seckill.service.AsyncOrderConsumer   : order committed request=dddcc151-520d-3ddb-b38b-1789729dfb47 order=136986
2026-09-29T15:14:32.128+08:00  INFO 16396 --- [seckill-system] [io-18090-exec-8] c.d.s.service.ProtectedSeckillService    : submission queued request=f88c546e-e948-323c-8d0b-8d7a0394e824
2026-09-29T15:14:32.137+08:00  INFO 16396 --- [seckill-system] [o-18090-exec-12] c.d.s.service.ProtectedSeckillService    : submission queued request=0bd0fdb5-b1b1-3b8b-8aaa-34927094f686
2026-09-29T15:14:32.142+08:00  INFO 16396 --- [seckill-system] [o-18090-exec-29] c.d.s.service.ProtectedSeckillService    : submission queued request=80af5a28-ced3-3e72-bf72-345d1bcb69b0
2026-09-29T15:14:32.144+08:00  INFO 16396 --- [seckill-system] [o-18090-exec-65] c.d.s.service.ProtectedSeckillService    : submission queued request=8b01042a-30f1-338d-8889-0fc6743fc30d
2026-09-29T15:14:32.144+08:00  INFO 16396 --- [seckill-system] [o-18090-exec-60] c.d.s.service.ProtectedSeckillService    : submission queued request=61d6b785-dcb1-32d8-8602-bebc8530045b
2026-09-29T15:14:32.144+08:00  INFO 16396 --- [seckill-system] [o-18090-exec-55] c.d.s.service.ProtectedSeckillService    : submission queued request=b24002e1-1fcd-3e30-b6d7-90c9bcfa8b1f
2026-09-29T15:14:32.145+08:00  INFO 16396 --- [seckill-system] [o-18090-exec-53] c.d.s.service.ProtectedSeckillService    : submission queued request=2ad648f7-968b-32bd-ae70-b8dee03052b0
2026-09-29T15:14:32.148+08:00  INFO 16396 --- [seckill-system] [o-18090-exec-89] c.d.s.service.ProtectedSeckillService    : submission queued request=8c78d36c-8351-3042-bd41-2df7abb3ed6f
2026-09-29T15:14:32.155+08:00  INFO 16396 --- [seckill-system] [o-18090-exec-27] c.d.s.service.ProtectedSeckillService    : submission queued request=e4b9d8cd-0d14-3077-b36e-65fc9f587c5c
2026-09-29T15:14:32.161+08:00  INFO 16396 --- [seckill-system] [OrderListener-1] c.d.seckill.service.AsyncOrderConsumer   : order committed request=969698f2-9f09-3336-ac81-c00b7ae5b0b7 order=136988
2026-09-29T15:14:32.161+08:00  INFO 16396 --- [seckill-system] [OrderListener-2] c.d.seckill.service.AsyncOrderConsumer   : order committed request=f08a1e0a-94bc-344a-9a02-c2704034feac order=136989
2026-09-29T15:14:32.165+08:00  INFO 16396 --- [seckill-system] [o-18090-exec-36] c.d.s.service.ProtectedSeckillService    : submission queued request=519fa7cd-360c-3439-8d4f-02e43ee1efdc
2026-09-29T15:14:32.168+08:00  INFO 16396 --- [seckill-system] [o-18090-exec-70] c.d.s.service.ProtectedSeckillService    : submission queued request=b693c2ba-ef7d-3e01-9ab9-cf3e851b0bd5
2026-09-29T15:14:32.172+08:00  INFO 16396 --- [seckill-system] [o-18090-exec-95] c.d.s.service.ProtectedSeckillService    : submission queued request=24fbcce9-7c4d-3264-b00a-dd64f81fb82a
2026-09-29T15:14:32.174+08:00  INFO 16396 --- [seckill-system] [o-18090-exec-16] c.d.s.service.ProtectedSeckillService    : submission queued request=4f6d6c6d-f6b6-33a8-8384-44fd2901e5a8
2026-09-29T15:14:32.183+08:00  INFO 16396 --- [seckill-system] [OrderListener-2] c.d.seckill.service.AsyncOrderConsumer   : order committed request=cb262620-2a22-338c-ac40-aa931e336bfd order=136991
2026-09-29T15:14:32.183+08:00  INFO 16396 --- [seckill-system] [OrderListener-1] c.d.seckill.service.AsyncOrderConsumer   : order committed request=c2434fb2-1083-30b4-ac77-4912ad34df9b order=136990
2026-09-29T15:14:32.185+08:00  INFO 16396 --- [seckill-system] [o-18090-exec-49] c.d.s.service.ProtectedSeckillService    : submission queued request=67908db7-869c-3c81-8ca8-2d71cdb36457
2026-09-29T15:14:32.188+08:00  INFO 16396 --- [seckill-system] [o-18090-exec-99] c.d.s.service.ProtectedSeckillService    : submission queued request=84122775-a8a2-3c4c-8f01-6a4f2aa8cea7
2026-09-29T15:14:32.189+08:00  INFO 16396 --- [seckill-system] [o-18090-exec-94] c.d.s.service.ProtectedSeckillService    : submission queued request=54dcf6fe-084a-3a12-94d8-2217d7d40e98
2026-09-29T15:14:32.193+08:00  INFO 16396 --- [seckill-system] [o-18090-exec-44] c.d.s.service.ProtectedSeckillService    : submission queued request=f4a08abe-372e-3151-be26-487187f77ffe
2026-09-29T15:14:32.197+08:00  INFO 16396 --- [seckill-system] [io-18090-exec-8] c.d.s.service.ProtectedSeckillService    : submission queued request=241c2745-bcd0-3171-a568-1027090a72fe
2026-09-29T15:14:32.200+08:00  INFO 16396 --- [seckill-system] [o-18090-exec-60] c.d.s.service.ProtectedSeckillService    : submission queued request=b761d52f-5ced-36a8-b091-75c5cf9d496e
2026-09-29T15:14:32.200+08:00  INFO 16396 --- [seckill-system] [OrderListener-1] c.d.seckill.service.AsyncOrderConsumer   : order committed request=8aa1537e-145e-33ea-a531-b460f1be77c5 order=136992
2026-09-29T15:14:32.201+08:00  INFO 16396 --- [seckill-system] [OrderListener-2] c.d.seckill.service.AsyncOrderConsumer   : order committed request=b432adf0-9f75-3eee-8523-1c13099c29cb order=136993
2026-09-29T15:14:32.207+08:00  INFO 16396 --- [seckill-system] [o-18090-exec-89] c.d.s.service.ProtectedSeckillService    : submission queued request=60c2324e-2985-30a1-a0da-0fc3bb7877ee
2026-09-29T15:14:32.212+08:00  INFO 16396 --- [seckill-system] [o-18090-exec-11] c.d.s.service.ProtectedSeckillService    : submission queued request=c52f57e2-f931-3529-a419-82d3c3ae3347
2026-09-29T15:14:32.216+08:00  INFO 16396 --- [seckill-system] [OrderListener-1] c.d.seckill.service.AsyncOrderConsumer   : order committed request=e562b6fe-38ef-326d-8dca-cc58bec0fc3e order=136994
2026-09-29T15:14:32.217+08:00  INFO 16396 --- [seckill-system] [OrderListener-2] c.d.seckill.service.AsyncOrderConsumer   : order committed request=80c6fb23-28f5-31bc-8551-4f3b7c239519 order=136995
2026-09-29T15:14:32.219+08:00  INFO 16396 --- [seckill-system] [o-18090-exec-69] c.d.s.service.ProtectedSeckillService    : submission queued request=4a72b10e-ae26-3c2d-b155-1afac9e582f9
2026-09-29T15:14:32.221+08:00  INFO 16396 --- [seckill-system] [o-18090-exec-52] c.d.s.service.ProtectedSeckillService    : submission queued request=37c1f287-85dd-3528-8b6e-bfd77f124e59
2026-09-29T15:14:32.227+08:00  INFO 16396 --- [seckill-system] [o-18090-exec-54] c.d.s.service.ProtectedSeckillService    : submission queued request=6c872c20-b5c2-3db1-ad7b-0dc7ae6da052
2026-09-29T15:14:32.233+08:00  INFO 16396 --- [seckill-system] [o-18090-exec-85] c.d.s.service.ProtectedSeckillService    : submission queued request=eb5d7ba4-e188-3f07-a9bf-303ff834a644
2026-09-29T15:14:32.236+08:00  INFO 16396 --- [seckill-system] [OrderListener-1] c.d.seckill.service.AsyncOrderConsumer   : order committed request=4e5ba052-b130-3d70-bce1-338ed2be652f order=136996
2026-09-29T15:14:32.236+08:00  INFO 16396 --- [seckill-system] [OrderListener-2] c.d.seckill.service.AsyncOrderConsumer   : order committed request=917fcb56-7a44-3d99-8126-1646e9967a0b order=136997
2026-09-29T15:14:32.240+08:00  INFO 16396 --- [seckill-system] [io-18090-exec-1] c.d.s.service.ProtectedSeckillService    : submission queued request=760b8dc3-f271-3f23-998f-8a6654aabf2b
2026-09-29T15:14:32.244+08:00  INFO 16396 --- [seckill-system] [o-18090-exec-65] c.d.s.service.ProtectedSeckillService    : submission queued request=e2e8f42c-58f9-3c80-a4b2-6579b53d16d0
2026-09-29T15:14:32.247+08:00  INFO 16396 --- [seckill-system] [o-18090-exec-80] c.d.s.service.ProtectedSeckillService    : submission queued request=ca829ed5-5a07-374b-9033-384ca221c2eb
2026-09-29T15:14:32.252+08:00  INFO 16396 --- [seckill-system] [o-18090-exec-79] c.d.s.service.ProtectedSeckillService    : submission queued request=cbf72ea3-4110-3579-8f59-ae82cedd764a
2026-09-29T15:14:32.253+08:00  INFO 16396 --- [seckill-system] [OrderListener-2] c.d.seckill.service.AsyncOrderConsumer   : order committed request=67613f7c-de1f-3216-b341-7fd40df48af9 order=136998
2026-09-29T15:14:32.254+08:00  INFO 16396 --- [seckill-system] [OrderListener-1] c.d.seckill.service.AsyncOrderConsumer   : order committed request=d6608e08-4a75-3084-b488-bf92644a1f28 order=136999
2026-09-29T15:14:32.258+08:00  INFO 16396 --- [seckill-system] [o-18090-exec-70] c.d.s.service.ProtectedSeckillService    : submission queued request=12fb89ca-1c86-3a6e-9a35-382f135ee716
2026-09-29T15:14:32.263+08:00  INFO 16396 --- [seckill-system] [o-18090-exec-93] c.d.s.service.ProtectedSeckillService    : submission queued request=c3ed5391-58af-3cff-9b5a-241f24c04672
2026-09-29T15:14:32.272+08:00  INFO 16396 --- [seckill-system] [o-18090-exec-63] c.d.s.service.ProtectedSeckillService    : submission queued request=0d8f63e0-b10e-37af-9b19-30dbd5173c1a
2026-09-29T15:14:32.273+08:00  INFO 16396 --- [seckill-system] [OrderListener-1] c.d.seckill.service.AsyncOrderConsumer   : order committed request=36383120-7d9b-3d32-94af-b4736da66329 order=137001
2026-09-29T15:14:32.273+08:00  INFO 16396 --- [seckill-system] [OrderListener-2] c.d.seckill.service.AsyncOrderConsumer   : order committed request=a79ce796-8551-3930-ab0f-bb8ff1a7374d order=137000
2026-09-29T15:14:32.278+08:00  INFO 16396 --- [seckill-system] [o-18090-exec-40] c.d.s.service.ProtectedSeckillService    : submission queued request=450a3fa1-5c13-3804-bf82-43dbf1a9bc17
2026-09-29T15:14:32.279+08:00  INFO 16396 --- [seckill-system] [o-18090-exec-50] c.d.s.service.ProtectedSeckillService    : submission queued request=568aa7b3-6fe9-3dbc-b654-a78163c03a44
2026-09-29T15:14:32.281+08:00  INFO 16396 --- [seckill-system] [o-18090-exec-65] c.d.s.service.ProtectedSeckillService    : submission queued request=486d4a45-110e-3b5a-9e4b-bf597090517e
2026-09-29T15:14:32.287+08:00  INFO 16396 --- [seckill-system] [o-18090-exec-84] c.d.s.service.ProtectedSeckillService    : submission queued request=976aa92d-2363-31c2-975d-eb4436081119
2026-09-29T15:14:32.294+08:00  INFO 16396 --- [seckill-system] [OrderListener-2] c.d.seckill.service.AsyncOrderConsumer   : order committed request=8f5f18e9-a039-37a6-8ca1-8d5e68936aba order=137002
2026-09-29T15:14:32.294+08:00  INFO 16396 --- [seckill-system] [OrderListener-1] c.d.seckill.service.AsyncOrderConsumer   : order committed request=bd2dd484-9411-3b68-81fb-0858097a04e3 order=137003
2026-09-29T15:14:32.302+08:00  INFO 16396 --- [seckill-system] [o-18090-exec-14] c.d.s.service.ProtectedSeckillService    : submission queued request=5bc6d45b-07c7-3203-958e-8b94c4e54af9
2026-09-29T15:14:32.306+08:00  INFO 16396 --- [seckill-system] [o-18090-exec-92] c.d.s.service.ProtectedSeckillService    : submission queued request=47ac125c-dd58-370c-a923-0714bb54ebcc
2026-09-29T15:14:32.308+08:00  INFO 16396 --- [seckill-system] [o-18090-exec-70] c.d.s.service.ProtectedSeckillService    : submission queued request=f88f912b-5a0d-3cb3-92bc-fdc2ac78641c
2026-09-29T15:14:32.310+08:00  INFO 16396 --- [seckill-system] [o-18090-exec-98] c.d.s.service.ProtectedSeckillService    : submission queued request=938af660-6995-3ceb-90cd-5daa8e5668ad
2026-09-29T15:14:32.312+08:00  INFO 16396 --- [seckill-system] [o-18090-exec-72] c.d.s.service.ProtectedSeckillService    : submission queued request=7569fd61-e2f8-3338-bcbb-1f0bd50c1d9c
2026-09-29T15:14:32.312+08:00  INFO 16396 --- [seckill-system] [OrderListener-1] c.d.seckill.service.AsyncOrderConsumer   : order committed request=220d989e-5b0b-3b9b-9e03-03731881e857 order=137004
2026-09-29T15:14:32.314+08:00  INFO 16396 --- [seckill-system] [OrderListener-2] c.d.seckill.service.AsyncOrderConsumer   : order committed request=06159820-343e-3739-9aab-27a41d3bdf6a order=137005
2026-09-29T15:14:32.318+08:00  INFO 16396 --- [seckill-system] [o-18090-exec-33] c.d.s.service.ProtectedSeckillService    : submission queued request=f61fa10a-0761-3d18-aaf8-15cab3569f8f
2026-09-29T15:14:32.320+08:00  INFO 16396 --- [seckill-system] [o-18090-exec-61] c.d.s.service.ProtectedSeckillService    : submission queued request=e85c392d-6fab-3222-bb92-87ae2ccc8756
2026-09-29T15:14:32.324+08:00  INFO 16396 --- [seckill-system] [io-18090-exec-1] c.d.s.service.ProtectedSeckillService    : submission queued request=02d4a535-8988-38f4-939d-b64e0a8bbdcc
2026-09-29T15:14:32.327+08:00  INFO 16396 --- [seckill-system] [OrderListener-1] c.d.seckill.service.AsyncOrderConsumer   : order committed request=1c7d545a-cf74-3da4-852f-f9b5d3376a31 order=137006
2026-09-29T15:14:32.328+08:00  INFO 16396 --- [seckill-system] [OrderListener-2] c.d.seckill.service.AsyncOrderConsumer   : order committed request=00c07260-96bb-3e20-9fd2-ed97cbe6544a order=137007
2026-09-29T15:14:32.331+08:00  INFO 16396 --- [seckill-system] [o-18090-exec-32] c.d.s.service.ProtectedSeckillService    : submission queued request=ab429203-48c4-373d-a3b2-1fd9988c4580
2026-09-29T15:14:32.335+08:00  INFO 16396 --- [seckill-system] [o-18090-exec-35] c.d.s.service.ProtectedSeckillService    : submission queued request=8c5723c1-15f6-3836-a463-7555d1cbeacf
2026-09-29T15:14:32.340+08:00  INFO 16396 --- [seckill-system] [o-18090-exec-65] c.d.s.service.ProtectedSeckillService    : submission queued request=db5250a1-146c-384c-8680-7eada05624cc
2026-09-29T15:14:32.341+08:00  INFO 16396 --- [seckill-system] [OrderListener-1] c.d.seckill.service.AsyncOrderConsumer   : order committed request=498868f9-7cf4-367a-8c59-f318c67a3a4d order=137008
2026-09-29T15:14:32.342+08:00  INFO 16396 --- [seckill-system] [OrderListener-2] c.d.seckill.service.AsyncOrderConsumer   : order committed request=eaa9f6a3-6b44-3b90-8779-71d84ce70166 order=137009
2026-09-29T15:14:32.345+08:00  INFO 16396 --- [seckill-system] [o-18090-exec-73] c.d.s.service.ProtectedSeckillService    : submission queued request=d886a6f4-e03c-3350-8352-dd2fa7f63b4d
2026-09-29T15:14:32.350+08:00  INFO 16396 --- [seckill-system] [o-18090-exec-16] c.d.s.service.ProtectedSeckillService    : submission queued request=f51a15f1-7a34-38aa-b083-977759733f44
2026-09-29T15:14:32.354+08:00  INFO 16396 --- [seckill-system] [-18090-exec-100] c.d.s.service.ProtectedSeckillService    : submission queued request=faf57ec9-8028-3bcf-840e-1a7a123a87e8
2026-09-29T15:14:32.356+08:00  INFO 16396 --- [seckill-system] [OrderListener-1] c.d.seckill.service.AsyncOrderConsumer   : order committed request=628806e5-d210-343c-9fd0-fd5b07cbf24f order=137010
2026-09-29T15:14:32.356+08:00  INFO 16396 --- [seckill-system] [OrderListener-2] c.d.seckill.service.AsyncOrderConsumer   : order committed request=4ce9ad6a-72b3-3507-ab05-9d26a842d59c order=137011
2026-09-29T15:14:32.360+08:00  INFO 16396 --- [seckill-system] [o-18090-exec-22] c.d.s.service.ProtectedSeckillService    : submission queued request=b9b113f1-5f8d-3823-a394-4b32d00a707e
2026-09-29T15:14:32.364+08:00  INFO 16396 --- [seckill-system] [o-18090-exec-21] c.d.s.service.ProtectedSeckillService    : submission queued request=a4d34bf2-b0a9-35ee-8a26-c59ba0e66bfd
2026-09-29T15:14:32.369+08:00  INFO 16396 --- [seckill-system] [OrderListener-2] c.d.seckill.service.AsyncOrderConsumer   : order committed request=bb8f2e49-5599-3cb6-87eb-2a38c0265a44 order=137012
2026-09-29T15:14:32.370+08:00  INFO 16396 --- [seckill-system] [o-18090-exec-67] c.d.s.service.ProtectedSeckillService    : submission queued request=f488cee6-5f84-3d39-9b09-00864587885e
2026-09-29T15:14:32.370+08:00  INFO 16396 --- [seckill-system] [OrderListener-1] c.d.seckill.service.AsyncOrderConsumer   : order committed request=c581a9fd-f120-3fca-ac6e-a58e7cba002e order=137013
2026-09-29T15:14:32.374+08:00  INFO 16396 --- [seckill-system] [o-18090-exec-17] c.d.s.service.ProtectedSeckillService    : submission queued request=cc424402-19fa-3f4f-97e0-548f49ba457e
2026-09-29T15:14:32.378+08:00  INFO 16396 --- [seckill-system] [o-18090-exec-38] c.d.s.service.ProtectedSeckillService    : submission queued request=d09967f8-33ca-3ba3-ac6e-b7a794640a89
2026-09-29T15:14:32.381+08:00  INFO 16396 --- [seckill-system] [OrderListener-2] c.d.seckill.service.AsyncOrderConsumer   : order committed request=7c388b48-e790-3f65-a93c-d6c0330dd773 order=137014
2026-09-29T15:14:32.383+08:00  INFO 16396 --- [seckill-system] [OrderListener-1] c.d.seckill.service.AsyncOrderConsumer   : order committed request=966dcbeb-72a1-35c1-9bb4-7909fd5e8621 order=137015
2026-09-29T15:14:32.385+08:00  INFO 16396 --- [seckill-system] [o-18090-exec-25] c.d.s.service.ProtectedSeckillService    : submission queued request=62550a89-5911-3fd5-aed9-fff417b266ec
2026-09-29T15:14:32.390+08:00  INFO 16396 --- [seckill-system] [o-18090-exec-47] c.d.s.service.ProtectedSeckillService    : submission queued request=4e3e5057-18e5-319a-83ca-1d1de10693a4
2026-09-29T15:14:32.403+08:00  INFO 16396 --- [seckill-system] [OrderListener-1] c.d.seckill.service.AsyncOrderConsumer   : order committed request=24f34411-ef4a-39f1-b032-56e128460350 order=137016
2026-09-29T15:14:32.403+08:00  INFO 16396 --- [seckill-system] [o-18090-exec-68] c.d.s.service.ProtectedSeckillService    : submission queued request=b29627a2-7738-3c10-9ffa-2e24e43a38f5
2026-09-29T15:14:32.404+08:00  INFO 16396 --- [seckill-system] [OrderListener-2] c.d.seckill.service.AsyncOrderConsumer   : order committed request=cd90cdba-aff2-3e7c-9e94-486f5d8ae6f7 order=137017
2026-09-29T15:14:32.405+08:00  INFO 16396 --- [seckill-system] [o-18090-exec-44] c.d.s.service.ProtectedSeckillService    : submission queued request=f08b8ad8-bba3-371e-904d-e59bc1b1e789
2026-09-29T15:14:32.408+08:00  INFO 16396 --- [seckill-system] [o-18090-exec-77] c.d.s.service.ProtectedSeckillService    : submission queued request=c3590cf0-9169-3948-917e-42f144d8e14f
2026-09-29T15:14:32.410+08:00  INFO 16396 --- [seckill-system] [o-18090-exec-98] c.d.s.service.ProtectedSeckillService    : submission queued request=6a70050e-5505-309e-a07e-44ef0ac8ff4b
2026-09-29T15:14:32.414+08:00  INFO 16396 --- [seckill-system] [o-18090-exec-26] c.d.s.service.ProtectedSeckillService    : submission queued request=51a6f52d-6ae4-3b8e-8448-ef91a50ff861
2026-09-29T15:14:32.418+08:00  INFO 16396 --- [seckill-system] [OrderListener-1] c.d.seckill.service.AsyncOrderConsumer   : order committed request=bd9fed7f-a606-3b79-a7f9-9fcb7fe8719e order=137018
2026-09-29T15:14:32.419+08:00  INFO 16396 --- [seckill-system] [o-18090-exec-41] c.d.s.service.ProtectedSeckillService    : submission queued request=8cc4528a-85a8-38d2-aa29-584bdee34cd6
2026-09-29T15:14:32.419+08:00  INFO 16396 --- [seckill-system] [OrderListener-2] c.d.seckill.service.AsyncOrderConsumer   : order committed request=0c34abb7-89c7-32be-97e8-261cb658aff7 order=137019
2026-09-29T15:14:32.425+08:00  INFO 16396 --- [seckill-system] [o-18090-exec-10] c.d.s.service.ProtectedSeckillService    : submission queued request=44943286-76f6-3d74-a0ce-8834f88eed46
2026-09-29T15:14:32.430+08:00  INFO 16396 --- [seckill-system] [o-18090-exec-42] c.d.s.service.ProtectedSeckillService    : submission queued request=ae1339a2-c352-3c9b-82e1-332e2e4f230c
2026-09-29T15:14:32.432+08:00  INFO 16396 --- [seckill-system] [OrderListener-2] c.d.seckill.service.AsyncOrderConsumer   : order committed request=81c88f7b-d604-3787-8d4c-f7b05545b1ec order=137021
2026-09-29T15:14:32.433+08:00  INFO 16396 --- [seckill-system] [OrderListener-1] c.d.seckill.service.AsyncOrderConsumer   : order committed request=4b1f34df-295d-324b-84c6-c3f8e4ffee31 order=137020
2026-09-29T15:14:32.434+08:00  INFO 16396 --- [seckill-system] [o-18090-exec-56] c.d.s.service.ProtectedSeckillService    : submission queued request=007b68cc-4c94-361b-8e90-875eb4f8ff71
2026-09-29T15:14:32.439+08:00  INFO 16396 --- [seckill-system] [o-18090-exec-86] c.d.s.service.ProtectedSeckillService    : submission queued request=6bd62945-9b14-3f33-8c24-8773c32763e4
2026-09-29T15:14:32.446+08:00  INFO 16396 --- [seckill-system] [o-18090-exec-60] c.d.s.service.ProtectedSeckillService    : submission queued request=6230913d-e8b9-320d-aedd-5cd8632646aa
2026-09-29T15:14:32.447+08:00  INFO 16396 --- [seckill-system] [OrderListener-2] c.d.seckill.service.AsyncOrderConsumer   : order committed request=65e5ae8f-98f5-3ee6-910b-d281f0a77ee9 order=137022
2026-09-29T15:14:32.448+08:00  INFO 16396 --- [seckill-system] [OrderListener-1] c.d.seckill.service.AsyncOrderConsumer   : order committed request=b175c2bf-c7eb-38da-9761-6c093cd21624 order=137023
2026-09-29T15:14:32.451+08:00  INFO 16396 --- [seckill-system] [o-18090-exec-25] c.d.s.service.ProtectedSeckillService    : submission queued request=a7e7baba-f030-3a21-a1cf-ce05d8aaf163
2026-09-29T15:14:32.454+08:00  INFO 16396 --- [seckill-system] [o-18090-exec-43] c.d.s.service.ProtectedSeckillService    : submission queued request=46fd47b5-b1ab-38ee-9cf5-69b3b2a181e4
2026-09-29T15:14:32.459+08:00  INFO 16396 --- [seckill-system] [o-18090-exec-95] c.d.s.service.ProtectedSeckillService    : submission queued request=109a5784-3691-3eb0-826c-4c17f1c60ee5
2026-09-29T15:14:32.476+08:00  INFO 16396 --- [seckill-system] [OrderListener-2] c.d.seckill.service.AsyncOrderConsumer   : order committed request=5b3170b7-d3bb-3961-acfe-a4d90b7cecd1 order=137024
2026-09-29T15:14:32.476+08:00  INFO 16396 --- [seckill-system] [OrderListener-1] c.d.seckill.service.AsyncOrderConsumer   : order committed request=2d7a6ee1-db49-3cff-87ba-bc79033c3d88 order=137025
2026-09-29T15:14:32.480+08:00  INFO 16396 --- [seckill-system] [o-18090-exec-43] c.d.s.service.ProtectedSeckillService    : submission queued request=bad4dd10-9471-3384-872f-dca5f85b4196
2026-09-29T15:14:32.485+08:00  INFO 16396 --- [seckill-system] [o-18090-exec-61] c.d.s.service.ProtectedSeckillService    : submission queued request=db8da6fb-2ef4-352a-a47c-5f0969a48072
2026-09-29T15:14:32.487+08:00  INFO 16396 --- [seckill-system] [o-18090-exec-44] c.d.s.service.ProtectedSeckillService    : submission queued request=7762d886-8819-3a96-9e87-26021ef98c33
2026-09-29T15:14:32.489+08:00  INFO 16396 --- [seckill-system] [io-18090-exec-3] c.d.s.service.ProtectedSeckillService    : submission queued request=6f6537db-f64f-3dc6-bd1c-f7b0eed2b3dc
2026-09-29T15:14:32.489+08:00  INFO 16396 --- [seckill-system] [o-18090-exec-93] c.d.s.service.ProtectedSeckillService    : submission queued request=b7179603-5c55-398e-b74d-6fcfc8b632d5
2026-09-29T15:14:32.489+08:00  INFO 16396 --- [seckill-system] [o-18090-exec-55] c.d.s.service.ProtectedSeckillService    : submission queued request=3e034556-ccd5-33a0-8857-1e54a581b291
2026-09-29T15:14:32.492+08:00  INFO 16396 --- [seckill-system] [OrderListener-2] c.d.seckill.service.AsyncOrderConsumer   : order committed request=80cd04eb-f92c-32b0-9324-f629739c2831 order=137026
2026-09-29T15:14:32.492+08:00  INFO 16396 --- [seckill-system] [OrderListener-1] c.d.seckill.service.AsyncOrderConsumer   : order committed request=1b046d82-6b53-3419-8088-bbc037eb2ff6 order=137027
2026-09-29T15:14:32.493+08:00  INFO 16396 --- [seckill-system] [o-18090-exec-82] c.d.s.service.ProtectedSeckillService    : submission queued request=4c6f34da-7d78-334e-8c44-1137df6a9b3b
2026-09-29T15:14:32.499+08:00  INFO 16396 --- [seckill-system] [o-18090-exec-47] c.d.s.service.ProtectedSeckillService    : submission queued request=c004c3a9-d602-38c3-9cc7-7756260be39a
2026-09-29T15:14:32.504+08:00  INFO 16396 --- [seckill-system] [OrderListener-1] c.d.seckill.service.AsyncOrderConsumer   : order committed request=14d8282a-6390-3fdc-a747-33f08b7a43c2 order=137028
2026-09-29T15:14:32.504+08:00  INFO 16396 --- [seckill-system] [o-18090-exec-70] c.d.s.service.ProtectedSeckillService    : submission queued request=14ce3bf7-150a-3201-ac9f-1bc8926a4b2b
2026-09-29T15:14:32.506+08:00  INFO 16396 --- [seckill-system] [OrderListener-2] c.d.seckill.service.AsyncOrderConsumer   : order committed request=c3799cd3-3a65-3e35-96a8-d13dc4600610 order=137029
2026-09-29T15:14:32.510+08:00  INFO 16396 --- [seckill-system] [o-18090-exec-32] c.d.s.service.ProtectedSeckillService    : submission queued request=c47e291a-68ba-3ce3-a45a-79622658fe48
2026-09-29T15:14:32.518+08:00  INFO 16396 --- [seckill-system] [OrderListener-1] c.d.seckill.service.AsyncOrderConsumer   : order committed request=1e4711ad-0e03-3359-a5d7-364e601c5cf1 order=137031
2026-09-29T15:14:32.518+08:00  INFO 16396 --- [seckill-system] [OrderListener-2] c.d.seckill.service.AsyncOrderConsumer   : order committed request=1186f6d8-2c92-36f7-aad4-db1f6d12bc79 order=137030
2026-09-29T15:14:32.521+08:00  INFO 16396 --- [seckill-system] [o-18090-exec-71] c.d.s.service.ProtectedSeckillService    : submission queued request=b009c862-14d9-3144-9f83-915b080a76c7
2026-09-29T15:14:32.530+08:00  INFO 16396 --- [seckill-system] [OrderListener-1] c.d.seckill.service.AsyncOrderConsumer   : order committed request=653ec771-62d0-38aa-853f-248996be5afa order=137033
2026-09-29T15:14:32.531+08:00  INFO 16396 --- [seckill-system] [OrderListener-2] c.d.seckill.service.AsyncOrderConsumer   : order committed request=87de493c-cb4a-3d14-acb7-be62907afc70 order=137032
2026-09-29T15:14:32.532+08:00  INFO 16396 --- [seckill-system] [-18090-exec-100] c.d.s.service.ProtectedSeckillService    : submission queued request=35d309cc-5b23-3e39-be25-968d120d927f
2026-09-29T15:14:32.541+08:00  INFO 16396 --- [seckill-system] [OrderListener-2] c.d.seckill.service.AsyncOrderConsumer   : order committed request=fe7104f3-e4ed-359c-8736-f23be682c975 order=137034
2026-09-29T15:14:32.541+08:00  INFO 16396 --- [seckill-system] [OrderListener-1] c.d.seckill.service.AsyncOrderConsumer   : order committed request=a0f5455f-6574-30b9-8aca-7f09e8ab858c order=137035
2026-09-29T15:14:32.553+08:00  INFO 16396 --- [seckill-system] [OrderListener-1] c.d.seckill.service.AsyncOrderConsumer   : order committed request=bc6bf164-66a7-3732-a90d-c7b748854182 order=137037
2026-09-29T15:14:32.553+08:00  INFO 16396 --- [seckill-system] [OrderListener-2] c.d.seckill.service.AsyncOrderConsumer   : order committed request=8464f340-5493-3d27-9183-d9c06592ae85 order=137036
2026-09-29T15:14:32.564+08:00  INFO 16396 --- [seckill-system] [OrderListener-1] c.d.seckill.service.AsyncOrderConsumer   : order committed request=528b8aa5-9f43-31f0-becf-663c0478c35e order=137038
2026-09-29T15:14:32.565+08:00  INFO 16396 --- [seckill-system] [OrderListener-2] c.d.seckill.service.AsyncOrderConsumer   : order committed request=f1c75f11-d25a-3eef-a1b3-4c1d63d51cdf order=137039
2026-09-29T15:14:32.575+08:00  INFO 16396 --- [seckill-system] [OrderListener-2] c.d.seckill.service.AsyncOrderConsumer   : order committed request=e5375bea-0f01-3f4f-87d3-7435887a2adc order=137041
2026-09-29T15:14:32.575+08:00  INFO 16396 --- [seckill-system] [OrderListener-1] c.d.seckill.service.AsyncOrderConsumer   : order committed request=b5148758-4de5-3e94-95bb-1c214871faf0 order=137040
2026-09-29T15:14:32.586+08:00  INFO 16396 --- [seckill-system] [OrderListener-1] c.d.seckill.service.AsyncOrderConsumer   : order committed request=6005c9ed-679b-3984-9ed4-56e2d780e65b order=137043
2026-09-29T15:14:32.586+08:00  INFO 16396 --- [seckill-system] [OrderListener-2] c.d.seckill.service.AsyncOrderConsumer   : order committed request=7d384b72-0fd2-3f68-b7ad-5526eef7da59 order=137042
2026-09-29T15:14:32.598+08:00  INFO 16396 --- [seckill-system] [OrderListener-1] c.d.seckill.service.AsyncOrderConsumer   : order committed request=22b96a7b-bbc0-3c2e-a302-115f9750a18b order=137045
2026-09-29T15:14:32.598+08:00  INFO 16396 --- [seckill-system] [OrderListener-2] c.d.seckill.service.AsyncOrderConsumer   : order committed request=6404c82e-beeb-312c-9977-feae0e7f2160 order=137044
2026-09-29T15:14:32.609+08:00  INFO 16396 --- [seckill-system] [OrderListener-2] c.d.seckill.service.AsyncOrderConsumer   : order committed request=a7e16e07-af92-3583-846e-fd5ddcc3ef1d order=137047
2026-09-29T15:14:32.609+08:00  INFO 16396 --- [seckill-system] [OrderListener-1] c.d.seckill.service.AsyncOrderConsumer   : order committed request=b463e9ee-e4fd-3ac0-abd0-184c397d8e7d order=137046
2026-09-29T15:14:32.621+08:00  INFO 16396 --- [seckill-system] [OrderListener-2] c.d.seckill.service.AsyncOrderConsumer   : order committed request=c39f07a2-6ea0-305a-8d02-e1f01b9c7a17 order=137049
2026-09-29T15:14:32.621+08:00  INFO 16396 --- [seckill-system] [OrderListener-1] c.d.seckill.service.AsyncOrderConsumer   : order committed request=ab306ee9-40ec-3a5f-886f-1d12936e36f9 order=137048
2026-09-29T15:14:32.633+08:00  INFO 16396 --- [seckill-system] [OrderListener-2] c.d.seckill.service.AsyncOrderConsumer   : order committed request=6e8e2cdc-22af-3d92-a4e1-7b333e934d31 order=137050
2026-09-29T15:14:32.633+08:00  INFO 16396 --- [seckill-system] [OrderListener-1] c.d.seckill.service.AsyncOrderConsumer   : order committed request=9c615c7c-ad85-383a-af15-26b37d29e9f9 order=137051
2026-09-29T15:14:32.646+08:00  INFO 16396 --- [seckill-system] [OrderListener-1] c.d.seckill.service.AsyncOrderConsumer   : order committed request=c5c72978-d224-3a3c-8fb0-df652d32c73b order=137052
2026-09-29T15:14:32.646+08:00  INFO 16396 --- [seckill-system] [OrderListener-2] c.d.seckill.service.AsyncOrderConsumer   : order committed request=6c607044-2b05-38f2-9f6b-f74e28401918 order=137053
2026-09-29T15:14:32.657+08:00  INFO 16396 --- [seckill-system] [OrderListener-1] c.d.seckill.service.AsyncOrderConsumer   : order committed request=9bc2cc00-91c2-3756-a545-994138b6bc2b order=137054
2026-09-29T15:14:32.657+08:00  INFO 16396 --- [seckill-system] [OrderListener-2] c.d.seckill.service.AsyncOrderConsumer   : order committed request=68478f30-7228-31c7-b842-f1f2980c2ce6 order=137055
2026-09-29T15:14:32.669+08:00  INFO 16396 --- [seckill-system] [OrderListener-1] c.d.seckill.service.AsyncOrderConsumer   : order committed request=3bebee17-71ec-3a17-b600-eb88e79cecaa order=137056
2026-09-29T15:14:32.669+08:00  INFO 16396 --- [seckill-system] [OrderListener-2] c.d.seckill.service.AsyncOrderConsumer   : order committed request=cab1f32d-53cb-3ac3-84d6-f363f0eea178 order=137057
2026-09-29T15:14:32.680+08:00  INFO 16396 --- [seckill-system] [OrderListener-1] c.d.seckill.service.AsyncOrderConsumer   : order committed request=7676afcc-7f2b-3c96-9eed-e966888f35e0 order=137058
2026-09-29T15:14:32.681+08:00  INFO 16396 --- [seckill-system] [OrderListener-2] c.d.seckill.service.AsyncOrderConsumer   : order committed request=751ed72a-6efa-363a-9b5d-7daf2c1425f7 order=137059
2026-09-29T15:14:32.691+08:00  INFO 16396 --- [seckill-system] [OrderListener-1] c.d.seckill.service.AsyncOrderConsumer   : order committed request=f19a94c4-4469-3a40-9bcc-397fbfcca41f order=137061
2026-09-29T15:14:32.691+08:00  INFO 16396 --- [seckill-system] [OrderListener-2] c.d.seckill.service.AsyncOrderConsumer   : order committed request=b6e9e2ad-8d41-3ac8-87bb-e5bc21cc0ad3 order=137060
2026-09-29T15:14:32.702+08:00  INFO 16396 --- [seckill-system] [OrderListener-1] c.d.seckill.service.AsyncOrderConsumer   : order committed request=262609fb-dba8-30aa-beee-35c33ddfcd32 order=137062
2026-09-29T15:14:32.703+08:00  INFO 16396 --- [seckill-system] [OrderListener-2] c.d.seckill.service.AsyncOrderConsumer   : order committed request=fb87aa91-e0ac-3701-a417-18f8841d36c3 order=137063
2026-09-29T15:14:32.713+08:00  INFO 16396 --- [seckill-system] [OrderListener-2] c.d.seckill.service.AsyncOrderConsumer   : order committed request=804131c4-e395-38a7-9426-7baaee2aec1a order=137064
2026-09-29T15:14:32.713+08:00  INFO 16396 --- [seckill-system] [OrderListener-1] c.d.seckill.service.AsyncOrderConsumer   : order committed request=45b91b91-ab0b-3310-bdb9-e68cd9e108f3 order=137065
2026-09-29T15:14:32.724+08:00  INFO 16396 --- [seckill-system] [OrderListener-2] c.d.seckill.service.AsyncOrderConsumer   : order committed request=442153eb-4a9c-3304-9765-49645926e4bb order=137066
2026-09-29T15:14:32.725+08:00  INFO 16396 --- [seckill-system] [OrderListener-1] c.d.seckill.service.AsyncOrderConsumer   : order committed request=b8840430-d687-3e83-ba37-122232f0ea70 order=137067
2026-09-29T15:14:32.737+08:00  INFO 16396 --- [seckill-system] [OrderListener-2] c.d.seckill.service.AsyncOrderConsumer   : order committed request=2402f30e-90fb-3588-a1a0-c2ab070da165 order=137068
2026-09-29T15:14:32.737+08:00  INFO 16396 --- [seckill-system] [OrderListener-1] c.d.seckill.service.AsyncOrderConsumer   : order committed request=01ffece4-76ec-3698-9040-6e1fc6092bb9 order=137069
2026-09-29T15:14:32.750+08:00  INFO 16396 --- [seckill-system] [OrderListener-1] c.d.seckill.service.AsyncOrderConsumer   : order committed request=28730a5f-9119-3ef9-a61a-d3f3e6c1fe96 order=137071
2026-09-29T15:14:32.750+08:00  INFO 16396 --- [seckill-system] [OrderListener-2] c.d.seckill.service.AsyncOrderConsumer   : order committed request=a383c0db-c054-3f94-b6db-616a7678e577 order=137070
2026-09-29T15:14:32.763+08:00  INFO 16396 --- [seckill-system] [OrderListener-1] c.d.seckill.service.AsyncOrderConsumer   : order committed request=7cdeaf01-b0ec-38ac-a7f8-a10516c77f99 order=137072
2026-09-29T15:14:32.763+08:00  INFO 16396 --- [seckill-system] [OrderListener-2] c.d.seckill.service.AsyncOrderConsumer   : order committed request=5f6aaa3a-4e2e-3800-8f6a-073c237c554b order=137073
2026-09-29T15:14:32.777+08:00  INFO 16396 --- [seckill-system] [OrderListener-1] c.d.seckill.service.AsyncOrderConsumer   : order committed request=1a9520b6-0487-34a8-97c7-5cdf1cf9ca41 order=137074
2026-09-29T15:14:32.778+08:00  INFO 16396 --- [seckill-system] [OrderListener-2] c.d.seckill.service.AsyncOrderConsumer   : order committed request=ac0565e9-a49b-3bc4-bc1e-df2190e0eb4a order=137075
2026-09-29T15:14:32.789+08:00  INFO 16396 --- [seckill-system] [OrderListener-1] c.d.seckill.service.AsyncOrderConsumer   : order committed request=65d5fed9-3c6f-38a5-8e32-4aef4bd12292 order=137076
2026-09-29T15:14:32.789+08:00  INFO 16396 --- [seckill-system] [OrderListener-2] c.d.seckill.service.AsyncOrderConsumer   : order committed request=a6494d7f-e45d-34c3-adc0-fe063835635e order=137077
2026-09-29T15:14:32.801+08:00  INFO 16396 --- [seckill-system] [OrderListener-2] c.d.seckill.service.AsyncOrderConsumer   : order committed request=3af00466-8b8f-365a-be6a-27f811404489 order=137078
2026-09-29T15:14:32.801+08:00  INFO 16396 --- [seckill-system] [OrderListener-1] c.d.seckill.service.AsyncOrderConsumer   : order committed request=0c4cd61f-8cd7-3b6d-aaf4-c1c6e1db32b7 order=137079
2026-09-29T15:14:32.813+08:00  INFO 16396 --- [seckill-system] [OrderListener-1] c.d.seckill.service.AsyncOrderConsumer   : order committed request=a84635e3-99d5-3636-9988-9279bc9df918 order=137080
2026-09-29T15:14:32.813+08:00  INFO 16396 --- [seckill-system] [OrderListener-2] c.d.seckill.service.AsyncOrderConsumer   : order committed request=dea4a967-d24a-39d6-bf2e-5f5f7a464e00 order=137081
2026-09-29T15:14:32.824+08:00  INFO 16396 --- [seckill-system] [OrderListener-1] c.d.seckill.service.AsyncOrderConsumer   : order committed request=9bef5a98-9c54-34ff-b01b-6a07de8f3d8d order=137082
2026-09-29T15:14:32.824+08:00  INFO 16396 --- [seckill-system] [OrderListener-2] c.d.seckill.service.AsyncOrderConsumer   : order committed request=b58fd5d3-e6b4-3838-8ff7-5d4a79163a75 order=137083
2026-09-29T15:14:32.836+08:00  INFO 16396 --- [seckill-system] [OrderListener-2] c.d.seckill.service.AsyncOrderConsumer   : order committed request=4213cbae-3553-3dff-99ab-674303763e4b order=137084
2026-09-29T15:14:32.836+08:00  INFO 16396 --- [seckill-system] [OrderListener-1] c.d.seckill.service.AsyncOrderConsumer   : order committed request=89488f4f-abba-3fd7-8f3e-eb3756bd9b11 order=137085
2026-09-29T15:14:32.848+08:00  INFO 16396 --- [seckill-system] [OrderListener-2] c.d.seckill.service.AsyncOrderConsumer   : order committed request=42eabb06-9534-3978-84e2-7e8c65d02944 order=137086
2026-09-29T15:14:32.848+08:00  INFO 16396 --- [seckill-system] [OrderListener-1] c.d.seckill.service.AsyncOrderConsumer   : order committed request=28a9888e-0237-3aa1-980a-c75beb5c3c2f order=137087
2026-09-29T15:14:32.859+08:00  INFO 16396 --- [seckill-system] [OrderListener-2] c.d.seckill.service.AsyncOrderConsumer   : order committed request=2aec3d4c-6e68-316f-94d5-418997af8d23 order=137089
2026-09-29T15:14:32.860+08:00  INFO 16396 --- [seckill-system] [OrderListener-1] c.d.seckill.service.AsyncOrderConsumer   : order committed request=2018b1d7-3073-3200-b95f-d3e9cb10aab8 order=137088
2026-09-29T15:14:32.871+08:00  INFO 16396 --- [seckill-system] [OrderListener-2] c.d.seckill.service.AsyncOrderConsumer   : order committed request=ab5b4889-200f-3739-967c-18c632a254a7 order=137090
2026-09-29T15:14:32.872+08:00  INFO 16396 --- [seckill-system] [OrderListener-1] c.d.seckill.service.AsyncOrderConsumer   : order committed request=b29f72e5-f774-35ac-b497-521d8cf2e18c order=137091
2026-09-29T15:14:32.881+08:00  INFO 16396 --- [seckill-system] [OrderListener-2] c.d.seckill.service.AsyncOrderConsumer   : order committed request=f164d509-c849-3932-bec4-1c88fa9db0cb order=137092
2026-09-29T15:14:32.882+08:00  INFO 16396 --- [seckill-system] [OrderListener-1] c.d.seckill.service.AsyncOrderConsumer   : order committed request=fd8e0841-d796-3f7c-809e-062bd673c393 order=137093
2026-09-29T15:14:32.893+08:00  INFO 16396 --- [seckill-system] [OrderListener-2] c.d.seckill.service.AsyncOrderConsumer   : order committed request=cd5bd95a-4ad0-31ad-82ca-91745ea9d5c0 order=137094
2026-09-29T15:14:32.893+08:00  INFO 16396 --- [seckill-system] [OrderListener-1] c.d.seckill.service.AsyncOrderConsumer   : order committed request=f82d05e8-8c10-3d13-8d90-7aece5183148 order=137095
2026-09-29T15:14:32.905+08:00  INFO 16396 --- [seckill-system] [OrderListener-1] c.d.seckill.service.AsyncOrderConsumer   : order committed request=14a011bf-be47-3d9b-ac1a-dcbee8844d1f order=137097
2026-09-29T15:14:32.905+08:00  INFO 16396 --- [seckill-system] [OrderListener-2] c.d.seckill.service.AsyncOrderConsumer   : order committed request=2ab0fecf-62be-3932-bead-17b697b5c622 order=137096
2026-09-29T15:14:32.916+08:00  INFO 16396 --- [seckill-system] [OrderListener-2] c.d.seckill.service.AsyncOrderConsumer   : order committed request=aff51e8d-0329-3ec0-925a-28999e53549c order=137099
2026-09-29T15:14:32.916+08:00  INFO 16396 --- [seckill-system] [OrderListener-1] c.d.seckill.service.AsyncOrderConsumer   : order committed request=54da0683-215c-366d-9b78-3b5a5b76f600 order=137098
2026-09-29T15:14:32.927+08:00  INFO 16396 --- [seckill-system] [OrderListener-2] c.d.seckill.service.AsyncOrderConsumer   : order committed request=7c98c6bc-e862-3c4c-8d42-37db458d16e5 order=137100
2026-09-29T15:14:32.928+08:00  INFO 16396 --- [seckill-system] [OrderListener-1] c.d.seckill.service.AsyncOrderConsumer   : order committed request=bf74d169-b21e-3342-90af-b5342a7c277f order=137101
2026-09-29T15:14:32.938+08:00  INFO 16396 --- [seckill-system] [OrderListener-2] c.d.seckill.service.AsyncOrderConsumer   : order committed request=7e283373-52d8-37ea-acb2-ce413b91289a order=137102
2026-09-29T15:14:32.939+08:00  INFO 16396 --- [seckill-system] [OrderListener-1] c.d.seckill.service.AsyncOrderConsumer   : order committed request=7579ea03-dac1-316a-8280-424cfb979e3b order=137103
2026-09-29T15:14:32.949+08:00  INFO 16396 --- [seckill-system] [OrderListener-2] c.d.seckill.service.AsyncOrderConsumer   : order committed request=1d5edfe6-a22e-3c2c-92ea-90af11bb350e order=137104
2026-09-29T15:14:32.950+08:00  INFO 16396 --- [seckill-system] [OrderListener-1] c.d.seckill.service.AsyncOrderConsumer   : order committed request=e1daea4f-c8da-33f7-a6a0-133b42e128a5 order=137105
2026-09-29T15:14:32.961+08:00  INFO 16396 --- [seckill-system] [OrderListener-1] c.d.seckill.service.AsyncOrderConsumer   : order committed request=47fd0dba-50a7-3793-a05e-d3b042896add order=137107
2026-09-29T15:14:32.969+08:00  INFO 16396 --- [seckill-system] [OrderListener-2] c.d.seckill.service.AsyncOrderConsumer   : order committed request=0091c850-ed08-33ca-8e79-946e169cd880 order=137106
2026-09-29T15:14:32.978+08:00  INFO 16396 --- [seckill-system] [OrderListener-1] c.d.seckill.service.AsyncOrderConsumer   : order committed request=597d0f91-a0ad-3c5b-bd42-c6a1044f5297 order=137108
2026-09-29T15:14:32.979+08:00  INFO 16396 --- [seckill-system] [OrderListener-2] c.d.seckill.service.AsyncOrderConsumer   : order committed request=44cb9c0e-1aef-3731-8568-d6164f808870 order=137109
2026-09-29T15:14:32.991+08:00  INFO 16396 --- [seckill-system] [OrderListener-1] c.d.seckill.service.AsyncOrderConsumer   : order committed request=8706e11c-a537-3ff2-8dad-5aa174bff8fd order=137110
2026-09-29T15:14:32.991+08:00  INFO 16396 --- [seckill-system] [OrderListener-2] c.d.seckill.service.AsyncOrderConsumer   : order committed request=6fd91c53-b233-36df-b5d1-d8c548b099ec order=137111
2026-09-29T15:14:33.004+08:00  INFO 16396 --- [seckill-system] [OrderListener-2] c.d.seckill.service.AsyncOrderConsumer   : order committed request=0977cf90-9913-35ea-9268-b14b4e4946f8 order=137112
2026-09-29T15:14:33.004+08:00  INFO 16396 --- [seckill-system] [OrderListener-1] c.d.seckill.service.AsyncOrderConsumer   : order committed request=02a834b5-bb93-3b9c-80ee-19daf247d3bb order=137113
2026-09-29T15:14:33.016+08:00  INFO 16396 --- [seckill-system] [OrderListener-2] c.d.seckill.service.AsyncOrderConsumer   : order committed request=769e33e9-2f64-3a74-af88-f0f7315b8c2e order=137115
2026-09-29T15:14:33.016+08:00  INFO 16396 --- [seckill-system] [OrderListener-1] c.d.seckill.service.AsyncOrderConsumer   : order committed request=ff2f300b-81fa-3400-9f4c-6b48dcd7d19b order=137114
2026-09-29T15:14:33.027+08:00  INFO 16396 --- [seckill-system] [OrderListener-2] c.d.seckill.service.AsyncOrderConsumer   : order committed request=26341b97-6732-3a09-aecf-7e2e7129c68e order=137116
2026-09-29T15:14:33.027+08:00  INFO 16396 --- [seckill-system] [OrderListener-1] c.d.seckill.service.AsyncOrderConsumer   : order committed request=31b1d415-f76f-3298-8b8f-c6a89b0a69c7 order=137117
2026-09-29T15:14:33.038+08:00  INFO 16396 --- [seckill-system] [OrderListener-1] c.d.seckill.service.AsyncOrderConsumer   : order committed request=9c3072ff-9e9c-3487-95df-0f5f5c670d78 order=137119
2026-09-29T15:14:33.039+08:00  INFO 16396 --- [seckill-system] [OrderListener-2] c.d.seckill.service.AsyncOrderConsumer   : order committed request=e7905361-aabb-378b-9260-1655f86b2f66 order=137118
2026-09-29T15:14:33.049+08:00  INFO 16396 --- [seckill-system] [OrderListener-1] c.d.seckill.service.AsyncOrderConsumer   : order committed request=766c189f-b4b7-3b99-9502-d7d2d07b78da order=137120
2026-09-29T15:14:33.050+08:00  INFO 16396 --- [seckill-system] [OrderListener-2] c.d.seckill.service.AsyncOrderConsumer   : order committed request=4d1f759e-926b-34ee-aaf5-1b18c3ee168d order=137121
2026-09-29T15:14:33.060+08:00  INFO 16396 --- [seckill-system] [OrderListener-1] c.d.seckill.service.AsyncOrderConsumer   : order committed request=75384e3b-a851-3786-a697-ad988ff724bd order=137122
2026-09-29T15:14:33.062+08:00  INFO 16396 --- [seckill-system] [OrderListener-2] c.d.seckill.service.AsyncOrderConsumer   : order committed request=e1d3d7ad-71ce-3f1e-9e99-57d8a8d8d68f order=137123
2026-09-29T15:14:33.071+08:00  INFO 16396 --- [seckill-system] [OrderListener-1] c.d.seckill.service.AsyncOrderConsumer   : order committed request=5bbc537c-fb29-3f80-b7be-48af32938889 order=137124
2026-09-29T15:14:33.071+08:00  INFO 16396 --- [seckill-system] [OrderListener-2] c.d.seckill.service.AsyncOrderConsumer   : order committed request=0569c0c5-62cf-3ddc-b583-d0a83c6667de order=137125
2026-09-29T15:14:33.081+08:00  INFO 16396 --- [seckill-system] [OrderListener-1] c.d.seckill.service.AsyncOrderConsumer   : order committed request=a72314d2-dd75-3e1c-a321-d400e13793b3 order=137126
2026-09-29T15:14:33.082+08:00  INFO 16396 --- [seckill-system] [OrderListener-2] c.d.seckill.service.AsyncOrderConsumer   : order committed request=169ea83b-03d8-3187-a4a0-d12407b5b499 order=137127
2026-09-29T15:14:33.093+08:00  INFO 16396 --- [seckill-system] [OrderListener-1] c.d.seckill.service.AsyncOrderConsumer   : order committed request=f4b417f8-82e8-3205-81e2-ae9406a4c07f order=137128
2026-09-29T15:14:33.094+08:00  INFO 16396 --- [seckill-system] [OrderListener-2] c.d.seckill.service.AsyncOrderConsumer   : order committed request=8dad5c23-d736-3a76-b861-da2d272555c9 order=137129
2026-09-29T15:14:33.109+08:00  INFO 16396 --- [seckill-system] [OrderListener-1] c.d.seckill.service.AsyncOrderConsumer   : order committed request=6cd6dda5-9e43-320d-a0b9-201a7607b5ca order=137130
2026-09-29T15:14:33.112+08:00  INFO 16396 --- [seckill-system] [OrderListener-2] c.d.seckill.service.AsyncOrderConsumer   : order committed request=4cd7e5bf-a3d1-304e-af08-3a04da915ad3 order=137131
2026-09-29T15:14:33.122+08:00  INFO 16396 --- [seckill-system] [OrderListener-1] c.d.seckill.service.AsyncOrderConsumer   : order committed request=14ea2de2-0421-33bf-8dc5-70e3a6439198 order=137132
2026-09-29T15:14:33.126+08:00  INFO 16396 --- [seckill-system] [OrderListener-2] c.d.seckill.service.AsyncOrderConsumer   : order committed request=579c41d9-74a2-35d4-9039-19997c347452 order=137133
2026-09-29T15:14:33.133+08:00  INFO 16396 --- [seckill-system] [OrderListener-1] c.d.seckill.service.AsyncOrderConsumer   : order committed request=4a11efc6-a9fd-313e-a64d-6c0cf56db662 order=137134
2026-09-29T15:14:33.137+08:00  INFO 16396 --- [seckill-system] [OrderListener-2] c.d.seckill.service.AsyncOrderConsumer   : order committed request=2395590d-ed41-3ac3-8f85-823a55f7a965 order=137135
2026-09-29T15:14:33.144+08:00  INFO 16396 --- [seckill-system] [OrderListener-1] c.d.seckill.service.AsyncOrderConsumer   : order committed request=97eb5437-eff2-3925-b186-634c069ce99c order=137136
2026-09-29T15:14:33.147+08:00  INFO 16396 --- [seckill-system] [OrderListener-2] c.d.seckill.service.AsyncOrderConsumer   : order committed request=742713ca-83e6-3f29-b611-7c4ba4bf79bd order=137137
2026-09-29T15:14:33.155+08:00  INFO 16396 --- [seckill-system] [OrderListener-1] c.d.seckill.service.AsyncOrderConsumer   : order committed request=179a5861-19c6-30f2-8a0c-3871047e0f60 order=137138
2026-09-29T15:14:33.158+08:00  INFO 16396 --- [seckill-system] [OrderListener-2] c.d.seckill.service.AsyncOrderConsumer   : order committed request=aaba41c0-a7f2-33b4-a075-296f0901155f order=137139
2026-09-29T15:14:33.165+08:00  INFO 16396 --- [seckill-system] [OrderListener-1] c.d.seckill.service.AsyncOrderConsumer   : order committed request=691ae562-6b56-3d98-96ad-d37d8124e6f3 order=137140
2026-09-29T15:14:33.169+08:00  INFO 16396 --- [seckill-system] [OrderListener-2] c.d.seckill.service.AsyncOrderConsumer   : order committed request=33d60f61-11d6-3693-9757-9da0685b47b6 order=137141
2026-09-29T15:14:33.176+08:00  INFO 16396 --- [seckill-system] [OrderListener-1] c.d.seckill.service.AsyncOrderConsumer   : order committed request=994bdf98-8e23-3866-b750-369772f2f030 order=137142
2026-09-29T15:14:33.180+08:00  INFO 16396 --- [seckill-system] [OrderListener-2] c.d.seckill.service.AsyncOrderConsumer   : order committed request=83766990-8026-3edf-8ca4-0ca030842527 order=137143
2026-09-29T15:14:33.187+08:00  INFO 16396 --- [seckill-system] [OrderListener-1] c.d.seckill.service.AsyncOrderConsumer   : order committed request=a5190623-3e87-3c8b-8222-b8f7d3109d2a order=137144
2026-09-29T15:14:33.191+08:00  INFO 16396 --- [seckill-system] [OrderListener-2] c.d.seckill.service.AsyncOrderConsumer   : order committed request=80378996-1264-322a-9951-9519a9c0c75b order=137145
2026-09-29T15:14:33.197+08:00  INFO 16396 --- [seckill-system] [OrderListener-1] c.d.seckill.service.AsyncOrderConsumer   : order committed request=2c9ee62e-0fba-3bb5-8a3b-83cec11e10f4 order=137146
2026-09-29T15:14:33.202+08:00  INFO 16396 --- [seckill-system] [OrderListener-2] c.d.seckill.service.AsyncOrderConsumer   : order committed request=b3eadae3-ebd6-3859-88c9-dd0d5fc6a385 order=137147
2026-09-29T15:14:33.208+08:00  INFO 16396 --- [seckill-system] [OrderListener-1] c.d.seckill.service.AsyncOrderConsumer   : order committed request=a64327c1-75a8-385c-bf06-4e37cc7cca87 order=137148
2026-09-29T15:14:33.212+08:00  INFO 16396 --- [seckill-system] [OrderListener-2] c.d.seckill.service.AsyncOrderConsumer   : order committed request=e7b6c47f-8c3e-35e0-8104-2ac9ae521664 order=137149
2026-09-29T15:14:33.218+08:00  INFO 16396 --- [seckill-system] [OrderListener-1] c.d.seckill.service.AsyncOrderConsumer   : order committed request=f9554598-b282-3f4b-9353-6cba4d157922 order=137150
2026-09-29T15:14:33.222+08:00  INFO 16396 --- [seckill-system] [OrderListener-2] c.d.seckill.service.AsyncOrderConsumer   : order committed request=57070a21-0f0e-326b-ad43-47aac4b03c8c order=137151
2026-09-29T15:14:33.227+08:00  INFO 16396 --- [seckill-system] [OrderListener-1] c.d.seckill.service.AsyncOrderConsumer   : order committed request=f523cd5c-f7d2-37de-b634-e25e9f274b36 order=137152
2026-09-29T15:14:33.232+08:00  INFO 16396 --- [seckill-system] [OrderListener-2] c.d.seckill.service.AsyncOrderConsumer   : order committed request=0ec946c9-eb3f-3658-9ec6-da86b9adae91 order=137153
2026-09-29T15:14:33.238+08:00  INFO 16396 --- [seckill-system] [OrderListener-1] c.d.seckill.service.AsyncOrderConsumer   : order committed request=51a731b5-040f-3722-9fdc-3d849088e82e order=137154
2026-09-29T15:14:33.241+08:00  INFO 16396 --- [seckill-system] [OrderListener-2] c.d.seckill.service.AsyncOrderConsumer   : order committed request=5b998372-d932-3e95-a649-b083c99785c1 order=137155
2026-09-29T15:14:33.248+08:00  INFO 16396 --- [seckill-system] [OrderListener-1] c.d.seckill.service.AsyncOrderConsumer   : order committed request=1c4fa14f-f03f-393d-9002-e707bde473c7 order=137156
2026-09-29T15:14:33.251+08:00  INFO 16396 --- [seckill-system] [OrderListener-2] c.d.seckill.service.AsyncOrderConsumer   : order committed request=6a451452-c04e-36ab-99eb-8e8151b0e585 order=137157
2026-09-29T15:14:33.257+08:00  INFO 16396 --- [seckill-system] [OrderListener-1] c.d.seckill.service.AsyncOrderConsumer   : order committed request=054793c5-517f-322f-a7c5-5aed5b53f345 order=137158
2026-09-29T15:14:33.261+08:00  INFO 16396 --- [seckill-system] [OrderListener-2] c.d.seckill.service.AsyncOrderConsumer   : order committed request=829b89d8-7974-30a0-9173-b83b1509e113 order=137159
2026-09-29T15:14:33.267+08:00  INFO 16396 --- [seckill-system] [OrderListener-1] c.d.seckill.service.AsyncOrderConsumer   : order committed request=c253b0b1-35ef-3de1-886b-7cdbba587f7e order=137160
2026-09-29T15:14:33.271+08:00  INFO 16396 --- [seckill-system] [OrderListener-2] c.d.seckill.service.AsyncOrderConsumer   : order committed request=9fe2cef1-3930-30d8-9e82-2c0c68b88079 order=137161
2026-09-29T15:14:33.279+08:00  INFO 16396 --- [seckill-system] [OrderListener-1] c.d.seckill.service.AsyncOrderConsumer   : order committed request=6134f425-f5eb-3fcf-a9d4-ccdee4b1fe5d order=137162
2026-09-29T15:14:33.282+08:00  INFO 16396 --- [seckill-system] [OrderListener-2] c.d.seckill.service.AsyncOrderConsumer   : order committed request=9978073a-cc50-319f-9dad-2d6abdf814e1 order=137163
2026-09-29T15:14:33.291+08:00  INFO 16396 --- [seckill-system] [OrderListener-1] c.d.seckill.service.AsyncOrderConsumer   : order committed request=e89418b6-7c65-3b13-8375-40aaf703b0e1 order=137164
2026-09-29T15:14:33.294+08:00  INFO 16396 --- [seckill-system] [OrderListener-2] c.d.seckill.service.AsyncOrderConsumer   : order committed request=63be55c9-c015-3488-98ae-7f55512bb439 order=137165
2026-09-29T15:14:33.301+08:00  INFO 16396 --- [seckill-system] [OrderListener-1] c.d.seckill.service.AsyncOrderConsumer   : order committed request=fd5f7a0e-a471-3283-bd6f-3c398a79ca82 order=137166
2026-09-29T15:14:33.305+08:00  INFO 16396 --- [seckill-system] [OrderListener-2] c.d.seckill.service.AsyncOrderConsumer   : order committed request=b3cba80f-49d6-3a50-8e13-7990acc0202d order=137167
2026-09-29T15:14:33.330+08:00  INFO 16396 --- [seckill-system] [OrderListener-1] c.d.seckill.service.AsyncOrderConsumer   : order committed request=8ff34a8f-ab5d-322a-b71c-f8b5eddb9c50 order=137168
2026-09-29T15:14:33.330+08:00  INFO 16396 --- [seckill-system] [OrderListener-2] c.d.seckill.service.AsyncOrderConsumer   : order committed request=d98900bf-f964-3e4b-8f53-6164c3a44891 order=137169
2026-09-29T15:14:33.340+08:00  INFO 16396 --- [seckill-system] [OrderListener-1] c.d.seckill.service.AsyncOrderConsumer   : order committed request=4be111b3-6d06-3067-8045-4e73b0e5d5b1 order=137171
2026-09-29T15:14:33.340+08:00  INFO 16396 --- [seckill-system] [OrderListener-2] c.d.seckill.service.AsyncOrderConsumer   : order committed request=587e0906-9667-35c5-b1e9-33c9480df449 order=137170
2026-09-29T15:14:33.351+08:00  INFO 16396 --- [seckill-system] [OrderListener-2] c.d.seckill.service.AsyncOrderConsumer   : order committed request=e28c8d1a-21c2-3e57-a9b0-500d31517748 order=137173
2026-09-29T15:14:33.351+08:00  INFO 16396 --- [seckill-system] [OrderListener-1] c.d.seckill.service.AsyncOrderConsumer   : order committed request=8cd87219-bc26-3cdf-ab2b-a9272a96d461 order=137172
2026-09-29T15:14:33.362+08:00  INFO 16396 --- [seckill-system] [OrderListener-1] c.d.seckill.service.AsyncOrderConsumer   : order committed request=f6d14562-e0a5-3356-8de2-1a0c42847ecd order=137174
2026-09-29T15:14:33.364+08:00  INFO 16396 --- [seckill-system] [OrderListener-2] c.d.seckill.service.AsyncOrderConsumer   : order committed request=5a5d7e8b-9d99-3f1b-b4f0-a65a44e62a86 order=137175
2026-09-29T15:14:33.373+08:00  INFO 16396 --- [seckill-system] [OrderListener-1] c.d.seckill.service.AsyncOrderConsumer   : order committed request=551c4395-f64c-3777-8543-48879287ea37 order=137176
2026-09-29T15:14:33.374+08:00  INFO 16396 --- [seckill-system] [OrderListener-2] c.d.seckill.service.AsyncOrderConsumer   : order committed request=0b35b3a2-6dce-3b05-a394-4199b80faf37 order=137177
2026-09-29T15:14:33.385+08:00  INFO 16396 --- [seckill-system] [OrderListener-1] c.d.seckill.service.AsyncOrderConsumer   : order committed request=774ca9ce-92a5-3f0a-91b0-3ff0eaefc5a2 order=137179
2026-09-29T15:14:33.386+08:00  INFO 16396 --- [seckill-system] [OrderListener-2] c.d.seckill.service.AsyncOrderConsumer   : order committed request=925ba02f-e707-3d6f-b9b2-bd6eb62b9f7e order=137178
2026-09-29T15:14:33.395+08:00  INFO 16396 --- [seckill-system] [OrderListener-1] c.d.seckill.service.AsyncOrderConsumer   : order committed request=ec120c2a-98db-3fc5-9495-7dd70d150329 order=137180
2026-09-29T15:14:33.396+08:00  INFO 16396 --- [seckill-system] [OrderListener-2] c.d.seckill.service.AsyncOrderConsumer   : order committed request=f5e4211f-7dda-340b-af42-19cd064d3f98 order=137181
2026-09-29T15:14:33.406+08:00  INFO 16396 --- [seckill-system] [OrderListener-2] c.d.seckill.service.AsyncOrderConsumer   : order committed request=c2aeef98-68e8-3b0b-83ad-71e6fe2f56bc order=137182
2026-09-29T15:14:33.406+08:00  INFO 16396 --- [seckill-system] [OrderListener-1] c.d.seckill.service.AsyncOrderConsumer   : order committed request=7ce67065-0fca-39db-a7f6-4f1dc6b47e8d order=137183
2026-09-29T15:14:33.417+08:00  INFO 16396 --- [seckill-system] [OrderListener-1] c.d.seckill.service.AsyncOrderConsumer   : order committed request=15671298-8a52-3462-9332-8931c8b9cbe5 order=137184
2026-09-29T15:14:33.418+08:00  INFO 16396 --- [seckill-system] [OrderListener-2] c.d.seckill.service.AsyncOrderConsumer   : order committed request=d7434a40-979f-3ab8-9aa2-c020a73438f6 order=137185
2026-09-29T15:14:33.429+08:00  INFO 16396 --- [seckill-system] [OrderListener-1] c.d.seckill.service.AsyncOrderConsumer   : order committed request=7daacb6c-56c9-3502-abfb-f4efad88957b order=137186
2026-09-29T15:14:33.429+08:00  INFO 16396 --- [seckill-system] [OrderListener-2] c.d.seckill.service.AsyncOrderConsumer   : order committed request=95447359-38a2-37ea-a873-eef8f6251c85 order=137187
2026-09-29T15:14:33.440+08:00  INFO 16396 --- [seckill-system] [OrderListener-1] c.d.seckill.service.AsyncOrderConsumer   : order committed request=d648980a-fff5-3d8c-86dd-e20c0358ca6a order=137189
2026-09-29T15:14:33.441+08:00  INFO 16396 --- [seckill-system] [OrderListener-2] c.d.seckill.service.AsyncOrderConsumer   : order committed request=b5c0e24b-e7b7-3647-9cba-3eadc51d90d6 order=137188
2026-09-29T15:14:33.451+08:00  INFO 16396 --- [seckill-system] [OrderListener-1] c.d.seckill.service.AsyncOrderConsumer   : order committed request=249ac501-a87d-3fff-aaad-0a652ebb135f order=137191
2026-09-29T15:14:33.452+08:00  INFO 16396 --- [seckill-system] [OrderListener-2] c.d.seckill.service.AsyncOrderConsumer   : order committed request=bc41bc72-6e59-31dd-9df7-1c0f42112ace order=137190
2026-09-29T15:14:33.461+08:00  INFO 16396 --- [seckill-system] [OrderListener-2] c.d.seckill.service.AsyncOrderConsumer   : order committed request=83c2853d-ebe7-3f54-8230-ece32ec90f20 order=137193
2026-09-29T15:14:33.462+08:00  INFO 16396 --- [seckill-system] [OrderListener-1] c.d.seckill.service.AsyncOrderConsumer   : order committed request=70c3fd1c-074b-36b3-b637-212652368f06 order=137192
2026-09-29T15:14:33.472+08:00  INFO 16396 --- [seckill-system] [OrderListener-2] c.d.seckill.service.AsyncOrderConsumer   : order committed request=9520f275-4d55-30b1-8aa4-18f6a2b341d9 order=137194
2026-09-29T15:14:33.472+08:00  INFO 16396 --- [seckill-system] [OrderListener-1] c.d.seckill.service.AsyncOrderConsumer   : order committed request=6cdfa070-15a4-35eb-9a12-686da330fdef order=137195
2026-09-29T15:14:33.482+08:00  INFO 16396 --- [seckill-system] [OrderListener-2] c.d.seckill.service.AsyncOrderConsumer   : order committed request=d930d2bb-0cff-35a2-8725-dbd8e6a92aba order=137197
2026-09-29T15:14:33.483+08:00  INFO 16396 --- [seckill-system] [OrderListener-1] c.d.seckill.service.AsyncOrderConsumer   : order committed request=78cde0d5-3e53-375a-8165-1f5db4318624 order=137196
2026-09-29T15:14:33.493+08:00  INFO 16396 --- [seckill-system] [OrderListener-2] c.d.seckill.service.AsyncOrderConsumer   : order committed request=7ee222c2-9f52-3d2e-88cf-de64929b0e97 order=137198
2026-09-29T15:14:33.493+08:00  INFO 16396 --- [seckill-system] [OrderListener-1] c.d.seckill.service.AsyncOrderConsumer   : order committed request=436cfe75-7476-3589-9b9b-f9ee956e69c9 order=137199
2026-09-29T15:14:33.504+08:00  INFO 16396 --- [seckill-system] [OrderListener-2] c.d.seckill.service.AsyncOrderConsumer   : order committed request=c7861fcc-b19d-3ef5-95d4-67d493351221 order=137200
2026-09-29T15:14:33.505+08:00  INFO 16396 --- [seckill-system] [OrderListener-1] c.d.seckill.service.AsyncOrderConsumer   : order committed request=edc33ce8-a098-3d5d-9752-20c912f4cfba order=137201
2026-09-29T15:14:33.515+08:00  INFO 16396 --- [seckill-system] [OrderListener-2] c.d.seckill.service.AsyncOrderConsumer   : order committed request=b92e0105-ce37-39d2-8cd4-b5483c6dd774 order=137202
2026-09-29T15:14:33.515+08:00  INFO 16396 --- [seckill-system] [OrderListener-1] c.d.seckill.service.AsyncOrderConsumer   : order committed request=3c34450e-a973-3c2b-aa05-280776bbf284 order=137203
2026-09-29T15:14:33.526+08:00  INFO 16396 --- [seckill-system] [OrderListener-1] c.d.seckill.service.AsyncOrderConsumer   : order committed request=7fdf5e52-a875-3e66-8509-dcb727e687fd order=137204
2026-09-29T15:14:33.526+08:00  INFO 16396 --- [seckill-system] [OrderListener-2] c.d.seckill.service.AsyncOrderConsumer   : order committed request=3ec931d5-ae6a-3a2a-8a33-e5093bbb3f95 order=137205
2026-09-29T15:14:33.537+08:00  INFO 16396 --- [seckill-system] [OrderListener-1] c.d.seckill.service.AsyncOrderConsumer   : order committed request=6114e375-e943-3428-aec0-afb0dc33024c order=137206
2026-09-29T15:14:33.537+08:00  INFO 16396 --- [seckill-system] [OrderListener-2] c.d.seckill.service.AsyncOrderConsumer   : order committed request=05ef232b-44e6-31aa-88ff-e6bbf5100d3e order=137207
2026-09-29T15:14:33.547+08:00  INFO 16396 --- [seckill-system] [OrderListener-2] c.d.seckill.service.AsyncOrderConsumer   : order committed request=d59547f8-4ae9-3050-bed5-c9537959a231 order=137209
2026-09-29T15:14:33.548+08:00  INFO 16396 --- [seckill-system] [OrderListener-1] c.d.seckill.service.AsyncOrderConsumer   : order committed request=d97191b4-ad78-370d-a605-4797c2086bdb order=137208
2026-09-29T15:14:33.558+08:00  INFO 16396 --- [seckill-system] [OrderListener-2] c.d.seckill.service.AsyncOrderConsumer   : order committed request=36d0408b-6654-3fd2-866f-68d345bf6c51 order=137210
2026-09-29T15:14:33.558+08:00  INFO 16396 --- [seckill-system] [OrderListener-1] c.d.seckill.service.AsyncOrderConsumer   : order committed request=4116db98-8943-3d6b-b634-796e7e661393 order=137211
2026-09-29T15:14:33.568+08:00  INFO 16396 --- [seckill-system] [OrderListener-2] c.d.seckill.service.AsyncOrderConsumer   : order committed request=9ebc35e1-df4b-3818-9340-832782ed680c order=137212
2026-09-29T15:14:33.569+08:00  INFO 16396 --- [seckill-system] [OrderListener-1] c.d.seckill.service.AsyncOrderConsumer   : order committed request=14c8ae20-a6d7-373c-b1f9-8b3fe8745c3d order=137213
2026-09-29T15:14:33.578+08:00  INFO 16396 --- [seckill-system] [OrderListener-2] c.d.seckill.service.AsyncOrderConsumer   : order committed request=b831b109-1354-319e-8d40-149a0e75e27c order=137214
2026-09-29T15:14:33.579+08:00  INFO 16396 --- [seckill-system] [OrderListener-1] c.d.seckill.service.AsyncOrderConsumer   : order committed request=21baef69-82a4-3801-9899-846a8770869a order=137215
2026-09-29T15:14:33.589+08:00  INFO 16396 --- [seckill-system] [OrderListener-2] c.d.seckill.service.AsyncOrderConsumer   : order committed request=e39acd1d-5b5e-3ddb-8e5e-dd014d66fecd order=137217
2026-09-29T15:14:33.589+08:00  INFO 16396 --- [seckill-system] [OrderListener-1] c.d.seckill.service.AsyncOrderConsumer   : order committed request=24609cf7-a9e5-3735-bf48-6bdeb8be723c order=137216
2026-09-29T15:14:33.600+08:00  INFO 16396 --- [seckill-system] [OrderListener-1] c.d.seckill.service.AsyncOrderConsumer   : order committed request=087fb592-bb77-3b6b-9318-bec1cdc2af7f order=137219
2026-09-29T15:14:33.600+08:00  INFO 16396 --- [seckill-system] [OrderListener-2] c.d.seckill.service.AsyncOrderConsumer   : order committed request=047a7bdd-c0b0-36d8-8d86-ddfb535c1afa order=137218
2026-09-29T15:14:33.611+08:00  INFO 16396 --- [seckill-system] [OrderListener-1] c.d.seckill.service.AsyncOrderConsumer   : order committed request=607cccb2-80c9-33a2-86c7-e6efac9c1a36 order=137221
2026-09-29T15:14:33.611+08:00  INFO 16396 --- [seckill-system] [OrderListener-2] c.d.seckill.service.AsyncOrderConsumer   : order committed request=20620015-5fc4-39b0-94af-90a9287c64d2 order=137220
2026-09-29T15:14:33.621+08:00  INFO 16396 --- [seckill-system] [OrderListener-1] c.d.seckill.service.AsyncOrderConsumer   : order committed request=3c3c9fc9-85b3-3143-91a9-49c9e7cf449a order=137223
2026-09-29T15:14:33.622+08:00  INFO 16396 --- [seckill-system] [OrderListener-2] c.d.seckill.service.AsyncOrderConsumer   : order committed request=e5a73835-15c0-3a4b-a6db-b8fbf26b60c8 order=137222
2026-09-29T15:14:33.631+08:00  INFO 16396 --- [seckill-system] [OrderListener-1] c.d.seckill.service.AsyncOrderConsumer   : order committed request=8c277549-60bf-306a-9fed-34031f44b7c4 order=137224
2026-09-29T15:14:33.631+08:00  INFO 16396 --- [seckill-system] [OrderListener-2] c.d.seckill.service.AsyncOrderConsumer   : order committed request=614ec2c6-79ff-395e-abee-a79ffa2c3aa5 order=137225
2026-09-29T15:14:33.641+08:00  INFO 16396 --- [seckill-system] [OrderListener-2] c.d.seckill.service.AsyncOrderConsumer   : order committed request=a739e58b-43aa-3eb3-9ffa-0497fdb5210f order=137227
2026-09-29T15:14:33.641+08:00  INFO 16396 --- [seckill-system] [OrderListener-1] c.d.seckill.service.AsyncOrderConsumer   : order committed request=bb6e3e78-b245-3d80-b07d-86ee6e9ea66a order=137226
2026-09-29T15:14:33.652+08:00  INFO 16396 --- [seckill-system] [OrderListener-2] c.d.seckill.service.AsyncOrderConsumer   : order committed request=5aad20b8-48c7-3e1f-b7c8-44ac0dc39a2b order=137229
2026-09-29T15:14:33.652+08:00  INFO 16396 --- [seckill-system] [OrderListener-1] c.d.seckill.service.AsyncOrderConsumer   : order committed request=2641b75c-e9ff-3167-aa0f-4def9a4c472d order=137228
2026-09-29T15:14:33.662+08:00  INFO 16396 --- [seckill-system] [OrderListener-2] c.d.seckill.service.AsyncOrderConsumer   : order committed request=92387710-6697-390b-9c37-0aa04c80515c order=137230
2026-09-29T15:14:33.662+08:00  INFO 16396 --- [seckill-system] [OrderListener-1] c.d.seckill.service.AsyncOrderConsumer   : order committed request=5de3110b-c2d2-3d06-aae3-4f9893494ae3 order=137231
2026-09-29T15:14:33.672+08:00  INFO 16396 --- [seckill-system] [OrderListener-1] c.d.seckill.service.AsyncOrderConsumer   : order committed request=cfe54a74-20b1-35ab-a33f-0c833aa245b5 order=137233
2026-09-29T15:14:33.673+08:00  INFO 16396 --- [seckill-system] [OrderListener-2] c.d.seckill.service.AsyncOrderConsumer   : order committed request=3d5a7fd3-4e2d-3488-8735-2c2bb819aebf order=137232
2026-09-29T15:14:33.684+08:00  INFO 16396 --- [seckill-system] [OrderListener-1] c.d.seckill.service.AsyncOrderConsumer   : order committed request=707dd095-ebbd-3025-a030-85c68f079791 order=137234
2026-09-29T15:14:33.684+08:00  INFO 16396 --- [seckill-system] [OrderListener-2] c.d.seckill.service.AsyncOrderConsumer   : order committed request=e7550d9a-f55b-3a30-8017-23f07d953436 order=137235
2026-09-29T15:14:33.695+08:00  INFO 16396 --- [seckill-system] [OrderListener-1] c.d.seckill.service.AsyncOrderConsumer   : order committed request=5f67a95c-2bc7-35f9-a9c3-c822c7d66d0a order=137236
2026-09-29T15:14:33.696+08:00  INFO 16396 --- [seckill-system] [OrderListener-2] c.d.seckill.service.AsyncOrderConsumer   : order committed request=c2c8c07c-e5fa-3a88-a1be-8b8bf3b43b35 order=137237
2026-09-29T15:14:33.706+08:00  INFO 16396 --- [seckill-system] [OrderListener-2] c.d.seckill.service.AsyncOrderConsumer   : order committed request=170c932f-224d-3d82-9b10-ad957a793ed4 order=137238
2026-09-29T15:14:33.706+08:00  INFO 16396 --- [seckill-system] [OrderListener-1] c.d.seckill.service.AsyncOrderConsumer   : order committed request=c5277d85-f694-3d3a-904a-b8036ceb3c3a order=137239
2026-09-29T15:14:33.718+08:00  INFO 16396 --- [seckill-system] [OrderListener-2] c.d.seckill.service.AsyncOrderConsumer   : order committed request=b05f6e30-aab0-33e0-974d-ae9f8139f5ac order=137240
2026-09-29T15:14:33.718+08:00  INFO 16396 --- [seckill-system] [OrderListener-1] c.d.seckill.service.AsyncOrderConsumer   : order committed request=75516cad-9a8c-34e7-8edc-22460a3cf172 order=137241
2026-09-29T15:14:33.730+08:00  INFO 16396 --- [seckill-system] [OrderListener-1] c.d.seckill.service.AsyncOrderConsumer   : order committed request=153a6f4c-a64c-3197-b688-f8753b58ccc0 order=137242
2026-09-29T15:14:33.730+08:00  INFO 16396 --- [seckill-system] [OrderListener-2] c.d.seckill.service.AsyncOrderConsumer   : order committed request=c46f5feb-9199-3758-a736-8a642995e0e9 order=137243
2026-09-29T15:14:33.742+08:00  INFO 16396 --- [seckill-system] [OrderListener-2] c.d.seckill.service.AsyncOrderConsumer   : order committed request=8d206691-802f-3d08-972c-2f8d9657665b order=137245
2026-09-29T15:14:33.742+08:00  INFO 16396 --- [seckill-system] [OrderListener-1] c.d.seckill.service.AsyncOrderConsumer   : order committed request=dd8bf115-f08e-306a-b25e-00e168c50830 order=137244
2026-09-29T15:14:33.753+08:00  INFO 16396 --- [seckill-system] [OrderListener-1] c.d.seckill.service.AsyncOrderConsumer   : order committed request=8e5aa372-87b5-3fb7-8796-1f194ed6982d order=137247
2026-09-29T15:14:33.753+08:00  INFO 16396 --- [seckill-system] [OrderListener-2] c.d.seckill.service.AsyncOrderConsumer   : order committed request=1b7938c6-9f4a-3035-8a37-5e586d44b110 order=137246
2026-09-29T15:14:33.764+08:00  INFO 16396 --- [seckill-system] [OrderListener-1] c.d.seckill.service.AsyncOrderConsumer   : order committed request=1cc8695b-e836-30e6-9541-aa6ce65a8581 order=137249
2026-09-29T15:14:33.764+08:00  INFO 16396 --- [seckill-system] [OrderListener-2] c.d.seckill.service.AsyncOrderConsumer   : order committed request=f59e4950-3a64-3982-9b3b-b9e8f5bcdf78 order=137248
2026-09-29T15:14:33.774+08:00  INFO 16396 --- [seckill-system] [OrderListener-2] c.d.seckill.service.AsyncOrderConsumer   : order committed request=3719698e-0501-37b1-b2eb-e9719a605d1f order=137250
2026-09-29T15:14:33.775+08:00  INFO 16396 --- [seckill-system] [OrderListener-1] c.d.seckill.service.AsyncOrderConsumer   : order committed request=3d6d746f-3431-3351-9953-7c72ed4377e2 order=137251
2026-09-29T15:14:33.786+08:00  INFO 16396 --- [seckill-system] [OrderListener-1] c.d.seckill.service.AsyncOrderConsumer   : order committed request=66b5612a-cb47-37c8-979b-f5bde4e76a2d order=137253
2026-09-29T15:14:33.790+08:00  INFO 16396 --- [seckill-system] [OrderListener-2] c.d.seckill.service.AsyncOrderConsumer   : order committed request=d5ec6073-a0d8-3451-853d-dd06344921cb order=137252
2026-09-29T15:14:33.801+08:00  INFO 16396 --- [seckill-system] [OrderListener-1] c.d.seckill.service.AsyncOrderConsumer   : order committed request=d1136e6a-a512-39ca-b6de-a47c5829664f order=137254
2026-09-29T15:14:33.806+08:00  INFO 16396 --- [seckill-system] [OrderListener-2] c.d.seckill.service.AsyncOrderConsumer   : order committed request=a6ed1f7f-f2ad-3b2a-a35c-1e2f61c694c8 order=137255
2026-09-29T15:14:33.812+08:00  INFO 16396 --- [seckill-system] [OrderListener-1] c.d.seckill.service.AsyncOrderConsumer   : order committed request=3dcdb6c5-8567-377c-9872-045f8ac54947 order=137256
2026-09-29T15:14:33.816+08:00  INFO 16396 --- [seckill-system] [OrderListener-2] c.d.seckill.service.AsyncOrderConsumer   : order committed request=67ad1929-d9ba-333b-9065-0faf9599c562 order=137257
2026-09-29T15:14:33.823+08:00  INFO 16396 --- [seckill-system] [OrderListener-1] c.d.seckill.service.AsyncOrderConsumer   : order committed request=e52bcdd0-d439-3a10-95a3-c62c97fab424 order=137258
2026-09-29T15:14:33.826+08:00  INFO 16396 --- [seckill-system] [OrderListener-2] c.d.seckill.service.AsyncOrderConsumer   : order committed request=18c71f66-ddf7-3a98-9e30-1135c12dacf2 order=137259
2026-09-29T15:14:33.834+08:00  INFO 16396 --- [seckill-system] [OrderListener-1] c.d.seckill.service.AsyncOrderConsumer   : order committed request=d66a0ad7-43be-36fa-8cf6-6afe51c44fbe order=137260
2026-09-29T15:14:33.838+08:00  INFO 16396 --- [seckill-system] [OrderListener-2] c.d.seckill.service.AsyncOrderConsumer   : order committed request=a6119c91-89a4-386d-8844-36245fcbab81 order=137261
2026-09-29T15:14:33.846+08:00  INFO 16396 --- [seckill-system] [OrderListener-1] c.d.seckill.service.AsyncOrderConsumer   : order committed request=01e0114a-d21e-39cd-abda-22cbbc2aad68 order=137262
2026-09-29T15:14:33.850+08:00  INFO 16396 --- [seckill-system] [OrderListener-2] c.d.seckill.service.AsyncOrderConsumer   : order committed request=1afb7d8e-c6a6-31da-826d-f3598e414ee3 order=137263
2026-09-29T15:14:33.859+08:00  INFO 16396 --- [seckill-system] [OrderListener-1] c.d.seckill.service.AsyncOrderConsumer   : order committed request=696c4075-edfe-3823-b848-c7808ed5695c order=137264
2026-09-29T15:14:33.861+08:00  INFO 16396 --- [seckill-system] [OrderListener-2] c.d.seckill.service.AsyncOrderConsumer   : order committed request=68f422fb-bed7-3646-a7d0-7b7bb8a9b14b order=137265
2026-09-29T15:14:33.872+08:00  INFO 16396 --- [seckill-system] [OrderListener-1] c.d.seckill.service.AsyncOrderConsumer   : order committed request=50b082af-c8a8-394d-b2f2-b65ebfe8579a order=137266
2026-09-29T15:14:33.872+08:00  INFO 16396 --- [seckill-system] [OrderListener-2] c.d.seckill.service.AsyncOrderConsumer   : order committed request=7835901c-b130-3b40-8816-14ae05ae391b order=137267
2026-09-29T15:14:33.884+08:00  INFO 16396 --- [seckill-system] [OrderListener-2] c.d.seckill.service.AsyncOrderConsumer   : order committed request=455de842-a224-3d6c-b165-8057f46b345a order=137269
2026-09-29T15:14:33.884+08:00  INFO 16396 --- [seckill-system] [OrderListener-1] c.d.seckill.service.AsyncOrderConsumer   : order committed request=70b98632-08cc-3c85-8c1b-5056c5541ea8 order=137268
2026-09-29T15:14:33.895+08:00  INFO 16396 --- [seckill-system] [OrderListener-2] c.d.seckill.service.AsyncOrderConsumer   : order committed request=3cbc0797-fcc2-349c-8507-057f2ae491ae order=137271
2026-09-29T15:14:33.895+08:00  INFO 16396 --- [seckill-system] [OrderListener-1] c.d.seckill.service.AsyncOrderConsumer   : order committed request=89170c13-563f-3028-af31-607ef33f89ec order=137270
2026-09-29T15:14:33.906+08:00  INFO 16396 --- [seckill-system] [OrderListener-2] c.d.seckill.service.AsyncOrderConsumer   : order committed request=9e4177a3-6ab1-35bf-be1c-100e9a9f5dda order=137273
2026-09-29T15:14:33.906+08:00  INFO 16396 --- [seckill-system] [OrderListener-1] c.d.seckill.service.AsyncOrderConsumer   : order committed request=d790985a-aa2d-31bf-9012-891abbe5ca7e order=137272
2026-09-29T15:14:33.916+08:00  INFO 16396 --- [seckill-system] [OrderListener-1] c.d.seckill.service.AsyncOrderConsumer   : order committed request=029331bf-7cbc-3106-bd97-4a3113f0e6c8 order=137274
2026-09-29T15:14:33.918+08:00  INFO 16396 --- [seckill-system] [OrderListener-2] c.d.seckill.service.AsyncOrderConsumer   : order committed request=c56af638-6853-3c03-a953-9252e31ac95d order=137275
2026-09-29T15:14:33.927+08:00  INFO 16396 --- [seckill-system] [OrderListener-1] c.d.seckill.service.AsyncOrderConsumer   : order committed request=f311b4c9-45a8-3e1c-9e72-23afda3aa5e8 order=137276
2026-09-29T15:14:33.928+08:00  INFO 16396 --- [seckill-system] [OrderListener-2] c.d.seckill.service.AsyncOrderConsumer   : order committed request=9e992cfb-d9ec-3c11-86a1-bcc3601adec2 order=137277
2026-09-29T15:14:33.939+08:00  INFO 16396 --- [seckill-system] [OrderListener-1] c.d.seckill.service.AsyncOrderConsumer   : order committed request=befa6a18-a26c-35c4-9a38-22cf14e0091b order=137278
2026-09-29T15:14:33.939+08:00  INFO 16396 --- [seckill-system] [OrderListener-2] c.d.seckill.service.AsyncOrderConsumer   : order committed request=f8b3b03a-354a-377d-93d0-52d1a08e59a7 order=137279
2026-09-29T15:14:33.950+08:00  INFO 16396 --- [seckill-system] [OrderListener-1] c.d.seckill.service.AsyncOrderConsumer   : order committed request=73e76086-b6cd-3d4f-8660-0f0e052bc698 order=137280
2026-09-29T15:14:33.950+08:00  INFO 16396 --- [seckill-system] [OrderListener-2] c.d.seckill.service.AsyncOrderConsumer   : order committed request=66fe91bf-dc78-3e03-b644-31ccbc3b52e8 order=137281
2026-09-29T15:14:33.961+08:00  INFO 16396 --- [seckill-system] [OrderListener-2] c.d.seckill.service.AsyncOrderConsumer   : order committed request=e9eef9a0-ed6b-345b-a1a9-7d1c2112c571 order=137282
2026-09-29T15:14:33.961+08:00  INFO 16396 --- [seckill-system] [OrderListener-1] c.d.seckill.service.AsyncOrderConsumer   : order committed request=8d8b95ff-9e3d-300a-96f1-1561364bd15a order=137283
2026-09-29T15:14:33.972+08:00  INFO 16396 --- [seckill-system] [OrderListener-2] c.d.seckill.service.AsyncOrderConsumer   : order committed request=ebda3114-4111-33d5-b2c9-3d1d056e20f7 order=137285
2026-09-29T15:14:33.973+08:00  INFO 16396 --- [seckill-system] [OrderListener-1] c.d.seckill.service.AsyncOrderConsumer   : order committed request=0c8c9677-d861-3adf-b5b2-374bc687ac5d order=137284
2026-09-29T15:14:33.982+08:00  INFO 16396 --- [seckill-system] [OrderListener-2] c.d.seckill.service.AsyncOrderConsumer   : order committed request=82e2c1ae-9a17-3403-80c1-c6ffd6056aec order=137286
2026-09-29T15:14:33.983+08:00  INFO 16396 --- [seckill-system] [OrderListener-1] c.d.seckill.service.AsyncOrderConsumer   : order committed request=121f6c5a-2b0e-368b-a69d-a9f157348c42 order=137287
2026-09-29T15:14:33.993+08:00  INFO 16396 --- [seckill-system] [OrderListener-2] c.d.seckill.service.AsyncOrderConsumer   : order committed request=4e716fe2-dae7-34e8-86f7-257253b2b7b4 order=137288
2026-09-29T15:14:33.994+08:00  INFO 16396 --- [seckill-system] [OrderListener-1] c.d.seckill.service.AsyncOrderConsumer   : order committed request=c6913835-d06f-3506-8e0d-c8ecfef8d2d6 order=137289
2026-09-29T15:14:34.003+08:00  INFO 16396 --- [seckill-system] [OrderListener-2] c.d.seckill.service.AsyncOrderConsumer   : order committed request=a7aa9c5b-8ea3-3e5a-8373-0e8003e2a5a3 order=137290
2026-09-29T15:14:34.004+08:00  INFO 16396 --- [seckill-system] [OrderListener-1] c.d.seckill.service.AsyncOrderConsumer   : order committed request=46c7a3e5-d06d-30bf-91f2-83841a8df633 order=137291
2026-09-29T15:14:34.014+08:00  INFO 16396 --- [seckill-system] [OrderListener-1] c.d.seckill.service.AsyncOrderConsumer   : order committed request=86982aab-a4fc-3e79-9ce3-17ae45faf8a5 order=137292
2026-09-29T15:14:34.015+08:00  INFO 16396 --- [seckill-system] [OrderListener-2] c.d.seckill.service.AsyncOrderConsumer   : order committed request=ac331792-1e6a-3242-b5d8-bd062d3e370f order=137293
2026-09-29T15:14:34.025+08:00  INFO 16396 --- [seckill-system] [OrderListener-2] c.d.seckill.service.AsyncOrderConsumer   : order committed request=f688b058-d5ee-3496-8242-aa1762cb0654 order=137295
2026-09-29T15:14:34.025+08:00  INFO 16396 --- [seckill-system] [OrderListener-1] c.d.seckill.service.AsyncOrderConsumer   : order committed request=81301ebe-c2ea-37a5-85bb-4a43630ec049 order=137294
2026-09-29T15:14:34.035+08:00  INFO 16396 --- [seckill-system] [OrderListener-2] c.d.seckill.service.AsyncOrderConsumer   : order committed request=25659009-3781-3ba7-b230-fcdcd378197e order=137296
2026-09-29T15:14:34.035+08:00  INFO 16396 --- [seckill-system] [OrderListener-1] c.d.seckill.service.AsyncOrderConsumer   : order committed request=b7e0e04a-292f-381e-b0d1-9e559270acef order=137297
2026-09-29T15:14:34.047+08:00  INFO 16396 --- [seckill-system] [OrderListener-2] c.d.seckill.service.AsyncOrderConsumer   : order committed request=a46cf922-705f-3ba9-a71a-80568bb1ae74 order=137299
2026-09-29T15:14:34.047+08:00  INFO 16396 --- [seckill-system] [OrderListener-1] c.d.seckill.service.AsyncOrderConsumer   : order committed request=2887ced3-76ab-3a27-b360-dce69fee63e5 order=137298
2026-09-29T15:14:34.060+08:00  INFO 16396 --- [seckill-system] [OrderListener-1] c.d.seckill.service.AsyncOrderConsumer   : order committed request=e826c127-90d3-31e5-9195-48c4b32983ff order=137300
2026-09-29T15:14:34.060+08:00  INFO 16396 --- [seckill-system] [OrderListener-2] c.d.seckill.service.AsyncOrderConsumer   : order committed request=a68741db-27ee-3ab5-bf8e-b1dd89d2e5e9 order=137301
2026-09-29T15:14:34.072+08:00  INFO 16396 --- [seckill-system] [OrderListener-2] c.d.seckill.service.AsyncOrderConsumer   : order committed request=6b6760fc-c03e-39f8-9abe-fd5bb0801cd2 order=137302
2026-09-29T15:14:34.072+08:00  INFO 16396 --- [seckill-system] [OrderListener-1] c.d.seckill.service.AsyncOrderConsumer   : order committed request=dfa586fd-16d2-3d8d-a34e-13584492c431 order=137303
2026-09-29T15:14:34.084+08:00  INFO 16396 --- [seckill-system] [OrderListener-2] c.d.seckill.service.AsyncOrderConsumer   : order committed request=8a87b1b3-3a2a-3581-be93-1cac02a923e0 order=137304
2026-09-29T15:14:34.084+08:00  INFO 16396 --- [seckill-system] [OrderListener-1] c.d.seckill.service.AsyncOrderConsumer   : order committed request=be573171-db95-311d-a045-c19b8ae81982 order=137305
2026-09-29T15:14:34.096+08:00  INFO 16396 --- [seckill-system] [OrderListener-1] c.d.seckill.service.AsyncOrderConsumer   : order committed request=af13dc21-9958-3886-aba0-7e28bfffb06b order=137306
2026-09-29T15:14:34.096+08:00  INFO 16396 --- [seckill-system] [OrderListener-2] c.d.seckill.service.AsyncOrderConsumer   : order committed request=c13d761c-8c8b-37e6-9e9a-a263e2e6f66e order=137307
2026-09-29T15:14:34.107+08:00  INFO 16396 --- [seckill-system] [OrderListener-1] c.d.seckill.service.AsyncOrderConsumer   : order committed request=0032c3a4-15c7-3009-aa0b-c94b3834a352 order=137308
2026-09-29T15:14:34.107+08:00  INFO 16396 --- [seckill-system] [OrderListener-2] c.d.seckill.service.AsyncOrderConsumer   : order committed request=f3c1c94f-fd34-3883-852f-12c600c575bb order=137309
2026-09-29T15:14:34.118+08:00  INFO 16396 --- [seckill-system] [OrderListener-1] c.d.seckill.service.AsyncOrderConsumer   : order committed request=f8a60369-6436-3ceb-8ae2-1404515ad7a8 order=137310
2026-09-29T15:14:34.118+08:00  INFO 16396 --- [seckill-system] [OrderListener-2] c.d.seckill.service.AsyncOrderConsumer   : order committed request=9c2db4ee-2ef8-3b22-a130-42241347a235 order=137311
2026-09-29T15:14:34.131+08:00  INFO 16396 --- [seckill-system] [OrderListener-1] c.d.seckill.service.AsyncOrderConsumer   : order committed request=bb7c4277-cf85-32e1-8e8e-3ef896aa5929 order=137313
2026-09-29T15:14:34.132+08:00  INFO 16396 --- [seckill-system] [OrderListener-2] c.d.seckill.service.AsyncOrderConsumer   : order committed request=ccf2a70e-668a-3eea-bb91-98a9626cecca order=137312
2026-09-29T15:14:34.143+08:00  INFO 16396 --- [seckill-system] [OrderListener-2] c.d.seckill.service.AsyncOrderConsumer   : order committed request=9e551120-c443-3d5a-b10a-1c92bff47142 order=137314
2026-09-29T15:14:34.144+08:00  INFO 16396 --- [seckill-system] [OrderListener-1] c.d.seckill.service.AsyncOrderConsumer   : order committed request=7a10a3e2-88e5-376f-a662-3248b79a9ba6 order=137315
2026-09-29T15:14:34.155+08:00  INFO 16396 --- [seckill-system] [OrderListener-2] c.d.seckill.service.AsyncOrderConsumer   : order committed request=25bbdce6-e370-38cc-8f29-23e1464fc82d order=137316
2026-09-29T15:14:34.155+08:00  INFO 16396 --- [seckill-system] [OrderListener-1] c.d.seckill.service.AsyncOrderConsumer   : order committed request=136c0fad-dfd3-3ac4-aa4f-b4668edffe8a order=137317
2026-09-29T15:14:34.166+08:00  INFO 16396 --- [seckill-system] [OrderListener-2] c.d.seckill.service.AsyncOrderConsumer   : order committed request=09f54740-2107-3669-a49c-19f08ee706c5 order=137318
2026-09-29T15:14:34.166+08:00  INFO 16396 --- [seckill-system] [OrderListener-1] c.d.seckill.service.AsyncOrderConsumer   : order committed request=e644120c-6d12-3c14-bd87-27bfd3ba64f2 order=137319
2026-09-29T15:14:34.175+08:00  INFO 16396 --- [seckill-system] [OrderListener-2] c.d.seckill.service.AsyncOrderConsumer   : order committed request=d21f2644-9b4b-3287-9c23-5d1c3e70ee21 order=137321
2026-09-29T15:14:34.175+08:00  INFO 16396 --- [seckill-system] [OrderListener-1] c.d.seckill.service.AsyncOrderConsumer   : order committed request=fbcec58f-0b68-3542-87b5-933d13bee286 order=137320
2026-09-29T15:14:34.185+08:00  INFO 16396 --- [seckill-system] [OrderListener-1] c.d.seckill.service.AsyncOrderConsumer   : order committed request=0791c7f4-39ea-3100-aa8d-41dbf589aeac order=137323
2026-09-29T15:14:34.186+08:00  INFO 16396 --- [seckill-system] [OrderListener-2] c.d.seckill.service.AsyncOrderConsumer   : order committed request=38295234-8450-34b5-a18e-298333244d32 order=137322
2026-09-29T15:14:34.195+08:00  INFO 16396 --- [seckill-system] [OrderListener-1] c.d.seckill.service.AsyncOrderConsumer   : order committed request=262768d3-f8b2-3405-a05c-7e8702cb5fd2 order=137324
2026-09-29T15:14:34.195+08:00  INFO 16396 --- [seckill-system] [OrderListener-2] c.d.seckill.service.AsyncOrderConsumer   : order committed request=6a53df79-f8ef-3bda-a785-555b65038c42 order=137325
2026-09-29T15:14:34.205+08:00  INFO 16396 --- [seckill-system] [OrderListener-2] c.d.seckill.service.AsyncOrderConsumer   : order committed request=4a58f9d8-d7b2-3ff9-ba8b-67eebeb69351 order=137326
2026-09-29T15:14:34.206+08:00  INFO 16396 --- [seckill-system] [OrderListener-1] c.d.seckill.service.AsyncOrderConsumer   : order committed request=4cbe5d55-0947-31b7-9273-442cd1ca91de order=137327
2026-09-29T15:14:34.215+08:00  INFO 16396 --- [seckill-system] [OrderListener-2] c.d.seckill.service.AsyncOrderConsumer   : order committed request=d1c0f7e9-9e51-30a8-b25d-a2b317a52074 order=137328
2026-09-29T15:14:34.216+08:00  INFO 16396 --- [seckill-system] [OrderListener-1] c.d.seckill.service.AsyncOrderConsumer   : order committed request=92a329b0-c07b-333b-be8d-4bd78aa4ca9c order=137329
2026-09-29T15:14:34.224+08:00  INFO 16396 --- [seckill-system] [OrderListener-2] c.d.seckill.service.AsyncOrderConsumer   : order committed request=bdff7f8a-2871-3c42-bb62-609f7469c0bd order=137330
2026-09-29T15:14:34.224+08:00  INFO 16396 --- [seckill-system] [OrderListener-1] c.d.seckill.service.AsyncOrderConsumer   : order committed request=dce2c99a-9b73-3576-9ed7-c0abca1c1880 order=137331
2026-09-29T15:14:34.234+08:00  INFO 16396 --- [seckill-system] [OrderListener-1] c.d.seckill.service.AsyncOrderConsumer   : order committed request=e2d0563e-b548-371a-8d0a-33704557da07 order=137333
2026-09-29T15:14:34.234+08:00  INFO 16396 --- [seckill-system] [OrderListener-2] c.d.seckill.service.AsyncOrderConsumer   : order committed request=0be1333b-9463-3d20-a80c-ea2d16911faa order=137332
2026-09-29T15:14:34.243+08:00  INFO 16396 --- [seckill-system] [OrderListener-1] c.d.seckill.service.AsyncOrderConsumer   : order committed request=3a85b335-156e-358a-a75d-efb17ff3f979 order=137335
2026-09-29T15:14:34.243+08:00  INFO 16396 --- [seckill-system] [OrderListener-2] c.d.seckill.service.AsyncOrderConsumer   : order committed request=44c16bde-aaf2-3c40-b63c-d1784bcc7e69 order=137334
2026-09-29T15:14:34.257+08:00  INFO 16396 --- [seckill-system] [OrderListener-1] c.d.seckill.service.AsyncOrderConsumer   : order committed request=3a1f3cbb-6614-39fb-8e85-3746bcea8b09 order=137336
2026-09-29T15:14:34.259+08:00  INFO 16396 --- [seckill-system] [OrderListener-2] c.d.seckill.service.AsyncOrderConsumer   : order committed request=ae69a074-bd49-3250-ac21-79f603dd92ff order=137337
2026-09-29T15:14:34.266+08:00  INFO 16396 --- [seckill-system] [OrderListener-1] c.d.seckill.service.AsyncOrderConsumer   : order committed request=c9ebd5bb-09dc-3c16-8823-af76774123ff order=137338
2026-09-29T15:14:34.267+08:00  INFO 16396 --- [seckill-system] [OrderListener-2] c.d.seckill.service.AsyncOrderConsumer   : order committed request=5b6f57c6-9102-3da8-981f-2df1c1a1af5a order=137339
2026-09-29T15:14:34.277+08:00  INFO 16396 --- [seckill-system] [OrderListener-1] c.d.seckill.service.AsyncOrderConsumer   : order committed request=8f85c51c-3c30-3562-b99d-3ea20b27819f order=137340
2026-09-29T15:14:34.277+08:00  INFO 16396 --- [seckill-system] [OrderListener-2] c.d.seckill.service.AsyncOrderConsumer   : order committed request=b5066a1c-e990-38d6-b4bb-ccbed40f3d36 order=137341
2026-09-29T15:14:34.287+08:00  INFO 16396 --- [seckill-system] [OrderListener-2] c.d.seckill.service.AsyncOrderConsumer   : order committed request=93c4e374-5d94-3ec3-9fb7-0efc7170919f order=137342
2026-09-29T15:14:34.287+08:00  INFO 16396 --- [seckill-system] [OrderListener-1] c.d.seckill.service.AsyncOrderConsumer   : order committed request=54b0f0bd-b824-3962-92ef-a3d5e38d8d6e order=137343
2026-09-29T15:14:34.297+08:00  INFO 16396 --- [seckill-system] [OrderListener-2] c.d.seckill.service.AsyncOrderConsumer   : order committed request=fdec86e8-1639-3c66-967b-8768a6caf06a order=137344
2026-09-29T15:14:34.297+08:00  INFO 16396 --- [seckill-system] [OrderListener-1] c.d.seckill.service.AsyncOrderConsumer   : order committed request=e03629a8-a84e-3e37-abfe-8acf0a0caa10 order=137345
2026-09-29T15:14:34.308+08:00  INFO 16396 --- [seckill-system] [OrderListener-1] c.d.seckill.service.AsyncOrderConsumer   : order committed request=0eac8540-beb5-3d59-bff1-4015943c9c79 order=137346
2026-09-29T15:14:34.308+08:00  INFO 16396 --- [seckill-system] [OrderListener-2] c.d.seckill.service.AsyncOrderConsumer   : order committed request=9479f391-8e10-323c-8fb0-b832ff50848a order=137347
2026-09-29T15:14:34.318+08:00  INFO 16396 --- [seckill-system] [OrderListener-1] c.d.seckill.service.AsyncOrderConsumer   : order committed request=0e80b2d4-24e0-338b-a2bb-c9545ce9e520 order=137349
2026-09-29T15:14:34.318+08:00  INFO 16396 --- [seckill-system] [OrderListener-2] c.d.seckill.service.AsyncOrderConsumer   : order committed request=a9182bbd-50f5-3be3-b3c7-242d5bb894ed order=137348
2026-09-29T15:14:34.329+08:00  INFO 16396 --- [seckill-system] [OrderListener-1] c.d.seckill.service.AsyncOrderConsumer   : order committed request=36b66ebc-b84a-3fdf-9f93-a531df898b8a order=137351
2026-09-29T15:14:34.329+08:00  INFO 16396 --- [seckill-system] [OrderListener-2] c.d.seckill.service.AsyncOrderConsumer   : order committed request=e6a42356-ee3e-3b29-87ec-9a4499645744 order=137350
2026-09-29T15:14:34.340+08:00  INFO 16396 --- [seckill-system] [OrderListener-2] c.d.seckill.service.AsyncOrderConsumer   : order committed request=6aa24cfe-a8bd-3b10-ac8b-ebde196e2299 order=137353
2026-09-29T15:14:34.340+08:00  INFO 16396 --- [seckill-system] [OrderListener-1] c.d.seckill.service.AsyncOrderConsumer   : order committed request=4bc46ec8-c083-351f-a19d-cd58883ab26a order=137352
2026-09-29T15:14:34.350+08:00  INFO 16396 --- [seckill-system] [OrderListener-2] c.d.seckill.service.AsyncOrderConsumer   : order committed request=47d060ea-2d4f-338e-9969-c734b6b4f802 order=137354
2026-09-29T15:14:34.350+08:00  INFO 16396 --- [seckill-system] [OrderListener-1] c.d.seckill.service.AsyncOrderConsumer   : order committed request=cafeb208-fe88-3628-8b6f-db48d6c18545 order=137355
2026-09-29T15:14:34.361+08:00  INFO 16396 --- [seckill-system] [OrderListener-1] c.d.seckill.service.AsyncOrderConsumer   : order committed request=fd87f845-db42-377c-8dfe-43ad10695e47 order=137357
2026-09-29T15:14:34.361+08:00  INFO 16396 --- [seckill-system] [OrderListener-2] c.d.seckill.service.AsyncOrderConsumer   : order committed request=822221dc-b319-32b3-bdb0-3efe8005d8dd order=137356
2026-09-29T15:14:34.371+08:00  INFO 16396 --- [seckill-system] [OrderListener-1] c.d.seckill.service.AsyncOrderConsumer   : order committed request=91fe70e8-c7a7-3241-80b1-9bf2ea5fef88 order=137358
2026-09-29T15:14:34.372+08:00  INFO 16396 --- [seckill-system] [OrderListener-2] c.d.seckill.service.AsyncOrderConsumer   : order committed request=d1cd56af-0674-3e8b-9e69-e22f2d5a8967 order=137359
2026-09-29T15:14:34.382+08:00  INFO 16396 --- [seckill-system] [OrderListener-2] c.d.seckill.service.AsyncOrderConsumer   : order committed request=5beba1f8-ceaa-37d0-bd59-0c6ddc1640d9 order=137360
2026-09-29T15:14:34.382+08:00  INFO 16396 --- [seckill-system] [OrderListener-1] c.d.seckill.service.AsyncOrderConsumer   : order committed request=10f3e97f-2669-388f-bd14-5bb7270978d4 order=137361
2026-09-29T15:14:34.392+08:00  INFO 16396 --- [seckill-system] [OrderListener-1] c.d.seckill.service.AsyncOrderConsumer   : order committed request=3558b2f8-db65-33e0-b46f-89333d592d23 order=137363
2026-09-29T15:14:34.392+08:00  INFO 16396 --- [seckill-system] [OrderListener-2] c.d.seckill.service.AsyncOrderConsumer   : order committed request=f3a207a8-baaf-3a8e-bb0e-55882c610af0 order=137362
2026-09-29T15:14:34.402+08:00  INFO 16396 --- [seckill-system] [OrderListener-2] c.d.seckill.service.AsyncOrderConsumer   : order committed request=321e5203-042f-3db3-a82c-fa03caa72867 order=137364
2026-09-29T15:14:34.403+08:00  INFO 16396 --- [seckill-system] [OrderListener-1] c.d.seckill.service.AsyncOrderConsumer   : order committed request=17db20bb-bf81-35d4-b46c-439b0db9d4fc order=137365
2026-09-29T15:14:34.412+08:00  INFO 16396 --- [seckill-system] [OrderListener-2] c.d.seckill.service.AsyncOrderConsumer   : order committed request=3ea0c8b7-a7d9-3ebb-99f0-d6d3a473b597 order=137366
2026-09-29T15:14:34.413+08:00  INFO 16396 --- [seckill-system] [OrderListener-1] c.d.seckill.service.AsyncOrderConsumer   : order committed request=ad3f7ba7-4b0b-35b2-ac35-58cc98d19668 order=137367
2026-09-29T15:14:34.423+08:00  INFO 16396 --- [seckill-system] [OrderListener-2] c.d.seckill.service.AsyncOrderConsumer   : order committed request=700364e4-d621-38d7-a79f-b89a25c495c1 order=137369
2026-09-29T15:14:34.423+08:00  INFO 16396 --- [seckill-system] [OrderListener-1] c.d.seckill.service.AsyncOrderConsumer   : order committed request=15835e5c-57c4-329e-96fe-f0393f0af5e8 order=137368
2026-09-29T15:14:34.434+08:00  INFO 16396 --- [seckill-system] [OrderListener-2] c.d.seckill.service.AsyncOrderConsumer   : order committed request=42c94db4-4c77-3a40-b5a9-fb6c7cfe1673 order=137370
2026-09-29T15:14:34.434+08:00  INFO 16396 --- [seckill-system] [OrderListener-1] c.d.seckill.service.AsyncOrderConsumer   : order committed request=7c8753c3-bd19-3f5b-a7cb-3b56a5aeb7d2 order=137371
2026-09-29T15:14:34.444+08:00  INFO 16396 --- [seckill-system] [OrderListener-1] c.d.seckill.service.AsyncOrderConsumer   : order committed request=54de9018-c8e3-30e0-bef5-65ecdfa42ea1 order=137372
2026-09-29T15:14:34.444+08:00  INFO 16396 --- [seckill-system] [OrderListener-2] c.d.seckill.service.AsyncOrderConsumer   : order committed request=32ae2153-ed66-3626-89d7-7418c5d65301 order=137373
2026-09-29T15:14:34.455+08:00  INFO 16396 --- [seckill-system] [OrderListener-1] c.d.seckill.service.AsyncOrderConsumer   : order committed request=b1fa80cd-b5ef-3454-bd92-398847316f0f order=137374
2026-09-29T15:14:34.456+08:00  INFO 16396 --- [seckill-system] [OrderListener-2] c.d.seckill.service.AsyncOrderConsumer   : order committed request=029cbc37-ba29-3fca-8307-238ea2afad0c order=137375
2026-09-29T15:14:34.466+08:00  INFO 16396 --- [seckill-system] [OrderListener-1] c.d.seckill.service.AsyncOrderConsumer   : order committed request=8262169b-2cec-384c-846d-e17b85a0df64 order=137376
2026-09-29T15:14:34.466+08:00  INFO 16396 --- [seckill-system] [OrderListener-2] c.d.seckill.service.AsyncOrderConsumer   : order committed request=5a101961-85a1-3ca1-ad53-fa83955e3bf2 order=137377
2026-09-29T15:14:34.477+08:00  INFO 16396 --- [seckill-system] [OrderListener-2] c.d.seckill.service.AsyncOrderConsumer   : order committed request=b455697a-f4d3-386a-abf0-5723215cb990 order=137378
2026-09-29T15:14:34.477+08:00  INFO 16396 --- [seckill-system] [OrderListener-1] c.d.seckill.service.AsyncOrderConsumer   : order committed request=70da3347-c963-39ee-82eb-28a1b5fbf469 order=137379
2026-09-29T15:14:34.487+08:00  INFO 16396 --- [seckill-system] [OrderListener-2] c.d.seckill.service.AsyncOrderConsumer   : order committed request=67ba78cb-abf9-3d0b-8111-9e658725d01f order=137381
2026-09-29T15:14:34.487+08:00  INFO 16396 --- [seckill-system] [OrderListener-1] c.d.seckill.service.AsyncOrderConsumer   : order committed request=bdbe7f57-dcfb-3963-abdd-8d5ed68ff929 order=137380
2026-09-29T15:14:34.497+08:00  INFO 16396 --- [seckill-system] [OrderListener-1] c.d.seckill.service.AsyncOrderConsumer   : order committed request=9a4a7b42-d799-3791-8789-3e7bf82fcf32 order=137383
2026-09-29T15:14:34.497+08:00  INFO 16396 --- [seckill-system] [OrderListener-2] c.d.seckill.service.AsyncOrderConsumer   : order committed request=fa8176c4-c328-35e5-b322-e00f7f8afcb3 order=137382
2026-09-29T15:14:34.508+08:00  INFO 16396 --- [seckill-system] [OrderListener-1] c.d.seckill.service.AsyncOrderConsumer   : order committed request=db220374-6748-3ccf-88fa-06139ceb08b5 order=137384
2026-09-29T15:14:34.508+08:00  INFO 16396 --- [seckill-system] [OrderListener-2] c.d.seckill.service.AsyncOrderConsumer   : order committed request=9feded05-1b1e-35c5-b764-74d5f8985a6a order=137385
2026-09-29T15:14:34.518+08:00  INFO 16396 --- [seckill-system] [OrderListener-1] c.d.seckill.service.AsyncOrderConsumer   : order committed request=cf83a402-db18-315a-813a-190cdb3b0863 order=137386
2026-09-29T15:14:34.519+08:00  INFO 16396 --- [seckill-system] [OrderListener-2] c.d.seckill.service.AsyncOrderConsumer   : order committed request=ec3ffc5c-07cd-3807-bb41-6496534a7f97 order=137387
2026-09-29T15:14:34.531+08:00  INFO 16396 --- [seckill-system] [OrderListener-2] c.d.seckill.service.AsyncOrderConsumer   : order committed request=2d243708-a357-3796-a5e0-0b4d877f1bd6 order=137389
2026-09-29T15:14:34.531+08:00  INFO 16396 --- [seckill-system] [OrderListener-1] c.d.seckill.service.AsyncOrderConsumer   : order committed request=291814a7-dee7-3a80-a577-41582d685765 order=137388
2026-09-29T15:14:34.542+08:00  INFO 16396 --- [seckill-system] [OrderListener-1] c.d.seckill.service.AsyncOrderConsumer   : order committed request=e4691163-b119-37e7-9114-aa927866b37d order=137390
2026-09-29T15:14:34.543+08:00  INFO 16396 --- [seckill-system] [OrderListener-2] c.d.seckill.service.AsyncOrderConsumer   : order committed request=ab355c01-81d7-3071-b852-926bd6ac3ecc order=137391
2026-09-29T15:14:34.553+08:00  INFO 16396 --- [seckill-system] [OrderListener-2] c.d.seckill.service.AsyncOrderConsumer   : order committed request=fce50f1f-11cd-3a2a-9d3a-86304b1a3a58 order=137392
2026-09-29T15:14:34.553+08:00  INFO 16396 --- [seckill-system] [OrderListener-1] c.d.seckill.service.AsyncOrderConsumer   : order committed request=a58cb733-799b-3b6d-ae00-4a5a618b02fc order=137393
2026-09-29T15:14:34.563+08:00  INFO 16396 --- [seckill-system] [OrderListener-2] c.d.seckill.service.AsyncOrderConsumer   : order committed request=af7e06a1-ea97-344d-92d2-057d80d4be40 order=137394
2026-09-29T15:14:34.563+08:00  INFO 16396 --- [seckill-system] [OrderListener-1] c.d.seckill.service.AsyncOrderConsumer   : order committed request=0de13662-3018-3700-9814-1004f3df17f0 order=137395
2026-09-29T15:14:34.574+08:00  INFO 16396 --- [seckill-system] [OrderListener-1] c.d.seckill.service.AsyncOrderConsumer   : order committed request=dabfb813-b58c-3879-a34e-aac26bcc3091 order=137396
2026-09-29T15:14:34.574+08:00  INFO 16396 --- [seckill-system] [OrderListener-2] c.d.seckill.service.AsyncOrderConsumer   : order committed request=dc582428-a878-39a3-861c-ea83fff7af37 order=137397
2026-09-29T15:14:34.585+08:00  INFO 16396 --- [seckill-system] [OrderListener-1] c.d.seckill.service.AsyncOrderConsumer   : order committed request=cbd2d950-4d78-3620-8764-7ecf6f79ca3b order=137399
2026-09-29T15:14:34.586+08:00  INFO 16396 --- [seckill-system] [OrderListener-2] c.d.seckill.service.AsyncOrderConsumer   : order committed request=0402b125-9ccd-3e11-b0a2-4a869c983bd2 order=137398
2026-09-29T15:14:34.597+08:00  INFO 16396 --- [seckill-system] [OrderListener-2] c.d.seckill.service.AsyncOrderConsumer   : order committed request=4def4e65-050b-3d8e-9a57-f3d4a5477e37 order=137400
2026-09-29T15:14:34.598+08:00  INFO 16396 --- [seckill-system] [OrderListener-1] c.d.seckill.service.AsyncOrderConsumer   : order committed request=d78eedd7-a627-350b-a31b-58f931d8781a order=137401
2026-09-29T15:14:34.609+08:00  INFO 16396 --- [seckill-system] [OrderListener-2] c.d.seckill.service.AsyncOrderConsumer   : order committed request=a90755cb-e80d-3b04-8134-f4593d60081b order=137402
2026-09-29T15:14:34.609+08:00  INFO 16396 --- [seckill-system] [OrderListener-1] c.d.seckill.service.AsyncOrderConsumer   : order committed request=02147a6d-dab1-3ad0-8905-361172770e46 order=137403
2026-09-29T15:14:34.620+08:00  INFO 16396 --- [seckill-system] [OrderListener-1] c.d.seckill.service.AsyncOrderConsumer   : order committed request=211f5e8b-f94c-3817-bc07-d660c20ab44b order=137404
2026-09-29T15:14:34.620+08:00  INFO 16396 --- [seckill-system] [OrderListener-2] c.d.seckill.service.AsyncOrderConsumer   : order committed request=2cf3666d-dbbd-35f2-89d8-f60c5a6cbea2 order=137405
2026-09-29T15:14:34.630+08:00  INFO 16396 --- [seckill-system] [OrderListener-1] c.d.seckill.service.AsyncOrderConsumer   : order committed request=f330baef-6585-3cc1-bef3-83c88f6bbc0a order=137407
2026-09-29T15:14:34.631+08:00  INFO 16396 --- [seckill-system] [OrderListener-2] c.d.seckill.service.AsyncOrderConsumer   : order committed request=6fdcbda0-a340-3199-977f-3cde80c6aae9 order=137406
2026-09-29T15:14:34.641+08:00  INFO 16396 --- [seckill-system] [OrderListener-2] c.d.seckill.service.AsyncOrderConsumer   : order committed request=470a32f8-1949-320c-bf32-1d93958e295e order=137408
2026-09-29T15:14:34.641+08:00  INFO 16396 --- [seckill-system] [OrderListener-1] c.d.seckill.service.AsyncOrderConsumer   : order committed request=1194ffcf-2a30-31a0-86ce-90945610ba87 order=137409
2026-09-29T15:14:34.651+08:00  INFO 16396 --- [seckill-system] [OrderListener-1] c.d.seckill.service.AsyncOrderConsumer   : order committed request=9c494601-1704-3c28-84eb-f1423b948945 order=137411
2026-09-29T15:14:34.651+08:00  INFO 16396 --- [seckill-system] [OrderListener-2] c.d.seckill.service.AsyncOrderConsumer   : order committed request=5ebd0c39-a2f9-3472-873b-f08441f234ec order=137410
2026-09-29T15:14:34.663+08:00  INFO 16396 --- [seckill-system] [OrderListener-1] c.d.seckill.service.AsyncOrderConsumer   : order committed request=faa126bb-af5d-335f-a159-6f61b1ba79b0 order=137412
2026-09-29T15:14:34.663+08:00  INFO 16396 --- [seckill-system] [OrderListener-2] c.d.seckill.service.AsyncOrderConsumer   : order committed request=bfafb882-0d2a-3783-b67b-3aa5091d62d0 order=137413
2026-09-29T15:14:34.673+08:00  INFO 16396 --- [seckill-system] [OrderListener-2] c.d.seckill.service.AsyncOrderConsumer   : order committed request=01614c65-f8d1-3037-a80a-488c5013a4de order=137415
2026-09-29T15:14:34.674+08:00  INFO 16396 --- [seckill-system] [OrderListener-1] c.d.seckill.service.AsyncOrderConsumer   : order committed request=f88c546e-e948-323c-8d0b-8d7a0394e824 order=137414
2026-09-29T15:14:34.685+08:00  INFO 16396 --- [seckill-system] [OrderListener-2] c.d.seckill.service.AsyncOrderConsumer   : order committed request=80af5a28-ced3-3e72-bf72-345d1bcb69b0 order=137417
2026-09-29T15:14:34.685+08:00  INFO 16396 --- [seckill-system] [OrderListener-1] c.d.seckill.service.AsyncOrderConsumer   : order committed request=0bd0fdb5-b1b1-3b8b-8aaa-34927094f686 order=137416
2026-09-29T15:14:34.695+08:00  INFO 16396 --- [seckill-system] [OrderListener-2] c.d.seckill.service.AsyncOrderConsumer   : order committed request=8b01042a-30f1-338d-8889-0fc6743fc30d order=137418
2026-09-29T15:14:34.696+08:00  INFO 16396 --- [seckill-system] [OrderListener-1] c.d.seckill.service.AsyncOrderConsumer   : order committed request=b24002e1-1fcd-3e30-b6d7-90c9bcfa8b1f order=137419
2026-09-29T15:14:34.706+08:00  INFO 16396 --- [seckill-system] [OrderListener-1] c.d.seckill.service.AsyncOrderConsumer   : order committed request=61d6b785-dcb1-32d8-8602-bebc8530045b order=137420
2026-09-29T15:14:34.707+08:00  INFO 16396 --- [seckill-system] [OrderListener-2] c.d.seckill.service.AsyncOrderConsumer   : order committed request=2ad648f7-968b-32bd-ae70-b8dee03052b0 order=137421
2026-09-29T15:14:34.716+08:00  INFO 16396 --- [seckill-system] [OrderListener-2] c.d.seckill.service.AsyncOrderConsumer   : order committed request=8c78d36c-8351-3042-bd41-2df7abb3ed6f order=137422
2026-09-29T15:14:34.716+08:00  INFO 16396 --- [seckill-system] [OrderListener-1] c.d.seckill.service.AsyncOrderConsumer   : order committed request=e4b9d8cd-0d14-3077-b36e-65fc9f587c5c order=137423
2026-09-29T15:14:34.726+08:00  INFO 16396 --- [seckill-system] [OrderListener-1] c.d.seckill.service.AsyncOrderConsumer   : order committed request=519fa7cd-360c-3439-8d4f-02e43ee1efdc order=137424
2026-09-29T15:14:34.727+08:00  INFO 16396 --- [seckill-system] [OrderListener-2] c.d.seckill.service.AsyncOrderConsumer   : order committed request=b693c2ba-ef7d-3e01-9ab9-cf3e851b0bd5 order=137425
2026-09-29T15:14:34.739+08:00  INFO 16396 --- [seckill-system] [OrderListener-1] c.d.seckill.service.AsyncOrderConsumer   : order committed request=24fbcce9-7c4d-3264-b00a-dd64f81fb82a order=137426
2026-09-29T15:14:34.741+08:00  INFO 16396 --- [seckill-system] [OrderListener-2] c.d.seckill.service.AsyncOrderConsumer   : order committed request=4f6d6c6d-f6b6-33a8-8384-44fd2901e5a8 order=137427
2026-09-29T15:14:34.749+08:00  INFO 16396 --- [seckill-system] [OrderListener-1] c.d.seckill.service.AsyncOrderConsumer   : order committed request=84122775-a8a2-3c4c-8f01-6a4f2aa8cea7 order=137428
2026-09-29T15:14:34.750+08:00  INFO 16396 --- [seckill-system] [OrderListener-2] c.d.seckill.service.AsyncOrderConsumer   : order committed request=67908db7-869c-3c81-8ca8-2d71cdb36457 order=137429
2026-09-29T15:14:34.760+08:00  INFO 16396 --- [seckill-system] [OrderListener-1] c.d.seckill.service.AsyncOrderConsumer   : order committed request=54dcf6fe-084a-3a12-94d8-2217d7d40e98 order=137430
2026-09-29T15:14:34.761+08:00  INFO 16396 --- [seckill-system] [OrderListener-2] c.d.seckill.service.AsyncOrderConsumer   : order committed request=f4a08abe-372e-3151-be26-487187f77ffe order=137431
2026-09-29T15:14:34.770+08:00  INFO 16396 --- [seckill-system] [OrderListener-1] c.d.seckill.service.AsyncOrderConsumer   : order committed request=241c2745-bcd0-3171-a568-1027090a72fe order=137432
2026-09-29T15:14:34.771+08:00  INFO 16396 --- [seckill-system] [OrderListener-2] c.d.seckill.service.AsyncOrderConsumer   : order committed request=b761d52f-5ced-36a8-b091-75c5cf9d496e order=137433
2026-09-29T15:14:34.780+08:00  INFO 16396 --- [seckill-system] [OrderListener-1] c.d.seckill.service.AsyncOrderConsumer   : order committed request=c52f57e2-f931-3529-a419-82d3c3ae3347 order=137434
2026-09-29T15:14:34.781+08:00  INFO 16396 --- [seckill-system] [OrderListener-2] c.d.seckill.service.AsyncOrderConsumer   : order committed request=60c2324e-2985-30a1-a0da-0fc3bb7877ee order=137435
2026-09-29T15:14:34.790+08:00  INFO 16396 --- [seckill-system] [OrderListener-1] c.d.seckill.service.AsyncOrderConsumer   : order committed request=37c1f287-85dd-3528-8b6e-bfd77f124e59 order=137436
2026-09-29T15:14:34.790+08:00  INFO 16396 --- [seckill-system] [OrderListener-2] c.d.seckill.service.AsyncOrderConsumer   : order committed request=4a72b10e-ae26-3c2d-b155-1afac9e582f9 order=137437
2026-09-29T15:14:34.801+08:00  INFO 16396 --- [seckill-system] [OrderListener-2] c.d.seckill.service.AsyncOrderConsumer   : order committed request=6c872c20-b5c2-3db1-ad7b-0dc7ae6da052 order=137439
2026-09-29T15:14:34.801+08:00  INFO 16396 --- [seckill-system] [OrderListener-1] c.d.seckill.service.AsyncOrderConsumer   : order committed request=eb5d7ba4-e188-3f07-a9bf-303ff834a644 order=137438
2026-09-29T15:14:34.811+08:00  INFO 16396 --- [seckill-system] [OrderListener-1] c.d.seckill.service.AsyncOrderConsumer   : order committed request=760b8dc3-f271-3f23-998f-8a6654aabf2b order=137440
2026-09-29T15:14:34.811+08:00  INFO 16396 --- [seckill-system] [OrderListener-2] c.d.seckill.service.AsyncOrderConsumer   : order committed request=e2e8f42c-58f9-3c80-a4b2-6579b53d16d0 order=137441
2026-09-29T15:14:34.821+08:00  INFO 16396 --- [seckill-system] [OrderListener-1] c.d.seckill.service.AsyncOrderConsumer   : order committed request=cbf72ea3-4110-3579-8f59-ae82cedd764a order=137442
2026-09-29T15:14:34.822+08:00  INFO 16396 --- [seckill-system] [OrderListener-2] c.d.seckill.service.AsyncOrderConsumer   : order committed request=ca829ed5-5a07-374b-9033-384ca221c2eb order=137443
2026-09-29T15:14:34.831+08:00  INFO 16396 --- [seckill-system] [OrderListener-1] c.d.seckill.service.AsyncOrderConsumer   : order committed request=12fb89ca-1c86-3a6e-9a35-382f135ee716 order=137444
2026-09-29T15:14:34.831+08:00  INFO 16396 --- [seckill-system] [OrderListener-2] c.d.seckill.service.AsyncOrderConsumer   : order committed request=c3ed5391-58af-3cff-9b5a-241f24c04672 order=137445
2026-09-29T15:14:34.841+08:00  INFO 16396 --- [seckill-system] [OrderListener-1] c.d.seckill.service.AsyncOrderConsumer   : order committed request=0d8f63e0-b10e-37af-9b19-30dbd5173c1a order=137446
2026-09-29T15:14:34.842+08:00  INFO 16396 --- [seckill-system] [OrderListener-2] c.d.seckill.service.AsyncOrderConsumer   : order committed request=450a3fa1-5c13-3804-bf82-43dbf1a9bc17 order=137447
2026-09-29T15:14:34.852+08:00  INFO 16396 --- [seckill-system] [OrderListener-1] c.d.seckill.service.AsyncOrderConsumer   : order committed request=568aa7b3-6fe9-3dbc-b654-a78163c03a44 order=137448
2026-09-29T15:14:34.853+08:00  INFO 16396 --- [seckill-system] [OrderListener-2] c.d.seckill.service.AsyncOrderConsumer   : order committed request=486d4a45-110e-3b5a-9e4b-bf597090517e order=137449
2026-09-29T15:14:34.862+08:00  INFO 16396 --- [seckill-system] [OrderListener-1] c.d.seckill.service.AsyncOrderConsumer   : order committed request=976aa92d-2363-31c2-975d-eb4436081119 order=137450
2026-09-29T15:14:34.863+08:00  INFO 16396 --- [seckill-system] [OrderListener-2] c.d.seckill.service.AsyncOrderConsumer   : order committed request=5bc6d45b-07c7-3203-958e-8b94c4e54af9 order=137451
2026-09-29T15:14:34.872+08:00  INFO 16396 --- [seckill-system] [OrderListener-2] c.d.seckill.service.AsyncOrderConsumer   : order committed request=f88f912b-5a0d-3cb3-92bc-fdc2ac78641c order=137452
2026-09-29T15:14:34.872+08:00  INFO 16396 --- [seckill-system] [OrderListener-1] c.d.seckill.service.AsyncOrderConsumer   : order committed request=47ac125c-dd58-370c-a923-0714bb54ebcc order=137453
2026-09-29T15:14:34.881+08:00  INFO 16396 --- [seckill-system] [OrderListener-2] c.d.seckill.service.AsyncOrderConsumer   : order committed request=7569fd61-e2f8-3338-bcbb-1f0bd50c1d9c order=137454
2026-09-29T15:14:34.883+08:00  INFO 16396 --- [seckill-system] [OrderListener-1] c.d.seckill.service.AsyncOrderConsumer   : order committed request=938af660-6995-3ceb-90cd-5daa8e5668ad order=137455
2026-09-29T15:14:34.892+08:00  INFO 16396 --- [seckill-system] [OrderListener-2] c.d.seckill.service.AsyncOrderConsumer   : order committed request=e85c392d-6fab-3222-bb92-87ae2ccc8756 order=137456
2026-09-29T15:14:34.892+08:00  INFO 16396 --- [seckill-system] [OrderListener-1] c.d.seckill.service.AsyncOrderConsumer   : order committed request=f61fa10a-0761-3d18-aaf8-15cab3569f8f order=137457
2026-09-29T15:14:34.903+08:00  INFO 16396 --- [seckill-system] [OrderListener-2] c.d.seckill.service.AsyncOrderConsumer   : order committed request=02d4a535-8988-38f4-939d-b64e0a8bbdcc order=137458
2026-09-29T15:14:34.903+08:00  INFO 16396 --- [seckill-system] [OrderListener-1] c.d.seckill.service.AsyncOrderConsumer   : order committed request=ab429203-48c4-373d-a3b2-1fd9988c4580 order=137459
2026-09-29T15:14:34.912+08:00  INFO 16396 --- [seckill-system] [OrderListener-1] c.d.seckill.service.AsyncOrderConsumer   : order committed request=8c5723c1-15f6-3836-a463-7555d1cbeacf order=137460
2026-09-29T15:14:34.913+08:00  INFO 16396 --- [seckill-system] [OrderListener-2] c.d.seckill.service.AsyncOrderConsumer   : order committed request=db5250a1-146c-384c-8680-7eada05624cc order=137461
2026-09-29T15:14:34.923+08:00  INFO 16396 --- [seckill-system] [OrderListener-2] c.d.seckill.service.AsyncOrderConsumer   : order committed request=f51a15f1-7a34-38aa-b083-977759733f44 order=137462
2026-09-29T15:14:34.923+08:00  INFO 16396 --- [seckill-system] [OrderListener-1] c.d.seckill.service.AsyncOrderConsumer   : order committed request=d886a6f4-e03c-3350-8352-dd2fa7f63b4d order=137463
2026-09-29T15:14:34.933+08:00  INFO 16396 --- [seckill-system] [OrderListener-1] c.d.seckill.service.AsyncOrderConsumer   : order committed request=faf57ec9-8028-3bcf-840e-1a7a123a87e8 order=137465
2026-09-29T15:14:34.933+08:00  INFO 16396 --- [seckill-system] [OrderListener-2] c.d.seckill.service.AsyncOrderConsumer   : order committed request=b9b113f1-5f8d-3823-a394-4b32d00a707e order=137464
2026-09-29T15:14:34.944+08:00  INFO 16396 --- [seckill-system] [OrderListener-1] c.d.seckill.service.AsyncOrderConsumer   : order committed request=a4d34bf2-b0a9-35ee-8a26-c59ba0e66bfd order=137466
2026-09-29T15:14:34.944+08:00  INFO 16396 --- [seckill-system] [OrderListener-2] c.d.seckill.service.AsyncOrderConsumer   : order committed request=f488cee6-5f84-3d39-9b09-00864587885e order=137467
2026-09-29T15:14:34.954+08:00  INFO 16396 --- [seckill-system] [OrderListener-2] c.d.seckill.service.AsyncOrderConsumer   : order committed request=d09967f8-33ca-3ba3-ac6e-b7a794640a89 order=137469
2026-09-29T15:14:34.955+08:00  INFO 16396 --- [seckill-system] [OrderListener-1] c.d.seckill.service.AsyncOrderConsumer   : order committed request=cc424402-19fa-3f4f-97e0-548f49ba457e order=137468
2026-09-29T15:14:34.964+08:00  INFO 16396 --- [seckill-system] [OrderListener-2] c.d.seckill.service.AsyncOrderConsumer   : order committed request=4e3e5057-18e5-319a-83ca-1d1de10693a4 order=137470
2026-09-29T15:14:34.965+08:00  INFO 16396 --- [seckill-system] [OrderListener-1] c.d.seckill.service.AsyncOrderConsumer   : order committed request=62550a89-5911-3fd5-aed9-fff417b266ec order=137471
2026-09-29T15:14:34.975+08:00  INFO 16396 --- [seckill-system] [OrderListener-1] c.d.seckill.service.AsyncOrderConsumer   : order committed request=f08b8ad8-bba3-371e-904d-e59bc1b1e789 order=137473
2026-09-29T15:14:34.975+08:00  INFO 16396 --- [seckill-system] [OrderListener-2] c.d.seckill.service.AsyncOrderConsumer   : order committed request=b29627a2-7738-3c10-9ffa-2e24e43a38f5 order=137472
2026-09-29T15:14:34.989+08:00  INFO 16396 --- [seckill-system] [OrderListener-1] c.d.seckill.service.AsyncOrderConsumer   : order committed request=6a70050e-5505-309e-a07e-44ef0ac8ff4b order=137474
2026-09-29T15:14:34.989+08:00  INFO 16396 --- [seckill-system] [OrderListener-2] c.d.seckill.service.AsyncOrderConsumer   : order committed request=c3590cf0-9169-3948-917e-42f144d8e14f order=137475
2026-09-29T15:14:34.999+08:00  INFO 16396 --- [seckill-system] [OrderListener-1] c.d.seckill.service.AsyncOrderConsumer   : order committed request=8cc4528a-85a8-38d2-aa29-584bdee34cd6 order=137476
2026-09-29T15:14:34.999+08:00  INFO 16396 --- [seckill-system] [OrderListener-2] c.d.seckill.service.AsyncOrderConsumer   : order committed request=51a6f52d-6ae4-3b8e-8448-ef91a50ff861 order=137477
2026-09-29T15:14:35.010+08:00  INFO 16396 --- [seckill-system] [OrderListener-1] c.d.seckill.service.AsyncOrderConsumer   : order committed request=ae1339a2-c352-3c9b-82e1-332e2e4f230c order=137478
2026-09-29T15:14:35.010+08:00  INFO 16396 --- [seckill-system] [OrderListener-2] c.d.seckill.service.AsyncOrderConsumer   : order committed request=44943286-76f6-3d74-a0ce-8834f88eed46 order=137479
2026-09-29T15:14:35.020+08:00  INFO 16396 --- [seckill-system] [OrderListener-2] c.d.seckill.service.AsyncOrderConsumer   : order committed request=6bd62945-9b14-3f33-8c24-8773c32763e4 order=137480
2026-09-29T15:14:35.020+08:00  INFO 16396 --- [seckill-system] [OrderListener-1] c.d.seckill.service.AsyncOrderConsumer   : order committed request=007b68cc-4c94-361b-8e90-875eb4f8ff71 order=137481
2026-09-29T15:14:35.031+08:00  INFO 16396 --- [seckill-system] [OrderListener-2] c.d.seckill.service.AsyncOrderConsumer   : order committed request=6230913d-e8b9-320d-aedd-5cd8632646aa order=137482
2026-09-29T15:14:35.030+08:00  INFO 16396 --- [seckill-system] [OrderListener-1] c.d.seckill.service.AsyncOrderConsumer   : order committed request=a7e7baba-f030-3a21-a1cf-ce05d8aaf163 order=137483
2026-09-29T15:14:35.041+08:00  INFO 16396 --- [seckill-system] [OrderListener-2] c.d.seckill.service.AsyncOrderConsumer   : order committed request=109a5784-3691-3eb0-826c-4c17f1c60ee5 order=137485
2026-09-29T15:14:35.042+08:00  INFO 16396 --- [seckill-system] [OrderListener-1] c.d.seckill.service.AsyncOrderConsumer   : order committed request=46fd47b5-b1ab-38ee-9cf5-69b3b2a181e4 order=137484
2026-09-29T15:14:35.053+08:00  INFO 16396 --- [seckill-system] [OrderListener-1] c.d.seckill.service.AsyncOrderConsumer   : order committed request=bad4dd10-9471-3384-872f-dca5f85b4196 order=137486
2026-09-29T15:14:35.053+08:00  INFO 16396 --- [seckill-system] [OrderListener-2] c.d.seckill.service.AsyncOrderConsumer   : order committed request=db8da6fb-2ef4-352a-a47c-5f0969a48072 order=137487
2026-09-29T15:14:35.062+08:00  INFO 16396 --- [seckill-system] [OrderListener-1] c.d.seckill.service.AsyncOrderConsumer   : order committed request=b7179603-5c55-398e-b74d-6fcfc8b632d5 order=137488
2026-09-29T15:14:35.063+08:00  INFO 16396 --- [seckill-system] [OrderListener-2] c.d.seckill.service.AsyncOrderConsumer   : order committed request=7762d886-8819-3a96-9e87-26021ef98c33 order=137489
2026-09-29T15:14:35.072+08:00  INFO 16396 --- [seckill-system] [OrderListener-2] c.d.seckill.service.AsyncOrderConsumer   : order committed request=3e034556-ccd5-33a0-8857-1e54a581b291 order=137491
2026-09-29T15:14:35.073+08:00  INFO 16396 --- [seckill-system] [OrderListener-1] c.d.seckill.service.AsyncOrderConsumer   : order committed request=6f6537db-f64f-3dc6-bd1c-f7b0eed2b3dc order=137490
2026-09-29T15:14:35.083+08:00  INFO 16396 --- [seckill-system] [OrderListener-2] c.d.seckill.service.AsyncOrderConsumer   : order committed request=c004c3a9-d602-38c3-9cc7-7756260be39a order=137492
2026-09-29T15:14:35.088+08:00  INFO 16396 --- [seckill-system] [OrderListener-1] c.d.seckill.service.AsyncOrderConsumer   : order committed request=4c6f34da-7d78-334e-8c44-1137df6a9b3b order=137493
2026-09-29T15:14:35.093+08:00  INFO 16396 --- [seckill-system] [OrderListener-2] c.d.seckill.service.AsyncOrderConsumer   : order committed request=c47e291a-68ba-3ce3-a45a-79622658fe48 order=137494
2026-09-29T15:14:35.099+08:00  INFO 16396 --- [seckill-system] [OrderListener-1] c.d.seckill.service.AsyncOrderConsumer   : order committed request=14ce3bf7-150a-3201-ac9f-1bc8926a4b2b order=137495
2026-09-29T15:14:35.103+08:00  INFO 16396 --- [seckill-system] [OrderListener-2] c.d.seckill.service.AsyncOrderConsumer   : order committed request=35d309cc-5b23-3e39-be25-968d120d927f order=137496
2026-09-29T15:14:35.109+08:00  INFO 16396 --- [seckill-system] [OrderListener-1] c.d.seckill.service.AsyncOrderConsumer   : order committed request=b009c862-14d9-3144-9f83-915b080a76c7 order=137497
